# Blender 4.0.2
# www.blender.org
mtllib fence.mtl
o fence
v 0.191227 1.698286 3.723973
v 0.189956 1.736554 3.663244
v 0.178584 1.697699 3.663350
v 0.190326 1.725415 3.706142
v 0.183190 1.720163 3.698290
v 0.181386 1.725000 3.663275
v 0.182285 1.697940 3.706217
v 0.190763 1.715066 -3.797079
v 0.192035 1.676670 -3.856184
v 0.179450 1.676417 -3.796973
v 0.191137 1.703753 -3.838916
v 0.184038 1.698572 -3.831219
v 0.183138 1.676423 -3.838841
v 0.182238 1.703573 -3.797048
v 0.199769 1.440733 3.724685
v 0.187126 1.440146 3.664062
v 0.201049 1.402130 3.664168
v 0.190827 1.440387 3.706929
v 0.193205 1.418229 3.699125
v 0.191732 1.413091 3.664137
v 0.200672 1.413506 3.707004
v 0.200533 1.420478 -3.855476
v 0.201796 1.382409 -3.796159
v 0.187947 1.420224 -3.796264
v 0.201428 1.393491 -3.838058
v 0.193999 1.398232 -3.830389
v 0.192529 1.393312 -3.796190
v 0.191635 1.420230 -3.838133
v 0.275978 1.701097 3.723971
v 0.288630 1.701349 3.663348
v 0.274707 1.739365 3.663242
v 0.284922 1.701344 3.706215
v 0.282546 1.723459 3.698288
v 0.284024 1.728404 3.663273
v 0.275078 1.728226 3.706140
v 0.276339 1.679467 -3.856186
v 0.275066 1.717863 -3.797080
v 0.288915 1.680048 -3.796975
v 0.275441 1.706549 -3.838918
v 0.282868 1.701850 -3.831221
v 0.284334 1.706960 -3.797050
v 0.285233 1.679810 -3.838843
v 0.284520 1.443544 3.724684
v 0.285800 1.404941 3.664167
v 0.297172 1.443796 3.664060
v 0.285423 1.416317 3.707003
v 0.292560 1.421525 3.699123
v 0.294370 1.416495 3.664136
v 0.293465 1.443792 3.706928
v 0.284836 1.423274 -3.855477
v 0.297413 1.423855 -3.796266
v 0.286100 1.385205 -3.796160
v 0.293731 1.423617 -3.838135
v 0.292830 1.401510 -3.830390
v 0.294625 1.396698 -3.796192
v 0.285732 1.396287 -3.838060
v 0.189871 1.738152 1.793412
v 0.192027 1.723520 -0.066609
v 0.190635 1.720197 -1.926662
v 0.182112 1.708707 -1.926631
v 0.183458 1.711966 -0.066578
v 0.181301 1.726598 1.793444
v 0.179324 1.681556 -1.926556
v 0.180655 1.684665 -0.066503
v 0.178498 1.699297 1.793519
v 0.201666 1.387614 -1.925742
v 0.203120 1.389096 -0.065684
v 0.201187 1.396964 1.794356
v 0.191871 1.407925 1.794325
v 0.193803 1.400057 -0.065715
v 0.192400 1.398514 -1.925773
v 0.187265 1.434980 1.794250
v 0.189197 1.427112 -0.065790
v 0.187820 1.425420 -1.925848
v 0.297261 1.429050 -1.925850
v 0.299244 1.430762 -0.065792
v 0.297107 1.444799 1.794231
v 0.294262 1.418767 1.794302
v 0.296441 1.403462 -0.065717
v 0.294473 1.401900 -1.925775
v 0.285674 1.407738 1.794332
v 0.287871 1.391907 -0.065686
v 0.285951 1.390409 -1.925744
v 0.274919 1.722993 -1.926663
v 0.276778 1.726331 -0.066611
v 0.274886 1.733000 1.793433
v 0.284185 1.722565 1.793462
v 0.286095 1.715370 -0.066580
v 0.284185 1.712093 -1.926633
v 0.288749 1.696778 1.793534
v 0.290701 1.688315 -0.066505
v 0.288765 1.685186 -1.926558
v -0.147504 -0.012807 -3.052496
v -0.147504 0.031218 -3.008471
v -0.191529 0.031218 -3.052496
v -0.147504 0.000087 -3.021366
v -0.172922 0.005800 -3.027078
v -0.178634 0.031218 -3.021366
v -0.178634 0.000087 -3.052496
v -0.139878 3.991424 -3.018373
v -0.139878 4.033174 -3.060122
v -0.181627 3.991424 -3.060122
v -0.139878 4.020945 -3.030601
v -0.163982 4.015528 -3.036018
v -0.169399 4.020945 -3.060122
v -0.169399 3.991424 -3.030601
v -0.147504 -0.012807 -3.347504
v -0.191529 0.031218 -3.347504
v -0.147504 0.031218 -3.391529
v -0.178634 0.000087 -3.347504
v -0.172922 0.005800 -3.372922
v -0.178634 0.031218 -3.378635
v -0.147504 0.000087 -3.378634
v -0.139878 4.033173 -3.339879
v -0.139878 3.991424 -3.381628
v -0.181627 3.991424 -3.339879
v -0.139878 4.020945 -3.369400
v -0.163982 4.015528 -3.363982
v -0.169399 3.991424 -3.369400
v -0.169399 4.020945 -3.339879
v 0.147504 -0.012807 -3.052496
v 0.191529 0.031218 -3.052496
v 0.147504 0.031218 -3.008471
v 0.178634 0.000087 -3.052496
v 0.172922 0.005800 -3.027079
v 0.178634 0.031218 -3.021366
v 0.147504 0.000087 -3.021366
v 0.139878 4.033173 -3.060122
v 0.139878 3.991424 -3.018373
v 0.181627 3.991424 -3.060122
v 0.139878 4.020945 -3.030601
v 0.163982 4.015528 -3.036018
v 0.169399 3.991424 -3.030601
v 0.169399 4.020945 -3.060122
v 0.147504 -0.012807 -3.347504
v 0.147504 0.031218 -3.391529
v 0.191529 0.031218 -3.347504
v 0.147504 0.000087 -3.378635
v 0.172922 0.005800 -3.372922
v 0.178634 0.031218 -3.378635
v 0.178634 0.000087 -3.347504
v 0.139878 4.033173 -3.339879
v 0.181627 3.991424 -3.339879
v 0.139878 3.991424 -3.381628
v 0.169399 4.020945 -3.339879
v 0.163982 4.015528 -3.363982
v 0.169399 3.991424 -3.369400
v 0.139878 4.020945 -3.369399
v -0.147504 1.012237 -3.000723
v -0.141579 1.993256 -3.011662
v -0.146693 2.974275 -3.009525
v -0.177652 2.974275 -3.022349
v -0.172709 1.993256 -3.024556
v -0.178634 1.012237 -3.013618
v -0.190475 2.974276 -3.053308
v -0.185604 1.993256 -3.055686
v -0.191529 1.012237 -3.044748
v -0.146693 2.974275 -3.390476
v -0.141579 1.993256 -3.394720
v -0.147504 1.012237 -3.391529
v -0.178634 1.012237 -3.378635
v -0.172709 1.993256 -3.381825
v -0.177652 2.974275 -3.377652
v -0.191529 1.012237 -3.347504
v -0.185604 1.993256 -3.350695
v -0.190475 2.974275 -3.346693
v 0.190475 2.974275 -3.346693
v 0.197454 1.993256 -3.350695
v 0.191529 1.012237 -3.340439
v 0.178634 1.012237 -3.370116
v 0.184559 1.993256 -3.381825
v 0.177652 2.974275 -3.377652
v 0.147504 1.012237 -3.382408
v 0.153429 1.993256 -3.394720
v 0.146693 2.974275 -3.390476
v 0.146693 2.974275 -3.009525
v 0.153429 1.993256 -3.011662
v 0.147504 1.012237 -3.009844
v 0.178634 1.012237 -3.022137
v 0.184559 1.993256 -3.024556
v 0.177652 2.974275 -3.022349
v 0.191529 1.012237 -3.051814
v 0.197454 1.993256 -3.055686
v 0.190475 2.974275 -3.053308
v -0.139394 -0.011421 3.339394
v -0.139394 0.030183 3.380998
v -0.180998 0.030183 3.339394
v -0.139394 0.000764 3.368812
v -0.163414 0.006163 3.363414
v -0.168812 0.030183 3.368812
v -0.168812 0.000765 3.339394
v -0.147504 3.917870 3.391529
v -0.147504 3.961895 3.347504
v -0.191529 3.917870 3.347504
v -0.147504 3.949000 3.378634
v -0.172922 3.943288 3.372922
v -0.178634 3.949000 3.347504
v -0.178634 3.917870 3.378634
v -0.139394 -0.011421 3.060606
v -0.180998 0.030183 3.060606
v -0.139394 0.030183 3.019002
v -0.168812 0.000764 3.060606
v -0.163414 0.006163 3.036586
v -0.168812 0.030183 3.031188
v -0.139394 0.000764 3.031188
v -0.147504 3.961894 3.052496
v -0.147504 3.917870 3.008471
v -0.191529 3.917870 3.052496
v -0.147504 3.949000 3.021366
v -0.172922 3.943288 3.027078
v -0.178634 3.917870 3.021366
v -0.178634 3.949000 3.052496
v 0.139394 -0.011421 3.339394
v 0.180998 0.030183 3.339394
v 0.139394 0.030183 3.380998
v 0.168812 0.000765 3.339394
v 0.163414 0.006163 3.363414
v 0.168812 0.030183 3.368812
v 0.139394 0.000765 3.368812
v 0.147504 3.961895 3.347504
v 0.147504 3.917870 3.391529
v 0.191529 3.917870 3.347504
v 0.147504 3.949000 3.378634
v 0.172922 3.943287 3.372922
v 0.178634 3.917870 3.378634
v 0.178634 3.949000 3.347504
v 0.139394 -0.011421 3.060606
v 0.139394 0.030183 3.019002
v 0.180998 0.030183 3.060606
v 0.139394 0.000765 3.031188
v 0.163414 0.006163 3.036586
v 0.168812 0.030183 3.031188
v 0.168812 0.000765 3.060606
v 0.147504 3.961895 3.052496
v 0.191529 3.917870 3.052496
v 0.147504 3.917870 3.008471
v 0.178634 3.949000 3.052496
v 0.172922 3.943288 3.027078
v 0.178634 3.917870 3.021365
v 0.147504 3.949000 3.021365
v -0.147504 1.012237 3.391529
v -0.142796 1.993256 3.382403
v -0.147504 2.974275 3.391529
v -0.178634 2.974275 3.378634
v -0.174769 1.993256 3.369159
v -0.178634 1.012237 3.378634
v -0.191529 2.974275 3.347504
v -0.188013 1.993256 3.337185
v -0.191529 1.012237 3.347504
v -0.147504 2.966072 3.018954
v -0.136324 1.993256 3.022989
v -0.134216 1.012237 3.008471
v -0.165081 1.012237 3.021366
v -0.165094 1.993256 3.034906
v -0.178634 2.966072 3.031848
v -0.177865 1.012237 3.052496
v -0.177011 1.993256 3.063676
v -0.191529 2.966072 3.062979
v 0.191529 2.966072 3.062979
v 0.177011 1.993256 3.063677
v 0.201919 1.012237 3.052496
v 0.189135 1.012237 3.021366
v 0.165094 1.993256 3.034906
v 0.178634 2.966072 3.031848
v 0.158271 1.012237 3.008471
v 0.136324 1.993256 3.022989
v 0.147504 2.966072 3.018954
v 0.147504 2.974275 3.391529
v 0.151500 1.993256 3.385040
v 0.147504 1.012237 3.391529
v 0.178634 1.012237 3.378634
v 0.183473 1.993256 3.371796
v 0.178634 2.974275 3.378634
v 0.191529 1.012237 3.347504
v 0.196717 1.993256 3.339823
v 0.191529 2.974275 3.347504
v 0.193671 3.281784 -3.792134
v 0.193671 3.242309 -3.732169
v 0.180397 3.280760 -3.731519
v 0.193671 3.254295 -3.774840
v 0.186007 3.259151 -3.766891
v 0.184285 3.253571 -3.731979
v 0.184285 3.281484 -3.774380
v 0.193905 3.117181 3.727135
v 0.193905 3.154429 3.786984
v 0.180702 3.155429 3.727781
v 0.193905 3.127677 3.769187
v 0.186282 3.132770 3.761589
v 0.184569 3.154722 3.769644
v 0.184569 3.128384 3.727324
v 0.193671 3.539443 -3.787781
v 0.180397 3.538418 -3.727167
v 0.193671 3.576869 -3.726517
v 0.184285 3.539143 -3.770028
v 0.186007 3.561209 -3.761788
v 0.184285 3.565607 -3.726708
v 0.193671 3.566331 -3.769568
v 0.193905 3.410728 3.791314
v 0.193905 3.449976 3.732757
v 0.180702 3.411728 3.732111
v 0.193905 3.438066 3.774430
v 0.186282 3.433233 3.766665
v 0.184569 3.438773 3.732568
v 0.184569 3.411021 3.773973
v 0.282618 3.281784 -3.792134
v 0.295892 3.280760 -3.731519
v 0.282618 3.242309 -3.732169
v 0.292004 3.281484 -3.774380
v 0.290282 3.259151 -3.766891
v 0.292004 3.253571 -3.731979
v 0.282618 3.254295 -3.774840
v 0.282383 3.154429 3.786984
v 0.282383 3.117181 3.727135
v 0.295587 3.155429 3.727781
v 0.282383 3.127677 3.769187
v 0.290007 3.132770 3.761589
v 0.291720 3.128384 3.727324
v 0.291720 3.154722 3.769644
v 0.282618 3.539443 -3.787782
v 0.282618 3.576869 -3.726517
v 0.295892 3.538418 -3.727167
v 0.282618 3.566331 -3.769568
v 0.290282 3.561209 -3.761788
v 0.292004 3.565608 -3.726708
v 0.292004 3.539143 -3.770028
v 0.282383 3.410728 3.791314
v 0.295587 3.411728 3.732111
v 0.282383 3.449975 3.732757
v 0.291720 3.411021 3.773973
v 0.290007 3.433233 3.766665
v 0.291720 3.438773 3.732568
v 0.282383 3.438066 3.774430
v 0.193671 3.203959 -1.862730
v 0.195457 3.182095 -0.002779
v 0.193915 3.148811 1.856979
v 0.184581 3.160011 1.857168
v 0.186071 3.193357 -0.002589
v 0.184285 3.215221 -1.862540
v 0.180714 3.187051 1.857625
v 0.182183 3.220546 -0.002129
v 0.180397 3.242410 -1.862080
v 0.193915 3.481532 1.862600
v 0.195457 3.516656 0.002873
v 0.193671 3.545287 -1.856964
v 0.184285 3.534025 -1.857154
v 0.186071 3.505394 0.002683
v 0.184581 3.470331 1.862411
v 0.180397 3.506836 -1.857613
v 0.182183 3.478205 0.002223
v 0.180714 3.443292 1.861954
v 0.295574 3.443292 1.861954
v 0.297432 3.472645 0.002129
v 0.295892 3.500665 -1.857718
v 0.292004 3.526585 -1.857280
v 0.293712 3.498660 0.002569
v 0.291708 3.470331 1.862411
v 0.282618 3.537321 -1.857098
v 0.284731 3.509436 0.002751
v 0.282374 3.481532 1.862600
v 0.282374 3.148811 1.856979
v 0.284731 3.189315 -0.002657
v 0.282618 3.211925 -1.862595
v 0.292004 3.222661 -1.862414
v 0.293712 3.200090 -0.002475
v 0.291708 3.160011 1.857168
v 0.295892 3.248581 -1.861976
v 0.297432 3.226106 -0.002035
v 0.295574 3.187051 1.857625
v 0.290787 1.651445 3.263637
v 0.290995 1.644989 3.257179
v 0.291266 1.636555 3.253683
v 0.291413 1.631991 3.253233
v 0.291560 1.627426 3.253683
v 0.291831 1.618992 3.257179
v 0.291163 1.654954 3.272163
v 0.291675 1.653638 3.267856
v 0.292176 1.651489 3.263887
v 0.292649 1.648592 3.260408
v 0.293074 1.645056 3.257552
v 0.293435 1.641019 3.255431
v 0.293719 1.636634 3.254124
v 0.293913 1.632071 3.253683
v 0.294012 1.627505 3.254124
v 0.294011 1.623111 3.255431
v 0.293910 1.619059 3.257552
v 0.293713 1.615503 3.260408
v 0.293428 1.612581 3.263887
v 0.293065 1.610405 3.267856
v 0.292639 1.609059 3.272163
v 0.291632 1.654969 3.272423
v 0.292595 1.653667 3.268366
v 0.293512 1.651532 3.264627
v 0.294349 1.648646 3.261350
v 0.295073 1.645121 3.258660
v 0.295657 1.641090 3.256661
v 0.296077 1.636710 3.255431
v 0.296318 1.632148 3.255015
v 0.296371 1.627581 3.255431
v 0.296233 1.623183 3.256661
v 0.295909 1.619123 3.258660
v 0.295413 1.615558 3.261350
v 0.294764 1.612624 3.264627
v 0.293985 1.610435 3.268366
v 0.293108 1.609074 3.272423
v 0.292064 1.654983 3.272845
v 0.293443 1.653695 3.269194
v 0.294743 1.651572 3.265829
v 0.295916 1.648697 3.262879
v 0.296916 1.645180 3.260459
v 0.297704 1.641156 3.258660
v 0.298250 1.636780 3.257552
v 0.298534 1.632220 3.257179
v 0.298544 1.627651 3.257552
v 0.298280 1.623249 3.258660
v 0.297752 1.619182 3.260459
v 0.296980 1.615608 3.262879
v 0.295995 1.612664 3.265829
v 0.294833 1.610462 3.269194
v 0.293540 1.609088 3.272845
v 0.292443 1.654995 3.273413
v 0.294186 1.653718 3.270308
v 0.295823 1.651607 3.267446
v 0.297290 1.648741 3.264938
v 0.298531 1.645232 3.262879
v 0.299498 1.641214 3.261350
v 0.300155 1.636841 3.260408
v 0.300476 1.632282 3.260090
v 0.300449 1.627712 3.260408
v 0.300074 1.623306 3.261350
v 0.299367 1.619234 3.262879
v 0.298354 1.615652 3.264938
v 0.297074 1.612699 3.267446
v 0.295577 1.610486 3.270308
v 0.293919 1.609100 3.273413
v 0.292754 1.655005 3.274105
v 0.294796 1.653738 3.271666
v 0.296708 1.651635 3.269417
v 0.298417 1.648777 3.267446
v 0.299856 1.645274 3.265829
v 0.300971 1.641261 3.264627
v 0.301719 1.636891 3.263887
v 0.302070 1.632333 3.263637
v 0.302012 1.627762 3.263887
v 0.301547 1.623354 3.264627
v 0.300692 1.619277 3.265829
v 0.299481 1.615689 3.267446
v 0.297960 1.612727 3.269417
v 0.296187 1.610506 3.271666
v 0.294230 1.609110 3.274105
v 0.290660 1.655388 3.276643
v 0.292985 1.655013 3.274895
v 0.295249 1.653753 3.273214
v 0.297366 1.651656 3.271666
v 0.299254 1.648804 3.270308
v 0.300841 1.645306 3.269194
v 0.302065 1.641296 3.268366
v 0.302880 1.636929 3.267856
v 0.303255 1.632372 3.267684
v 0.303174 1.627800 3.267856
v 0.302641 1.623389 3.268366
v 0.301677 1.619309 3.269194
v 0.300318 1.615716 3.270308
v 0.298618 1.612748 3.271666
v 0.296640 1.610520 3.273214
v 0.294461 1.609117 3.274895
v 0.293127 1.655017 3.275752
v 0.295528 1.653762 3.274895
v 0.297771 1.651669 3.274105
v 0.299770 1.648821 3.273413
v 0.301447 1.645326 3.272845
v 0.302739 1.641318 3.272423
v 0.303596 1.636952 3.272163
v 0.303984 1.632395 3.272076
v 0.303889 1.627823 3.272163
v 0.303315 1.623410 3.272423
v 0.302284 1.619328 3.272845
v 0.300834 1.615732 3.273413
v 0.299023 1.612761 3.274105
v 0.296919 1.610529 3.274895
v 0.294603 1.609122 3.275752
v 0.293175 1.655019 3.276643
v 0.295623 1.653765 3.276643
v 0.297908 1.651674 3.276643
v 0.299944 1.648826 3.276643
v 0.301652 1.645332 3.276643
v 0.302967 1.641325 3.276643
v 0.303837 1.636960 3.276643
v 0.304230 1.632403 3.276643
v 0.304131 1.627830 3.276643
v 0.303543 1.623418 3.276643
v 0.302488 1.619335 3.276643
v 0.301008 1.615738 3.276643
v 0.299160 1.612766 3.276643
v 0.297013 1.610532 3.276643
v 0.294652 1.609123 3.276643
v 0.293127 1.655017 3.277534
v 0.295528 1.653762 3.278390
v 0.297771 1.651669 3.279180
v 0.299770 1.648821 3.279872
v 0.301447 1.645326 3.280440
v 0.302739 1.641318 3.280862
v 0.303596 1.636952 3.281122
v 0.303984 1.632395 3.281209
v 0.303889 1.627823 3.281122
v 0.303315 1.623410 3.280862
v 0.302284 1.619328 3.280440
v 0.300834 1.615732 3.279872
v 0.299023 1.612761 3.279180
v 0.296919 1.610529 3.278390
v 0.294603 1.609122 3.277534
v 0.292985 1.655013 3.278390
v 0.295249 1.653753 3.280071
v 0.297366 1.651656 3.281620
v 0.299254 1.648804 3.282977
v 0.300841 1.645306 3.284091
v 0.302065 1.641296 3.284919
v 0.302880 1.636929 3.285429
v 0.303255 1.632372 3.285601
v 0.303174 1.627800 3.285429
v 0.302641 1.623389 3.284919
v 0.301677 1.619309 3.284091
v 0.300318 1.615716 3.282977
v 0.298618 1.612748 3.281620
v 0.296640 1.610520 3.280071
v 0.294461 1.609117 3.278390
v 0.292754 1.655005 3.279180
v 0.294796 1.653738 3.281620
v 0.296708 1.651635 3.283868
v 0.298417 1.648777 3.285839
v 0.299856 1.645274 3.287456
v 0.300971 1.641261 3.288658
v 0.301719 1.636891 3.289398
v 0.302070 1.632333 3.289648
v 0.302012 1.627762 3.289398
v 0.301547 1.623354 3.288658
v 0.300692 1.619277 3.287456
v 0.299481 1.615689 3.285839
v 0.297960 1.612727 3.283868
v 0.296187 1.610506 3.281620
v 0.294230 1.609110 3.279180
v 0.292443 1.654995 3.279872
v 0.294186 1.653718 3.282977
v 0.295823 1.651607 3.285839
v 0.297290 1.648741 3.288347
v 0.298531 1.645232 3.290406
v 0.299498 1.641214 3.291935
v 0.300155 1.636841 3.292877
v 0.300476 1.632282 3.293195
v 0.300449 1.627712 3.292877
v 0.300074 1.623306 3.291935
v 0.299367 1.619234 3.290406
v 0.298354 1.615652 3.288347
v 0.297074 1.612699 3.285839
v 0.295577 1.610486 3.282977
v 0.293919 1.609100 3.279872
v 0.292064 1.654983 3.280440
v 0.293443 1.653695 3.284091
v 0.294743 1.651572 3.287456
v 0.295916 1.648697 3.290406
v 0.296916 1.645180 3.292826
v 0.297704 1.641156 3.294625
v 0.298250 1.636780 3.295733
v 0.298534 1.632220 3.296107
v 0.298544 1.627651 3.295733
v 0.298280 1.623249 3.294625
v 0.297752 1.619182 3.292826
v 0.296980 1.615608 3.290406
v 0.295995 1.612664 3.287456
v 0.294833 1.610462 3.284091
v 0.293540 1.609088 3.280440
v 0.291632 1.654969 3.280862
v 0.292595 1.653667 3.284919
v 0.293512 1.651532 3.288658
v 0.294349 1.648646 3.291935
v 0.295073 1.645121 3.294625
v 0.295657 1.641090 3.296624
v 0.296077 1.636710 3.297854
v 0.296318 1.632148 3.298270
v 0.296371 1.627581 3.297854
v 0.296233 1.623183 3.296624
v 0.295909 1.619123 3.294625
v 0.295413 1.615558 3.291935
v 0.294764 1.612624 3.288658
v 0.293985 1.610435 3.284919
v 0.293108 1.609074 3.280862
v 0.291163 1.654954 3.281122
v 0.291675 1.653638 3.285429
v 0.292176 1.651489 3.289398
v 0.292649 1.648592 3.292877
v 0.293074 1.645056 3.295733
v 0.293435 1.641019 3.297854
v 0.293719 1.636634 3.299161
v 0.293913 1.632071 3.299602
v 0.294012 1.627505 3.299161
v 0.294011 1.623111 3.297854
v 0.293910 1.619059 3.295733
v 0.293713 1.615503 3.292877
v 0.293428 1.612581 3.289398
v 0.293065 1.610405 3.285429
v 0.292639 1.609059 3.281122
v 0.290675 1.654938 3.281209
v 0.290718 1.653607 3.285601
v 0.290787 1.651445 3.289648
v 0.290881 1.648535 3.293195
v 0.290995 1.644989 3.296107
v 0.291125 1.640944 3.298270
v 0.291266 1.636555 3.299602
v 0.291413 1.631991 3.300052
v 0.291560 1.627426 3.299602
v 0.291701 1.623037 3.298270
v 0.291831 1.618992 3.296107
v 0.291945 1.615446 3.293195
v 0.292039 1.612537 3.289648
v 0.292108 1.610374 3.285601
v 0.292151 1.609043 3.281209
v 0.292165 1.608593 3.276643
v 0.290675 1.654938 3.272076
v 0.290718 1.653607 3.267684
v 0.290881 1.648535 3.260090
v 0.291125 1.640944 3.255015
v 0.291701 1.623037 3.255015
v 0.291945 1.615446 3.260090
v 0.292039 1.612537 3.263637
v 0.292108 1.610374 3.267684
v 0.292151 1.609043 3.272076
v 0.295101 3.229024 3.296562
v 0.295101 3.220022 3.298107
v 0.295101 3.212296 3.302979
v 0.295101 3.209292 3.306449
v 0.295101 3.207024 3.310437
v 0.295101 3.205006 3.319346
v 0.295589 3.238004 3.298630
v 0.296058 3.233719 3.297232
v 0.296491 3.229228 3.296706
v 0.296870 3.224707 3.297075
v 0.297181 3.220328 3.298323
v 0.297412 3.216259 3.300403
v 0.297554 3.212657 3.303234
v 0.297602 3.209660 3.306708
v 0.297554 3.207384 3.310692
v 0.297412 3.205915 3.315032
v 0.297181 3.205311 3.319561
v 0.296870 3.205595 3.324106
v 0.296491 3.206755 3.328492
v 0.296058 3.208747 3.332550
v 0.295589 3.211494 3.336124
v 0.296058 3.238217 3.298781
v 0.296979 3.234135 3.297526
v 0.297827 3.229833 3.297134
v 0.298571 3.225476 3.297619
v 0.299181 3.221232 3.298963
v 0.299635 3.217264 3.301113
v 0.299914 3.213724 3.303988
v 0.300008 3.210748 3.307477
v 0.299914 3.208450 3.311446
v 0.299635 3.206920 3.315742
v 0.299181 3.206215 3.320201
v 0.298571 3.206364 3.324650
v 0.297827 3.207359 3.328919
v 0.296979 3.209163 3.332844
v 0.296058 3.211707 3.336274
v 0.296491 3.238561 3.299024
v 0.297827 3.234811 3.298004
v 0.299059 3.230814 3.297827
v 0.300139 3.226725 3.298502
v 0.301025 3.222701 3.300001
v 0.301683 3.218896 3.302267
v 0.302088 3.215456 3.305213
v 0.302225 3.212514 3.308726
v 0.302088 3.210183 3.312671
v 0.301683 3.208552 3.316896
v 0.301025 3.207684 3.321239
v 0.300139 3.207613 3.325533
v 0.299059 3.208340 3.329613
v 0.297827 3.209839 3.333322
v 0.296491 3.212051 3.336518
v 0.296870 3.239025 3.299352
v 0.298571 3.235721 3.298647
v 0.300139 3.232135 3.298761
v 0.301513 3.228406 3.299690
v 0.302640 3.224677 3.301398
v 0.303478 3.221092 3.303820
v 0.303994 3.217787 3.306862
v 0.304169 3.214891 3.310407
v 0.303994 3.212514 3.314320
v 0.303478 3.210748 3.318449
v 0.302640 3.209661 3.322637
v 0.301513 3.209293 3.326722
v 0.300139 3.209661 3.330547
v 0.298571 3.210749 3.333966
v 0.296870 3.212515 3.336846
v 0.297181 3.239590 3.299752
v 0.299181 3.236829 3.299431
v 0.301025 3.233744 3.299899
v 0.302640 3.230454 3.301138
v 0.303966 3.227086 3.303101
v 0.304952 3.223768 3.305712
v 0.305559 3.220628 3.308870
v 0.305764 3.217788 3.312455
v 0.305559 3.215355 3.316328
v 0.304952 3.213424 3.320341
v 0.303966 3.212069 3.324340
v 0.302640 3.211341 3.328170
v 0.301025 3.211270 3.331685
v 0.299181 3.211857 3.334749
v 0.297181 3.213080 3.337245
v 0.295101 3.241921 3.300849
v 0.297412 3.240235 3.300208
v 0.299635 3.238093 3.300325
v 0.301683 3.235580 3.301197
v 0.303478 3.232791 3.302791
v 0.304952 3.229833 3.305044
v 0.306047 3.226820 3.307871
v 0.306721 3.223869 3.311162
v 0.306949 3.221092 3.314791
v 0.306721 3.218596 3.318620
v 0.306047 3.216477 3.322500
v 0.304952 3.214817 3.326283
v 0.303478 3.213678 3.329822
v 0.301683 3.213106 3.332983
v 0.299635 3.213122 3.335643
v 0.297412 3.213725 3.337701
v 0.297554 3.240934 3.300702
v 0.299914 3.239466 3.301295
v 0.302088 3.237572 3.302606
v 0.303994 3.235326 3.304583
v 0.305559 3.232815 3.307152
v 0.306721 3.230134 3.310213
v 0.307437 3.227386 3.313648
v 0.307678 3.224678 3.317327
v 0.307437 3.222113 3.321106
v 0.306721 3.219790 3.324842
v 0.305559 3.217798 3.328390
v 0.303994 3.216214 3.331615
v 0.302088 3.215098 3.334391
v 0.299914 3.214494 3.336614
v 0.297554 3.214424 3.338196
v 0.297602 3.241662 3.301217
v 0.300008 3.240893 3.302304
v 0.302225 3.239644 3.304070
v 0.304169 3.237963 3.306448
v 0.305764 3.235915 3.309344
v 0.306949 3.233579 3.312649
v 0.307678 3.231043 3.316234
v 0.307925 3.228407 3.319963
v 0.307678 3.225770 3.323692
v 0.306949 3.223235 3.327278
v 0.305764 3.220899 3.330583
v 0.304169 3.218851 3.333479
v 0.302225 3.217170 3.335856
v 0.300008 3.215921 3.337622
v 0.297602 3.215152 3.338710
v 0.297554 3.242389 3.301731
v 0.299914 3.242320 3.303313
v 0.302088 3.241715 3.305535
v 0.303994 3.240600 3.308312
v 0.305559 3.239016 3.311536
v 0.306721 3.237024 3.315084
v 0.307437 3.234701 3.318820
v 0.307678 3.232136 3.322600
v 0.307437 3.229428 3.326278
v 0.306721 3.226680 3.329714
v 0.305559 3.223999 3.332775
v 0.303994 3.221487 3.335343
v 0.302088 3.219242 3.337321
v 0.299914 3.217348 3.338631
v 0.297554 3.215879 3.339225
v 0.297412 3.243089 3.302226
v 0.299635 3.243692 3.304283
v 0.301683 3.243708 3.306944
v 0.303478 3.243135 3.310105
v 0.304952 3.241997 3.313644
v 0.306047 3.240336 3.317427
v 0.306721 3.238217 3.321307
v 0.306949 3.235722 3.325135
v 0.306721 3.232944 3.328765
v 0.306047 3.229993 3.332056
v 0.304952 3.226980 3.334883
v 0.303478 3.224023 3.337136
v 0.301683 3.221234 3.338729
v 0.299635 3.218720 3.339602
v 0.297412 3.216579 3.339719
v 0.297181 3.243733 3.302681
v 0.299181 3.244956 3.305177
v 0.301025 3.245543 3.308242
v 0.302640 3.245472 3.311757
v 0.303966 3.244745 3.315587
v 0.304952 3.243390 3.319586
v 0.305559 3.241458 3.323598
v 0.305764 3.239026 3.327472
v 0.305559 3.236186 3.331056
v 0.304952 3.233046 3.334215
v 0.303966 3.229728 3.336826
v 0.302640 3.226359 3.338788
v 0.301025 3.223070 3.340028
v 0.299181 3.219985 3.340496
v 0.297181 3.217224 3.340175
v 0.296870 3.244298 3.303081
v 0.298571 3.246065 3.305961
v 0.300139 3.247153 3.309380
v 0.301513 3.247520 3.313205
v 0.302640 3.247153 3.317290
v 0.303478 3.246066 3.321477
v 0.303994 3.244299 3.325607
v 0.304169 3.241922 3.329520
v 0.303994 3.239026 3.333065
v 0.303478 3.235722 3.336107
v 0.302640 3.232136 3.338528
v 0.301513 3.228407 3.340236
v 0.300139 3.224679 3.341165
v 0.298571 3.221093 3.341280
v 0.296870 3.217789 3.340575
v 0.296491 3.244762 3.303409
v 0.297827 3.246974 3.306604
v 0.299059 3.248473 3.310313
v 0.300139 3.249201 3.314393
v 0.301025 3.249129 3.318687
v 0.301683 3.248262 3.323030
v 0.302088 3.246631 3.327255
v 0.302225 3.244299 3.331200
v 0.302088 3.241358 3.334713
v 0.301683 3.237918 3.337660
v 0.301025 3.234113 3.339926
v 0.300139 3.230088 3.341425
v 0.299059 3.225999 3.342099
v 0.297827 3.222003 3.341923
v 0.296491 3.218252 3.340902
v 0.296058 3.245107 3.303652
v 0.296979 3.247651 3.307082
v 0.297827 3.249454 3.311007
v 0.298571 3.250450 3.315276
v 0.299181 3.250598 3.319726
v 0.299635 3.249893 3.324184
v 0.299914 3.248363 3.328480
v 0.300008 3.246066 3.332449
v 0.299914 3.243090 3.335938
v 0.299635 3.239550 3.338814
v 0.299181 3.235581 3.340964
v 0.298571 3.231338 3.342308
v 0.297827 3.226981 3.342793
v 0.296979 3.222679 3.342401
v 0.296058 3.218597 3.341146
v 0.295589 3.245319 3.303802
v 0.296058 3.248067 3.307377
v 0.296491 3.250059 3.311435
v 0.296870 3.251219 3.315820
v 0.297181 3.251503 3.320365
v 0.297412 3.250898 3.324895
v 0.297554 3.249430 3.329235
v 0.297602 3.247154 3.333218
v 0.297554 3.244157 3.336693
v 0.297412 3.240555 3.339524
v 0.297181 3.236486 3.341604
v 0.296870 3.232107 3.342852
v 0.296491 3.227585 3.343220
v 0.296058 3.223095 3.342695
v 0.295589 3.218809 3.341296
v 0.295101 3.245391 3.303853
v 0.295101 3.248207 3.307476
v 0.295101 3.250263 3.311579
v 0.295101 3.251479 3.316004
v 0.295101 3.251808 3.320581
v 0.295101 3.251238 3.325135
v 0.295101 3.249790 3.329489
v 0.295101 3.247521 3.333478
v 0.295101 3.244517 3.336947
v 0.295101 3.240894 3.339764
v 0.295101 3.236791 3.341820
v 0.295101 3.232366 3.343035
v 0.295101 3.227789 3.343364
v 0.295101 3.223236 3.342794
v 0.295101 3.218881 3.341347
v 0.295101 3.214892 3.339077
v 0.295101 3.237933 3.298580
v 0.295101 3.233578 3.297132
v 0.295101 3.224447 3.296891
v 0.295101 3.215919 3.300163
v 0.295101 3.205576 3.314792
v 0.295101 3.205335 3.323923
v 0.295101 3.206551 3.328348
v 0.295101 3.208606 3.332451
v 0.295101 3.211423 3.336074
v 0.292165 1.483416 3.103182
v 0.292099 1.485469 3.112082
v 0.291928 1.490771 3.119518
v 0.291812 1.494404 3.122319
v 0.291679 1.498513 3.124358
v 0.291390 1.507517 3.125865
v 0.292603 1.484985 3.094099
v 0.293109 1.483848 3.098458
v 0.293550 1.483593 3.102970
v 0.293909 1.484230 3.107463
v 0.294172 1.485734 3.111765
v 0.294329 1.488049 3.115709
v 0.294373 1.491083 3.119144
v 0.294305 1.494722 3.121938
v 0.294124 1.498825 3.123984
v 0.293840 1.503235 3.125203
v 0.293463 1.507782 3.125548
v 0.293006 1.512291 3.125007
v 0.292489 1.516589 3.123599
v 0.291930 1.520511 3.121379
v 0.291351 1.523906 3.118433
v 0.293068 1.485138 3.093879
v 0.294021 1.484147 3.098025
v 0.294873 1.484028 3.102343
v 0.295593 1.484784 3.106665
v 0.296152 1.486385 3.110825
v 0.296529 1.488772 3.114665
v 0.296710 1.491851 3.118036
v 0.296686 1.495505 3.120808
v 0.296461 1.499593 3.122876
v 0.296041 1.503958 3.124159
v 0.295443 1.508433 3.124609
v 0.294691 1.512844 3.124208
v 0.293812 1.517024 3.122971
v 0.292841 1.520811 3.120947
v 0.291816 1.524059 3.118212
v 0.293493 1.485375 3.093521
v 0.294854 1.484613 3.097323
v 0.296084 1.484704 3.101323
v 0.297134 1.485644 3.105367
v 0.297964 1.487397 3.109300
v 0.298542 1.489896 3.112970
v 0.298847 1.493045 3.116236
v 0.298865 1.496722 3.118974
v 0.298598 1.500787 3.121077
v 0.298054 1.505083 3.122464
v 0.297255 1.509444 3.123084
v 0.296231 1.513705 3.122911
v 0.295023 1.517700 3.121952
v 0.293675 1.521276 3.120245
v 0.292241 1.524296 3.117854
v 0.293862 1.485688 3.093039
v 0.295579 1.485227 3.096378
v 0.297135 1.485595 3.099952
v 0.298472 1.486779 3.103621
v 0.299538 1.488731 3.107247
v 0.300291 1.491379 3.110689
v 0.300703 1.494618 3.113815
v 0.300758 1.498327 3.116505
v 0.300454 1.502360 3.118655
v 0.299803 1.506565 3.120183
v 0.298829 1.510779 3.121031
v 0.297570 1.514839 3.121165
v 0.296074 1.518591 3.120580
v 0.294400 1.521890 3.119300
v 0.292610 1.524609 3.117373
v 0.294161 1.486065 3.092452
v 0.296166 1.485966 3.095227
v 0.297987 1.486668 3.098280
v 0.299557 1.488143 3.101494
v 0.300813 1.490336 3.104746
v 0.301708 1.493162 3.107910
v 0.302207 1.496511 3.110864
v 0.302292 1.500257 3.113497
v 0.301958 1.504253 3.115705
v 0.301219 1.508348 3.117404
v 0.300104 1.512383 3.118530
v 0.298654 1.516204 3.119038
v 0.296926 1.519664 3.118909
v 0.294986 1.522629 3.118149
v 0.292909 1.524986 3.116786
v 0.292051 1.486960 3.090062
v 0.294379 1.486490 3.091783
v 0.296593 1.486801 3.093914
v 0.298607 1.487880 3.096374
v 0.300345 1.489686 3.099067
v 0.301740 1.492150 3.101892
v 0.302739 1.495177 3.104739
v 0.303301 1.498651 3.107498
v 0.303407 1.502438 3.110064
v 0.303052 1.506393 3.112338
v 0.302250 1.510364 3.114233
v 0.301031 1.514197 3.115676
v 0.299443 1.517747 3.116611
v 0.297546 1.520876 3.117002
v 0.295413 1.523464 3.116835
v 0.293127 1.525411 3.116116
v 0.294506 1.486948 3.091056
v 0.296843 1.487700 3.092489
v 0.298971 1.489185 3.094305
v 0.300808 1.491347 3.096434
v 0.302285 1.494104 3.098796
v 0.303343 1.497348 3.101298
v 0.303943 1.500955 3.103846
v 0.304062 1.504788 3.106340
v 0.303694 1.508697 3.108686
v 0.302855 1.512534 3.110793
v 0.301576 1.516151 3.112579
v 0.299906 1.519408 3.113977
v 0.297910 1.522181 3.114933
v 0.295664 1.524363 3.115410
v 0.293255 1.525870 3.115389
v 0.294539 1.487422 3.090301
v 0.296908 1.488628 3.091007
v 0.299065 1.490533 3.092153
v 0.300927 1.493063 3.093695
v 0.302425 1.496121 3.095575
v 0.303499 1.499590 3.097720
v 0.304109 1.503336 3.100047
v 0.304230 1.507214 3.102467
v 0.303860 1.511078 3.104887
v 0.303010 1.514776 3.107214
v 0.301716 1.518169 3.109359
v 0.300025 1.521124 3.111239
v 0.298003 1.523529 3.112782
v 0.295728 1.525291 3.113928
v 0.293288 1.526343 3.114634
v 0.294476 1.487892 3.089545
v 0.296784 1.489551 3.089524
v 0.298884 1.491873 3.090001
v 0.300698 1.494768 3.090957
v 0.302155 1.498126 3.092355
v 0.303200 1.501817 3.094142
v 0.303791 1.505700 3.096249
v 0.303906 1.509625 3.098594
v 0.303542 1.513442 3.101089
v 0.302711 1.517004 3.103636
v 0.301446 1.520173 3.106139
v 0.299796 1.522829 3.108500
v 0.297823 1.524869 3.110630
v 0.295604 1.526214 3.112446
v 0.293224 1.526814 3.113878
v 0.294319 1.488341 3.088818
v 0.296476 1.490432 3.088099
v 0.298438 1.493152 3.087932
v 0.300130 1.496396 3.088324
v 0.301487 1.500040 3.089258
v 0.302457 1.503944 3.090701
v 0.303002 1.507958 3.092596
v 0.303102 1.511928 3.094870
v 0.302753 1.515700 3.097436
v 0.301968 1.519131 3.100196
v 0.300778 1.522088 3.103042
v 0.299227 1.524457 3.105867
v 0.297376 1.526148 3.108561
v 0.295297 1.527095 3.111021
v 0.293067 1.527263 3.113152
v 0.294075 1.488752 3.088149
v 0.295996 1.491238 3.086786
v 0.297741 1.494322 3.086025
v 0.299243 1.497885 3.085896
v 0.300444 1.501791 3.086405
v 0.301299 1.505890 3.087530
v 0.301773 1.510023 3.089230
v 0.301849 1.514033 3.091438
v 0.301524 1.517765 3.094070
v 0.300810 1.521076 3.097025
v 0.299735 1.523838 3.100188
v 0.298341 1.525946 3.103440
v 0.296680 1.527318 3.106654
v 0.294817 1.527901 3.109707
v 0.292823 1.527674 3.112482
v 0.293752 1.489109 3.087562
v 0.295363 1.491937 3.085634
v 0.296822 1.495337 3.084354
v 0.298074 1.499177 3.083769
v 0.299069 1.503311 3.083904
v 0.299770 1.507578 3.084751
v 0.300150 1.511816 3.086279
v 0.300194 1.515861 3.088429
v 0.299901 1.519558 3.091119
v 0.299282 1.522764 3.094245
v 0.298360 1.525358 3.097687
v 0.297171 1.527238 3.101313
v 0.295761 1.528333 3.104983
v 0.294184 1.528600 3.108556
v 0.292500 1.528030 3.111895
v 0.293363 1.489397 3.087080
v 0.294601 1.492503 3.084690
v 0.295716 1.496159 3.082982
v 0.296665 1.500223 3.082024
v 0.297413 1.504541 3.081851
v 0.297930 1.508945 3.082470
v 0.298196 1.513267 3.083858
v 0.298202 1.517340 3.085961
v 0.297947 1.521009 3.088698
v 0.297441 1.524131 3.091964
v 0.296704 1.526588 3.095634
v 0.295762 1.528284 3.099567
v 0.294654 1.529155 3.103611
v 0.293421 1.529166 3.107611
v 0.292111 1.528319 3.111413
v 0.292924 1.489607 3.086722
v 0.293739 1.492915 3.083988
v 0.294464 1.496756 3.081963
v 0.295072 1.500983 3.080726
v 0.295539 1.505434 3.080325
v 0.295848 1.509938 3.080775
v 0.295987 1.514321 3.082058
v 0.295949 1.518415 3.084126
v 0.295738 1.522063 3.086899
v 0.295360 1.525124 3.090270
v 0.294830 1.527481 3.094109
v 0.294169 1.529044 3.098270
v 0.293403 1.529752 3.102592
v 0.292559 1.529578 3.106909
v 0.291672 1.528528 3.111056
v 0.292450 1.489730 3.086502
v 0.292810 1.493155 3.083555
v 0.293115 1.497105 3.081335
v 0.293356 1.501427 3.079928
v 0.293521 1.505956 3.079386
v 0.293606 1.510518 3.079731
v 0.293606 1.514937 3.080950
v 0.293522 1.519043 3.082996
v 0.293357 1.522679 3.085791
v 0.293118 1.525704 3.089226
v 0.292812 1.528004 3.093170
v 0.292453 1.529488 3.097471
v 0.292054 1.530101 3.101964
v 0.291631 1.529818 3.106477
v 0.291198 1.528651 3.110835
v 0.291961 1.489760 3.086427
v 0.291850 1.493215 3.083409
v 0.291722 1.497193 3.081123
v 0.291582 1.501539 3.079658
v 0.291436 1.506088 3.079069
v 0.291289 1.510664 3.079379
v 0.291146 1.515092 3.080576
v 0.291014 1.519201 3.082615
v 0.290897 1.522834 3.085417
v 0.290800 1.525850 3.088873
v 0.290727 1.528135 3.092853
v 0.290680 1.529600 3.097201
v 0.290661 1.530188 3.101752
v 0.290671 1.529878 3.106331
v 0.290709 1.528682 3.110761
v 0.290775 1.526644 3.114872
v 0.292117 1.484923 3.094173
v 0.292155 1.483726 3.098603
v 0.292146 1.484005 3.107733
v 0.292026 1.487754 3.116061
v 0.291537 1.502941 3.125556
v 0.291244 1.512065 3.125277
v 0.291104 1.516412 3.123811
v 0.290976 1.520389 3.121525
v 0.290865 1.523844 3.118507
v 0.292165 1.607146 -3.078747
v 0.292099 1.609199 -3.069847
v 0.291928 1.614501 -3.062411
v 0.291812 1.618133 -3.059609
v 0.291680 1.622243 -3.057571
v 0.291390 1.631246 -3.056063
v 0.292603 1.608715 -3.087830
v 0.293109 1.607578 -3.083472
v 0.293550 1.607323 -3.078959
v 0.293909 1.607960 -3.074466
v 0.294172 1.609464 -3.070164
v 0.294329 1.611778 -3.066220
v 0.294374 1.614813 -3.062785
v 0.294305 1.618452 -3.059991
v 0.294125 1.622555 -3.057945
v 0.293840 1.626965 -3.056726
v 0.293463 1.631511 -3.056381
v 0.293006 1.636021 -3.056922
v 0.292489 1.640319 -3.058330
v 0.291930 1.644241 -3.060549
v 0.291351 1.647636 -3.063496
v 0.293068 1.608867 -3.088050
v 0.294021 1.607877 -3.083904
v 0.294873 1.607758 -3.079586
v 0.295593 1.608513 -3.075264
v 0.296152 1.610115 -3.071104
v 0.296529 1.612502 -3.067264
v 0.296710 1.615581 -3.063893
v 0.296686 1.619235 -3.061120
v 0.296461 1.623323 -3.059053
v 0.296041 1.627688 -3.057770
v 0.295443 1.632162 -3.057319
v 0.294691 1.636574 -3.057721
v 0.293812 1.640754 -3.058957
v 0.292841 1.644540 -3.060982
v 0.291816 1.647789 -3.063717
v 0.293493 1.609105 -3.088408
v 0.294854 1.608343 -3.084605
v 0.296084 1.608434 -3.080605
v 0.297134 1.609374 -3.076561
v 0.297964 1.611127 -3.072629
v 0.298542 1.613626 -3.068959
v 0.298847 1.616775 -3.065693
v 0.298865 1.620452 -3.062955
v 0.298598 1.624517 -3.060852
v 0.298054 1.628812 -3.059464
v 0.297255 1.633174 -3.058845
v 0.296231 1.637435 -3.059018
v 0.295023 1.641430 -3.059976
v 0.293675 1.645006 -3.061684
v 0.292241 1.648026 -3.064075
v 0.293862 1.609418 -3.088889
v 0.295579 1.608957 -3.085551
v 0.297136 1.609325 -3.081977
v 0.298472 1.610508 -3.078307
v 0.299538 1.612461 -3.074682
v 0.300291 1.615108 -3.071240
v 0.300703 1.618348 -3.068114
v 0.300758 1.622056 -3.065424
v 0.300454 1.626090 -3.063274
v 0.299803 1.630295 -3.061745
v 0.298829 1.634508 -3.060898
v 0.297570 1.638569 -3.060764
v 0.296074 1.642321 -3.061349
v 0.294400 1.645620 -3.062629
v 0.292610 1.648339 -3.064556
v 0.294161 1.609794 -3.089476
v 0.296166 1.609696 -3.086702
v 0.297988 1.610397 -3.083648
v 0.299557 1.611873 -3.080435
v 0.300813 1.614066 -3.077183
v 0.301708 1.616892 -3.074019
v 0.302207 1.620241 -3.071065
v 0.302292 1.623986 -3.068432
v 0.301958 1.627983 -3.066224
v 0.301219 1.632078 -3.064524
v 0.300104 1.636113 -3.063399
v 0.298654 1.639934 -3.062891
v 0.296926 1.643393 -3.063020
v 0.294986 1.646359 -3.063780
v 0.292909 1.648716 -3.065143
v 0.292051 1.610690 -3.091867
v 0.294379 1.610220 -3.090146
v 0.296593 1.610530 -3.088015
v 0.298607 1.611610 -3.085555
v 0.300346 1.613416 -3.082862
v 0.301740 1.615880 -3.080036
v 0.302739 1.618907 -3.077190
v 0.303301 1.622381 -3.074430
v 0.303407 1.626168 -3.071864
v 0.303052 1.630123 -3.069590
v 0.302250 1.634093 -3.067696
v 0.301031 1.637927 -3.066253
v 0.299443 1.641477 -3.065318
v 0.297546 1.644606 -3.064927
v 0.295413 1.647194 -3.065093
v 0.293127 1.649141 -3.065813
v 0.294507 1.610678 -3.090873
v 0.296843 1.611429 -3.089440
v 0.298971 1.612915 -3.087624
v 0.300808 1.615077 -3.085495
v 0.302285 1.617833 -3.083133
v 0.303343 1.621078 -3.080631
v 0.303943 1.624685 -3.078083
v 0.304062 1.628517 -3.075588
v 0.303694 1.632427 -3.073243
v 0.302855 1.636264 -3.071136
v 0.301576 1.639881 -3.069350
v 0.299906 1.643138 -3.067951
v 0.297910 1.645911 -3.066995
v 0.295664 1.648093 -3.066519
v 0.293255 1.649600 -3.066540
v 0.294539 1.611152 -3.091628
v 0.296908 1.612358 -3.090923
v 0.299065 1.614263 -3.089776
v 0.300928 1.616793 -3.088234
v 0.302425 1.619851 -3.086354
v 0.303499 1.623320 -3.084209
v 0.304109 1.627065 -3.081882
v 0.304230 1.630944 -3.079462
v 0.303860 1.634807 -3.077042
v 0.303011 1.638506 -3.074714
v 0.301716 1.641898 -3.072570
v 0.300025 1.644854 -3.070690
v 0.298003 1.647259 -3.069147
v 0.295728 1.649021 -3.068001
v 0.293288 1.650073 -3.067295
v 0.294476 1.611622 -3.092384
v 0.296784 1.613281 -3.092404
v 0.298885 1.615602 -3.091928
v 0.300698 1.618498 -3.090972
v 0.302155 1.621856 -3.089574
v 0.303200 1.625547 -3.087787
v 0.303791 1.629430 -3.085680
v 0.303906 1.633355 -3.083335
v 0.303542 1.637172 -3.080840
v 0.302711 1.640733 -3.078293
v 0.301446 1.643903 -3.075790
v 0.299796 1.646559 -3.073428
v 0.297823 1.648598 -3.071299
v 0.295604 1.649944 -3.069483
v 0.293224 1.650543 -3.068051
v 0.294319 1.612071 -3.093111
v 0.296476 1.614162 -3.093830
v 0.298438 1.616882 -3.093997
v 0.300130 1.620126 -3.093605
v 0.301487 1.623770 -3.092670
v 0.302457 1.627674 -3.091227
v 0.303002 1.631688 -3.089333
v 0.303102 1.635658 -3.087059
v 0.302753 1.639430 -3.084493
v 0.301968 1.642861 -3.081733
v 0.300778 1.645817 -3.078887
v 0.299227 1.648187 -3.076061
v 0.297376 1.649878 -3.073368
v 0.295297 1.650825 -3.070908
v 0.293067 1.650993 -3.068777
v 0.294075 1.612482 -3.093780
v 0.295996 1.614968 -3.095143
v 0.297741 1.618051 -3.095904
v 0.299243 1.621615 -3.096032
v 0.300445 1.625521 -3.095524
v 0.301299 1.629619 -3.094399
v 0.301773 1.633753 -3.092699
v 0.301849 1.637763 -3.090491
v 0.301524 1.641495 -3.087859
v 0.300810 1.644806 -3.084904
v 0.299735 1.647568 -3.081741
v 0.298341 1.649675 -3.078489
v 0.296680 1.651047 -3.075275
v 0.294817 1.651631 -3.072222
v 0.292823 1.651403 -3.069447
v 0.293752 1.612839 -3.094367
v 0.295363 1.615667 -3.096295
v 0.296822 1.619067 -3.097575
v 0.298074 1.622907 -3.098160
v 0.299069 1.627040 -3.098026
v 0.299770 1.631308 -3.097178
v 0.300150 1.635546 -3.095649
v 0.300194 1.639591 -3.093499
v 0.299901 1.643288 -3.090810
v 0.299282 1.646494 -3.087684
v 0.298360 1.649088 -3.084242
v 0.297171 1.650968 -3.080616
v 0.295761 1.652063 -3.076946
v 0.294184 1.652330 -3.073373
v 0.292500 1.651760 -3.070034
v 0.293363 1.613127 -3.094848
v 0.294601 1.616233 -3.097239
v 0.295716 1.619889 -3.098947
v 0.296665 1.623953 -3.099905
v 0.297413 1.628271 -3.100078
v 0.297930 1.632675 -3.099459
v 0.298196 1.636997 -3.098071
v 0.298202 1.641070 -3.095968
v 0.297947 1.644739 -3.093230
v 0.297441 1.647861 -3.089965
v 0.296704 1.650318 -3.086294
v 0.295763 1.652014 -3.082362
v 0.294654 1.652885 -3.078318
v 0.293422 1.652896 -3.074318
v 0.292112 1.652048 -3.070515
v 0.292924 1.613337 -3.095206
v 0.293739 1.616644 -3.097941
v 0.294464 1.620486 -3.099966
v 0.295072 1.624713 -3.101202
v 0.295539 1.629164 -3.101604
v 0.295848 1.633667 -3.101154
v 0.295987 1.638050 -3.099870
v 0.295950 1.642145 -3.097803
v 0.295738 1.645792 -3.095030
v 0.295360 1.648854 -3.091659
v 0.294830 1.651211 -3.087820
v 0.294170 1.652774 -3.083659
v 0.293403 1.653481 -3.079337
v 0.292559 1.653307 -3.075020
v 0.291672 1.652258 -3.070873
v 0.292450 1.613459 -3.095427
v 0.292810 1.616885 -3.098374
v 0.293115 1.620835 -3.100593
v 0.293356 1.625157 -3.102001
v 0.293521 1.629686 -3.102543
v 0.293606 1.634248 -3.102198
v 0.293606 1.638667 -3.100979
v 0.293522 1.642773 -3.098933
v 0.293357 1.646409 -3.096138
v 0.293118 1.649434 -3.092703
v 0.292812 1.651733 -3.088759
v 0.292453 1.653218 -3.084458
v 0.292054 1.653831 -3.079964
v 0.291631 1.653548 -3.075452
v 0.291198 1.652381 -3.071093
v 0.291961 1.613490 -3.095501
v 0.291850 1.616945 -3.098520
v 0.291722 1.620922 -3.100805
v 0.291582 1.625269 -3.102271
v 0.291436 1.629817 -3.102860
v 0.291289 1.634394 -3.102550
v 0.291146 1.638821 -3.101352
v 0.291014 1.642931 -3.099313
v 0.290897 1.646563 -3.096513
v 0.290800 1.649580 -3.093055
v 0.290727 1.651865 -3.089076
v 0.290680 1.653329 -3.084728
v 0.290661 1.653918 -3.080177
v 0.290671 1.653608 -3.075598
v 0.290709 1.652411 -3.071168
v 0.290775 1.650374 -3.067056
v 0.292117 1.608652 -3.087755
v 0.292155 1.607456 -3.083325
v 0.292146 1.607734 -3.074196
v 0.292026 1.611484 -3.065868
v 0.291537 1.626670 -3.056374
v 0.291244 1.635795 -3.056652
v 0.291104 1.640142 -3.058118
v 0.290976 1.644119 -3.060404
v 0.290865 1.647574 -3.063422
v 0.291514 1.458644 -3.296790
v 0.291792 1.450013 -3.293816
v 0.292012 1.443175 -3.287764
v 0.292089 1.440770 -3.283857
v 0.292141 1.439173 -3.279555
v 0.292159 1.438616 -3.270437
v 0.291707 1.467851 -3.296193
v 0.292319 1.463413 -3.296884
v 0.292896 1.458914 -3.296680
v 0.293417 1.454525 -3.295589
v 0.293860 1.450415 -3.293652
v 0.294210 1.446744 -3.290945
v 0.294452 1.443651 -3.287571
v 0.294577 1.441255 -3.283659
v 0.294580 1.439649 -3.279361
v 0.294462 1.438894 -3.274841
v 0.294227 1.439019 -3.270273
v 0.293883 1.440020 -3.265834
v 0.293445 1.441857 -3.261692
v 0.292928 1.444462 -3.258007
v 0.292354 1.447732 -3.254922
v 0.292168 1.468100 -3.296080
v 0.293224 1.463901 -3.296661
v 0.294211 1.459621 -3.296356
v 0.295090 1.455426 -3.295176
v 0.295828 1.451475 -3.293166
v 0.296396 1.447921 -3.290406
v 0.296772 1.444900 -3.286998
v 0.296943 1.442529 -3.283076
v 0.296901 1.440898 -3.278788
v 0.296648 1.440071 -3.274302
v 0.296194 1.440078 -3.269788
v 0.295556 1.440921 -3.265421
v 0.294759 1.442565 -3.261367
v 0.293834 1.444949 -3.257784
v 0.292815 1.447981 -3.254808
v 0.292588 1.468493 -3.295895
v 0.294048 1.464672 -3.296298
v 0.295407 1.460741 -3.295829
v 0.296613 1.456850 -3.294505
v 0.297618 1.453150 -3.292378
v 0.298385 1.449782 -3.289529
v 0.298884 1.446876 -3.286068
v 0.299096 1.444543 -3.282127
v 0.299013 1.442874 -3.277858
v 0.298638 1.441932 -3.273426
v 0.297985 1.441753 -3.268999
v 0.297079 1.442345 -3.264750
v 0.295956 1.443684 -3.260841
v 0.294658 1.445720 -3.257421
v 0.293235 1.448374 -3.254623
v 0.292951 1.469015 -3.295646
v 0.294760 1.465697 -3.295810
v 0.296440 1.462228 -3.295120
v 0.297927 1.458744 -3.293603
v 0.299163 1.455376 -3.291317
v 0.300102 1.452256 -3.288350
v 0.300707 1.449502 -3.284816
v 0.300955 1.447221 -3.280851
v 0.300836 1.445500 -3.276606
v 0.300354 1.444406 -3.272247
v 0.299530 1.443980 -3.267938
v 0.298393 1.444239 -3.263848
v 0.296988 1.445172 -3.260132
v 0.295369 1.446745 -3.256933
v 0.293598 1.448896 -3.254374
v 0.293242 1.469647 -3.295343
v 0.295330 1.466936 -3.295214
v 0.297268 1.464027 -3.294256
v 0.298981 1.461033 -3.292504
v 0.300403 1.458069 -3.290024
v 0.301480 1.455247 -3.286913
v 0.302170 1.452678 -3.283291
v 0.302446 1.450459 -3.279296
v 0.302298 1.448676 -3.275081
v 0.301732 1.447397 -3.270810
v 0.300770 1.446672 -3.266646
v 0.299448 1.446528 -3.262748
v 0.297817 1.446971 -3.259268
v 0.295940 1.447984 -3.256337
v 0.293889 1.449528 -3.254071
v 0.291083 1.472056 -3.294635
v 0.293450 1.470363 -3.294996
v 0.295739 1.468342 -3.294536
v 0.297861 1.466068 -3.293270
v 0.299736 1.463631 -3.291249
v 0.301291 1.461123 -3.288549
v 0.302466 1.458642 -3.285274
v 0.303217 1.456281 -3.281551
v 0.303514 1.454133 -3.277521
v 0.303345 1.452279 -3.273341
v 0.302719 1.450791 -3.269171
v 0.301657 1.449727 -3.265170
v 0.300203 1.449126 -3.261494
v 0.298410 1.449012 -3.258282
v 0.296348 1.449390 -3.255659
v 0.294097 1.450244 -3.253725
v 0.293568 1.471138 -3.294621
v 0.295969 1.469860 -3.293799
v 0.298196 1.468273 -3.292201
v 0.300162 1.466437 -3.289888
v 0.301792 1.464423 -3.286948
v 0.303023 1.462308 -3.283496
v 0.303808 1.460173 -3.279663
v 0.304116 1.458101 -3.275596
v 0.303936 1.456171 -3.271453
v 0.303275 1.454458 -3.267392
v 0.302158 1.453026 -3.263570
v 0.300629 1.451932 -3.260133
v 0.298745 1.451217 -3.257213
v 0.296579 1.450908 -3.254922
v 0.294215 1.451019 -3.253349
v 0.293590 1.471940 -3.294230
v 0.296013 1.471433 -3.293033
v 0.298260 1.470557 -3.291089
v 0.300243 1.469344 -3.288472
v 0.301887 1.467841 -3.285284
v 0.303128 1.466105 -3.281646
v 0.303920 1.464205 -3.277699
v 0.304230 1.462212 -3.273595
v 0.304048 1.460203 -3.269490
v 0.303381 1.458255 -3.265543
v 0.302254 1.456444 -3.261905
v 0.300710 1.454839 -3.258717
v 0.298808 1.453501 -3.256100
v 0.296623 1.452482 -3.254156
v 0.294237 1.451820 -3.252959
v 0.293516 1.472738 -3.293840
v 0.295868 1.473000 -3.292267
v 0.298049 1.472832 -3.289976
v 0.299976 1.472239 -3.287056
v 0.301573 1.471245 -3.283619
v 0.302779 1.469889 -3.279796
v 0.303549 1.468221 -3.275736
v 0.303852 1.466307 -3.271592
v 0.303677 1.464219 -3.267526
v 0.303032 1.462038 -3.263693
v 0.301939 1.459849 -3.260241
v 0.300442 1.457734 -3.257301
v 0.298598 1.455775 -3.254988
v 0.296478 1.454048 -3.253390
v 0.294163 1.452619 -3.252568
v 0.293349 1.473503 -3.293464
v 0.295541 1.474501 -3.291530
v 0.297574 1.475010 -3.288907
v 0.299370 1.475012 -3.285695
v 0.300861 1.474506 -3.282018
v 0.301988 1.473511 -3.278018
v 0.302709 1.472067 -3.273848
v 0.302996 1.470228 -3.269667
v 0.302838 1.468065 -3.265638
v 0.302240 1.465661 -3.261914
v 0.301227 1.463109 -3.258640
v 0.299837 1.460507 -3.255940
v 0.298122 1.457954 -3.253918
v 0.296150 1.455549 -3.252653
v 0.293996 1.453384 -3.252193
v 0.293095 1.474205 -3.293118
v 0.295043 1.475878 -3.290851
v 0.296851 1.477009 -3.287921
v 0.298450 1.477556 -3.284441
v 0.299778 1.477497 -3.280543
v 0.300786 1.476835 -3.276379
v 0.301433 1.475595 -3.272107
v 0.301694 1.473826 -3.267893
v 0.301561 1.471594 -3.263898
v 0.301038 1.468985 -3.260276
v 0.300145 1.466101 -3.257165
v 0.298916 1.463051 -3.254685
v 0.297399 1.459953 -3.252933
v 0.295652 1.456926 -3.251974
v 0.293742 1.454086 -3.251846
v 0.292764 1.474817 -3.292814
v 0.294393 1.477077 -3.290256
v 0.295908 1.478751 -3.287057
v 0.297250 1.479773 -3.283341
v 0.298368 1.480104 -3.279250
v 0.299218 1.479732 -3.274942
v 0.299769 1.478671 -3.270582
v 0.299998 1.476961 -3.266338
v 0.299897 1.474669 -3.262373
v 0.299471 1.471882 -3.258839
v 0.298734 1.468708 -3.255872
v 0.297717 1.465268 -3.253586
v 0.296457 1.461695 -3.252069
v 0.295003 1.458126 -3.251379
v 0.293411 1.454698 -3.251543
v 0.292369 1.475315 -3.292566
v 0.293618 1.478054 -3.289768
v 0.294782 1.480169 -3.286348
v 0.295817 1.481578 -3.282439
v 0.296683 1.482227 -3.278189
v 0.297346 1.482090 -3.273763
v 0.297781 1.481174 -3.269330
v 0.297972 1.479514 -3.265062
v 0.297910 1.477172 -3.261121
v 0.297599 1.474240 -3.257660
v 0.297049 1.470830 -3.254811
v 0.296284 1.467073 -3.252683
v 0.295331 1.463113 -3.251360
v 0.294228 1.459103 -3.250890
v 0.293016 1.455196 -3.251294
v 0.291924 1.475680 -3.292381
v 0.292746 1.478771 -3.289405
v 0.293517 1.481209 -3.285822
v 0.294206 1.482902 -3.281768
v 0.294788 1.483783 -3.277401
v 0.295241 1.483820 -3.272887
v 0.295546 1.483011 -3.268400
v 0.295693 1.481386 -3.264114
v 0.295675 1.479009 -3.260191
v 0.295493 1.475970 -3.256783
v 0.295155 1.472387 -3.254022
v 0.294673 1.468397 -3.252013
v 0.294065 1.464153 -3.250833
v 0.293356 1.459819 -3.250528
v 0.292571 1.455561 -3.251109
v 0.291448 1.475899 -3.292267
v 0.291811 1.479199 -3.289181
v 0.292159 1.481831 -3.285497
v 0.292479 1.483693 -3.281355
v 0.292757 1.484714 -3.276915
v 0.292984 1.484854 -3.272348
v 0.293150 1.484108 -3.267828
v 0.293250 1.482505 -3.263530
v 0.293279 1.480106 -3.259618
v 0.293236 1.477004 -3.256244
v 0.293124 1.473317 -3.253536
v 0.292945 1.469188 -3.251600
v 0.292708 1.464775 -3.250509
v 0.292421 1.460247 -3.250304
v 0.292095 1.455780 -3.250995
v 0.290957 1.475962 -3.292228
v 0.290849 1.479323 -3.289106
v 0.290763 1.482011 -3.285387
v 0.290701 1.483922 -3.281216
v 0.290667 1.484983 -3.276751
v 0.290662 1.485153 -3.272165
v 0.290685 1.484426 -3.267635
v 0.290736 1.482829 -3.263332
v 0.290814 1.480424 -3.259425
v 0.290914 1.477303 -3.256062
v 0.291034 1.473586 -3.253373
v 0.291168 1.469417 -3.251460
v 0.291311 1.464955 -3.250399
v 0.291459 1.460371 -3.250229
v 0.291604 1.455843 -3.250957
v 0.291743 1.451543 -3.252554
v 0.291221 1.467757 -3.296232
v 0.291367 1.463228 -3.296960
v 0.291658 1.454182 -3.295728
v 0.291912 1.446296 -3.291127
v 0.292164 1.438446 -3.275024
v 0.292124 1.439677 -3.265973
v 0.292063 1.441588 -3.261801
v 0.291976 1.444276 -3.258083
v 0.291868 1.447637 -3.254961
v 0.295101 3.396743 3.100058
v 0.295101 3.400735 3.091843
v 0.295101 3.401280 3.082725
v 0.295101 3.400212 3.078262
v 0.295101 3.398294 3.074093
v 0.295101 3.392232 3.067261
v 0.295589 3.389827 3.106149
v 0.296058 3.393462 3.103482
v 0.296491 3.396506 3.100140
v 0.296870 3.398843 3.096251
v 0.297181 3.400382 3.091965
v 0.297412 3.401064 3.087447
v 0.297554 3.400863 3.082870
v 0.297603 3.399787 3.078409
v 0.297554 3.397877 3.074238
v 0.297412 3.395206 3.070515
v 0.297181 3.391878 3.067383
v 0.296870 3.388020 3.064964
v 0.296491 3.383780 3.063350
v 0.296058 3.379322 3.062604
v 0.295589 3.374816 3.062753
v 0.296058 3.389582 3.106234
v 0.296979 3.392981 3.103648
v 0.297827 3.395807 3.100382
v 0.298571 3.397953 3.096559
v 0.299181 3.399335 3.092327
v 0.299635 3.399900 3.087849
v 0.299914 3.399628 3.083297
v 0.300008 3.398528 3.078845
v 0.299914 3.396642 3.074665
v 0.299635 3.394043 3.070917
v 0.299181 3.390832 3.067745
v 0.298571 3.387130 3.065272
v 0.297827 3.383081 3.063592
v 0.296979 3.378840 3.062770
v 0.296058 3.374571 3.062838
v 0.296491 3.389183 3.106372
v 0.297827 3.392198 3.103919
v 0.299059 3.394671 3.100775
v 0.300139 3.396507 3.097059
v 0.301025 3.397635 3.092915
v 0.301683 3.398012 3.088503
v 0.302088 3.397623 3.083990
v 0.302225 3.396483 3.079552
v 0.302088 3.394637 3.075358
v 0.301683 3.392155 3.071570
v 0.301025 3.389132 3.068333
v 0.300139 3.385684 3.065772
v 0.299059 3.381945 3.063985
v 0.297827 3.378058 3.063041
v 0.296491 3.374172 3.062976
v 0.296870 3.388646 3.106557
v 0.298571 3.391145 3.104283
v 0.300139 3.393143 3.101303
v 0.301513 3.394562 3.097732
v 0.302640 3.395347 3.093707
v 0.303478 3.395470 3.089382
v 0.303994 3.394925 3.084924
v 0.304169 3.393732 3.080504
v 0.303994 3.391939 3.076292
v 0.303478 3.389613 3.072449
v 0.302640 3.386844 3.069125
v 0.301513 3.383739 3.066445
v 0.300139 3.380417 3.064514
v 0.298571 3.377005 3.063405
v 0.296870 3.373635 3.063161
v 0.297181 3.387992 3.106784
v 0.299181 3.389863 3.104727
v 0.301025 3.391280 3.101948
v 0.302640 3.392191 3.098552
v 0.303967 3.392560 3.094671
v 0.304952 3.392373 3.090453
v 0.305559 3.391636 3.086061
v 0.305764 3.390380 3.081663
v 0.305559 3.388650 3.077429
v 0.304952 3.386516 3.073521
v 0.303966 3.384057 3.070089
v 0.302640 3.381368 3.067265
v 0.301025 3.378554 3.065158
v 0.299181 3.375722 3.063849
v 0.297181 3.372981 3.063388
v 0.295101 3.385741 3.108038
v 0.297412 3.387246 3.107042
v 0.299635 3.388399 3.105233
v 0.301683 3.389155 3.102683
v 0.303478 3.389486 3.099488
v 0.304952 3.389380 3.095771
v 0.306047 3.388839 3.091676
v 0.306721 3.387885 3.087359
v 0.306949 3.386555 3.082986
v 0.306721 3.384899 3.078727
v 0.306047 3.382982 3.074743
v 0.304952 3.380877 3.071189
v 0.303478 3.378664 3.068201
v 0.301683 3.376429 3.065893
v 0.299635 3.374259 3.064355
v 0.297412 3.372235 3.063646
v 0.297554 3.386436 3.107322
v 0.299914 3.386811 3.105783
v 0.302088 3.386850 3.103480
v 0.303994 3.386552 3.100503
v 0.305559 3.385929 3.096965
v 0.306721 3.385005 3.093002
v 0.307437 3.383815 3.088767
v 0.307678 3.382405 3.084422
v 0.307437 3.380829 3.080135
v 0.306721 3.379148 3.076070
v 0.305559 3.377426 3.072383
v 0.303994 3.375729 3.069216
v 0.302088 3.374124 3.066691
v 0.299914 3.372670 3.064905
v 0.297554 3.371425 3.063926
v 0.297603 3.385594 3.107613
v 0.300008 3.385159 3.106354
v 0.302225 3.384452 3.104310
v 0.304169 3.383500 3.101558
v 0.305764 3.382340 3.098206
v 0.306949 3.381017 3.094381
v 0.307678 3.379582 3.090231
v 0.307925 3.378089 3.085915
v 0.307678 3.376596 3.081599
v 0.306949 3.375160 3.077449
v 0.305764 3.373837 3.073624
v 0.304169 3.372678 3.070271
v 0.302225 3.371726 3.067520
v 0.300008 3.371019 3.065476
v 0.297603 3.370583 3.064217
v 0.297554 3.384752 3.107904
v 0.299914 3.383507 3.106925
v 0.302088 3.382054 3.105139
v 0.303994 3.380448 3.102614
v 0.305559 3.378752 3.099447
v 0.306721 3.377030 3.095761
v 0.307437 3.375349 3.091695
v 0.307678 3.373773 3.087408
v 0.307437 3.372363 3.083063
v 0.306721 3.371173 3.078828
v 0.305559 3.370248 3.074865
v 0.303994 3.369626 3.071327
v 0.302088 3.369328 3.068350
v 0.299914 3.369367 3.066047
v 0.297554 3.369741 3.064508
v 0.297412 3.383943 3.108184
v 0.299635 3.381919 3.107475
v 0.301683 3.379748 3.105937
v 0.303478 3.377513 3.103629
v 0.304952 3.375301 3.100641
v 0.306047 3.373196 3.097087
v 0.306721 3.371278 3.093103
v 0.306949 3.369623 3.088844
v 0.306721 3.368292 3.084471
v 0.306047 3.367339 3.080154
v 0.304952 3.366798 3.076059
v 0.303478 3.366691 3.072342
v 0.301683 3.367022 3.069147
v 0.299635 3.367779 3.066597
v 0.297412 3.368931 3.064788
v 0.297181 3.383196 3.108443
v 0.299181 3.380455 3.107981
v 0.301025 3.377623 3.106672
v 0.302640 3.374809 3.104565
v 0.303967 3.372121 3.101741
v 0.304952 3.369662 3.098309
v 0.305559 3.367527 3.094401
v 0.305764 3.365798 3.090167
v 0.305559 3.364541 3.085769
v 0.304952 3.363805 3.081377
v 0.303967 3.363618 3.077159
v 0.302640 3.363986 3.073278
v 0.301025 3.364897 3.069882
v 0.299181 3.366315 3.067103
v 0.297181 3.368185 3.065047
v 0.296870 3.382543 3.108669
v 0.298571 3.379172 3.108425
v 0.300139 3.375761 3.107316
v 0.301513 3.372438 3.105385
v 0.302640 3.369333 3.102705
v 0.303478 3.366565 3.099380
v 0.303994 3.364239 3.095538
v 0.304169 3.362445 3.091326
v 0.303994 3.361253 3.086906
v 0.303478 3.360708 3.082448
v 0.302640 3.360830 3.078123
v 0.301513 3.361616 3.074098
v 0.300139 3.363035 3.070527
v 0.298571 3.365032 3.067547
v 0.296870 3.367531 3.065273
v 0.296491 3.382006 3.108854
v 0.297827 3.378119 3.108789
v 0.299059 3.374232 3.107845
v 0.300139 3.370493 3.106058
v 0.301025 3.367046 3.103497
v 0.301683 3.364023 3.100260
v 0.302088 3.361540 3.096472
v 0.302225 3.359694 3.092278
v 0.302088 3.358555 3.087840
v 0.301683 3.358166 3.083328
v 0.301025 3.358542 3.078915
v 0.300139 3.359671 3.074771
v 0.299059 3.361506 3.071055
v 0.297827 3.363979 3.067911
v 0.296491 3.366994 3.065458
v 0.296058 3.381607 3.108992
v 0.296979 3.377337 3.109060
v 0.297827 3.373096 3.108238
v 0.298571 3.369047 3.106558
v 0.299181 3.365346 3.104084
v 0.299635 3.362134 3.100913
v 0.299914 3.359535 3.097165
v 0.300008 3.357650 3.092985
v 0.299914 3.356550 3.088533
v 0.299635 3.356277 3.083981
v 0.299181 3.356843 3.079503
v 0.298571 3.358225 3.075271
v 0.297827 3.360371 3.071448
v 0.296979 3.363197 3.068182
v 0.296058 3.366596 3.065596
v 0.295589 3.381361 3.109077
v 0.296058 3.376855 3.109226
v 0.296491 3.372397 3.108479
v 0.296870 3.368157 3.106866
v 0.297181 3.364299 3.104447
v 0.297412 3.360971 3.101315
v 0.297554 3.358301 3.097592
v 0.297603 3.356391 3.093421
v 0.297554 3.355315 3.088960
v 0.297412 3.355114 3.084383
v 0.297181 3.355796 3.079865
v 0.296870 3.357335 3.075579
v 0.296491 3.359671 3.071690
v 0.296058 3.362715 3.068348
v 0.295589 3.366350 3.065681
v 0.295101 3.381279 3.109106
v 0.295101 3.376693 3.109283
v 0.295101 3.372161 3.108561
v 0.295101 3.367857 3.106970
v 0.295101 3.363945 3.104569
v 0.295101 3.360578 3.101451
v 0.295101 3.357884 3.097737
v 0.295101 3.355966 3.093568
v 0.295101 3.354898 3.089105
v 0.295101 3.354721 3.084519
v 0.295101 3.355443 3.079987
v 0.295101 3.357034 3.075683
v 0.295101 3.359435 3.071772
v 0.295101 3.362552 3.068404
v 0.295101 3.366267 3.065710
v 0.295101 3.370436 3.063792
v 0.295101 3.389910 3.106120
v 0.295101 3.393625 3.103426
v 0.295101 3.399143 3.096147
v 0.295101 3.401456 3.087311
v 0.295101 3.395599 3.070379
v 0.295101 3.388321 3.064860
v 0.295101 3.384017 3.063269
v 0.295101 3.379485 3.062547
v 0.295101 3.374899 3.062724
v 0.295101 3.498268 -3.075202
v 0.295101 3.499762 -3.084213
v 0.295101 3.497694 -3.093110
v 0.295101 3.495403 -3.097085
v 0.295101 3.492380 -3.100538
v 0.295101 3.484627 -3.105366
v 0.295589 3.493367 -3.067398
v 0.296058 3.496095 -3.070987
v 0.296491 3.498065 -3.075057
v 0.296870 3.499200 -3.079448
v 0.297181 3.499458 -3.083995
v 0.297412 3.498829 -3.088521
v 0.297554 3.497336 -3.092853
v 0.297603 3.495037 -3.096824
v 0.297554 3.492021 -3.100281
v 0.297412 3.488403 -3.103092
v 0.297181 3.484323 -3.105149
v 0.296870 3.479936 -3.106373
v 0.296491 3.475413 -3.106716
v 0.296058 3.470926 -3.106166
v 0.295589 3.466648 -3.104743
v 0.296058 3.493156 -3.067247
v 0.296979 3.495681 -3.070691
v 0.297827 3.497463 -3.074626
v 0.298571 3.498434 -3.078901
v 0.299181 3.498557 -3.083351
v 0.299635 3.497828 -3.087805
v 0.299914 3.496273 -3.092092
v 0.300008 3.493954 -3.096049
v 0.299914 3.490958 -3.099521
v 0.299635 3.487402 -3.102376
v 0.299181 3.483422 -3.104504
v 0.298571 3.479170 -3.105825
v 0.297827 3.474811 -3.106285
v 0.296979 3.470511 -3.105869
v 0.296058 3.466436 -3.104592
v 0.296491 3.492813 -3.067001
v 0.297827 3.495007 -3.070209
v 0.299059 3.496485 -3.073927
v 0.300139 3.497190 -3.078010
v 0.301025 3.497095 -3.082304
v 0.301683 3.496202 -3.086642
v 0.302088 3.494548 -3.090858
v 0.302225 3.492195 -3.094790
v 0.302088 3.489233 -3.098286
v 0.301683 3.485777 -3.101213
v 0.301025 3.481959 -3.103458
v 0.300139 3.477926 -3.104934
v 0.299059 3.473834 -3.105586
v 0.297827 3.469838 -3.105387
v 0.296491 3.466093 -3.104346
v 0.296870 3.492351 -3.066671
v 0.298571 3.494101 -3.069561
v 0.300139 3.495170 -3.072985
v 0.301513 3.495516 -3.076813
v 0.302640 3.495126 -3.080896
v 0.303478 3.494015 -3.085077
v 0.303994 3.492226 -3.089197
v 0.304169 3.489827 -3.093096
v 0.303994 3.486911 -3.096625
v 0.303478 3.483589 -3.099648
v 0.302640 3.479990 -3.102050
v 0.301513 3.476252 -3.103737
v 0.300139 3.472518 -3.104645
v 0.298571 3.468932 -3.104738
v 0.296870 3.465631 -3.104015
v 0.297181 3.491788 -3.066268
v 0.299181 3.492997 -3.068771
v 0.301025 3.493567 -3.071839
v 0.302640 3.493476 -3.075353
v 0.303967 3.492727 -3.079179
v 0.304952 3.491350 -3.083170
v 0.305559 3.489396 -3.087172
v 0.305764 3.486942 -3.091031
v 0.305559 3.484081 -3.094600
v 0.304952 3.480924 -3.097741
v 0.303967 3.477592 -3.100333
v 0.302640 3.474212 -3.102277
v 0.301025 3.470915 -3.103498
v 0.299181 3.467828 -3.103949
v 0.297181 3.465069 -3.103613
v 0.295101 3.489986 -3.064426
v 0.297412 3.491146 -3.065809
v 0.299635 3.491738 -3.067870
v 0.301683 3.491738 -3.070531
v 0.303478 3.491148 -3.073688
v 0.304952 3.489990 -3.077221
v 0.306047 3.488309 -3.080994
v 0.306721 3.486168 -3.084862
v 0.306949 3.483651 -3.088677
v 0.306721 3.480853 -3.092291
v 0.306047 3.477883 -3.095566
v 0.304952 3.474855 -3.098375
v 0.303478 3.471885 -3.100612
v 0.301683 3.469087 -3.102190
v 0.299635 3.466568 -3.103048
v 0.297412 3.464427 -3.103153
v 0.297554 3.490449 -3.065310
v 0.299914 3.490371 -3.066892
v 0.302088 3.489754 -3.069111
v 0.303994 3.488623 -3.071881
v 0.305559 3.487021 -3.075097
v 0.306721 3.485009 -3.078634
v 0.307437 3.482665 -3.082356
v 0.307678 3.480079 -3.086121
v 0.307437 3.477350 -3.089784
v 0.306721 3.474584 -3.093205
v 0.305559 3.471885 -3.096251
v 0.303994 3.469359 -3.098805
v 0.302088 3.467103 -3.100770
v 0.299914 3.465202 -3.102070
v 0.297554 3.463730 -3.102655
v 0.297603 3.489725 -3.064791
v 0.300008 3.488949 -3.065875
v 0.302225 3.487691 -3.067634
v 0.304169 3.485997 -3.070002
v 0.305764 3.483932 -3.072887
v 0.306949 3.481578 -3.076179
v 0.307678 3.479023 -3.079750
v 0.307925 3.476365 -3.083464
v 0.307678 3.473707 -3.087178
v 0.306949 3.471152 -3.090750
v 0.305764 3.468797 -3.094041
v 0.304169 3.466733 -3.096926
v 0.302225 3.465039 -3.099293
v 0.300008 3.463780 -3.101053
v 0.297603 3.463005 -3.102136
v 0.297554 3.489000 -3.064273
v 0.299914 3.487528 -3.064858
v 0.302088 3.485627 -3.066158
v 0.303994 3.483370 -3.068123
v 0.305559 3.480844 -3.070677
v 0.306721 3.478146 -3.073723
v 0.307437 3.475379 -3.077143
v 0.307678 3.472651 -3.080806
v 0.307437 3.470065 -3.084572
v 0.306721 3.467721 -3.088294
v 0.305559 3.465709 -3.091831
v 0.303994 3.464107 -3.095047
v 0.302088 3.462976 -3.097817
v 0.299914 3.462359 -3.100036
v 0.297554 3.462281 -3.101618
v 0.297412 3.488303 -3.063775
v 0.299635 3.486161 -3.063880
v 0.301683 3.483643 -3.064738
v 0.303478 3.480845 -3.066316
v 0.304952 3.477875 -3.068553
v 0.306047 3.474847 -3.071362
v 0.306721 3.471877 -3.074637
v 0.306949 3.469079 -3.078251
v 0.306721 3.466562 -3.082065
v 0.306047 3.464421 -3.085933
v 0.304952 3.462739 -3.089707
v 0.303478 3.461581 -3.093240
v 0.301683 3.460991 -3.096397
v 0.299635 3.460992 -3.099058
v 0.297412 3.461584 -3.101119
v 0.297181 3.487661 -3.063316
v 0.299181 3.484902 -3.062979
v 0.301025 3.481814 -3.063430
v 0.302640 3.478518 -3.064651
v 0.303967 3.475138 -3.066595
v 0.304952 3.471806 -3.069187
v 0.305559 3.468648 -3.072327
v 0.305764 3.465788 -3.075897
v 0.305559 3.463334 -3.079756
v 0.304952 3.461380 -3.083758
v 0.303967 3.460003 -3.087749
v 0.302640 3.459254 -3.091575
v 0.301025 3.459163 -3.095089
v 0.299181 3.459733 -3.098157
v 0.297181 3.460942 -3.100660
v 0.296870 3.487098 -3.062913
v 0.298571 3.483798 -3.062189
v 0.300139 3.480212 -3.062283
v 0.301513 3.476478 -3.063191
v 0.302640 3.472739 -3.064878
v 0.303478 3.469141 -3.067280
v 0.303994 3.465819 -3.070303
v 0.304169 3.462903 -3.073832
v 0.303994 3.460504 -3.077731
v 0.303478 3.458715 -3.081851
v 0.302640 3.457604 -3.086032
v 0.301513 3.457214 -3.090115
v 0.300139 3.457560 -3.093942
v 0.298571 3.458629 -3.097367
v 0.296870 3.460379 -3.100257
v 0.296491 3.486636 -3.062582
v 0.297827 3.482892 -3.061541
v 0.299059 3.478896 -3.061342
v 0.300139 3.474803 -3.061993
v 0.301025 3.470771 -3.063470
v 0.301683 3.466953 -3.065715
v 0.302088 3.463497 -3.068642
v 0.302225 3.460535 -3.072138
v 0.302088 3.458182 -3.076070
v 0.301683 3.456528 -3.080286
v 0.301025 3.455636 -3.084624
v 0.300139 3.455540 -3.088917
v 0.299059 3.456244 -3.093001
v 0.297827 3.457723 -3.096719
v 0.296491 3.459917 -3.099927
v 0.296058 3.486293 -3.062336
v 0.296979 3.482219 -3.061059
v 0.297827 3.477919 -3.060642
v 0.298571 3.473559 -3.061103
v 0.299181 3.469308 -3.062423
v 0.299635 3.465328 -3.064552
v 0.299914 3.461771 -3.067407
v 0.300008 3.458776 -3.070879
v 0.299914 3.456457 -3.074836
v 0.299635 3.454902 -3.079123
v 0.299181 3.454173 -3.083577
v 0.298571 3.454296 -3.088027
v 0.297827 3.455267 -3.092302
v 0.296979 3.457049 -3.096237
v 0.296058 3.459574 -3.099681
v 0.295589 3.486082 -3.062185
v 0.296058 3.481804 -3.060762
v 0.296491 3.477317 -3.060212
v 0.296870 3.472794 -3.060555
v 0.297181 3.468407 -3.061779
v 0.297412 3.464327 -3.063835
v 0.297554 3.460709 -3.066647
v 0.297603 3.457693 -3.070104
v 0.297554 3.455394 -3.074075
v 0.297412 3.453901 -3.078407
v 0.297181 3.453272 -3.082933
v 0.296870 3.453530 -3.087479
v 0.296491 3.454665 -3.091872
v 0.296058 3.456635 -3.095940
v 0.295589 3.459363 -3.099530
v 0.295101 3.486011 -3.062135
v 0.295101 3.481664 -3.060662
v 0.295101 3.477114 -3.060067
v 0.295101 3.472535 -3.060370
v 0.295101 3.468103 -3.061561
v 0.295101 3.463989 -3.063594
v 0.295101 3.460350 -3.066390
v 0.295101 3.457327 -3.069843
v 0.295101 3.455035 -3.073818
v 0.295101 3.453563 -3.078165
v 0.295101 3.452968 -3.082715
v 0.295101 3.453271 -3.087294
v 0.295101 3.454462 -3.091726
v 0.295101 3.456495 -3.095840
v 0.295101 3.459291 -3.099479
v 0.295101 3.462743 -3.102502
v 0.295101 3.493439 -3.067449
v 0.295101 3.496235 -3.071088
v 0.295101 3.499459 -3.079634
v 0.295101 3.499166 -3.088763
v 0.295101 3.488741 -3.103334
v 0.295101 3.480195 -3.106558
v 0.295101 3.475616 -3.106861
v 0.295101 3.471066 -3.106266
v 0.295101 3.466719 -3.104794
v 0.295101 3.303195 -3.220164
v 0.295101 3.294108 -3.219238
v 0.295101 3.286068 -3.214905
v 0.295101 3.282834 -3.211649
v 0.295101 3.280297 -3.207824
v 0.295101 3.277676 -3.199075
v 0.295589 3.312013 -3.217487
v 0.296058 3.307833 -3.219176
v 0.296491 3.303389 -3.220006
v 0.296870 3.298853 -3.219947
v 0.297181 3.294398 -3.219002
v 0.297412 3.290197 -3.217205
v 0.297554 3.286410 -3.214626
v 0.297603 3.283183 -3.211365
v 0.297554 3.280639 -3.207546
v 0.297412 3.278878 -3.203316
v 0.297181 3.277966 -3.198839
v 0.296870 3.277938 -3.194285
v 0.296491 3.278796 -3.189831
v 0.296058 3.280506 -3.185645
v 0.295589 3.283003 -3.181892
v 0.296058 3.312214 -3.217323
v 0.296979 3.308228 -3.218853
v 0.297827 3.303963 -3.219538
v 0.298571 3.299583 -3.219352
v 0.299181 3.295257 -3.218302
v 0.299635 3.291151 -3.216427
v 0.299914 3.287423 -3.213801
v 0.300008 3.284215 -3.210523
v 0.299914 3.281652 -3.206721
v 0.299635 3.279832 -3.202539
v 0.299181 3.278824 -3.198139
v 0.298571 3.278668 -3.193690
v 0.297827 3.279369 -3.189363
v 0.296979 3.280901 -3.185324
v 0.296058 3.283205 -3.181728
v 0.296491 3.312541 -3.217056
v 0.297827 3.308869 -3.218331
v 0.299059 3.304894 -3.218779
v 0.300139 3.300769 -3.218386
v 0.301025 3.296651 -3.217166
v 0.301683 3.292700 -3.215165
v 0.302088 3.289067 -3.212460
v 0.302225 3.285892 -3.209156
v 0.302088 3.283297 -3.205380
v 0.301683 3.281381 -3.201276
v 0.301025 3.280219 -3.197003
v 0.300139 3.279854 -3.192724
v 0.299059 3.280301 -3.188604
v 0.297827 3.281543 -3.184800
v 0.296491 3.283532 -3.181461
v 0.296870 3.312982 -3.216697
v 0.298571 3.309733 -3.217626
v 0.300139 3.306148 -3.217757
v 0.301513 3.302364 -3.217086
v 0.302640 3.298527 -3.215636
v 0.303478 3.294785 -3.213465
v 0.303994 3.291281 -3.210656
v 0.304169 3.288149 -3.207318
v 0.303994 3.285510 -3.203576
v 0.303478 3.283466 -3.199577
v 0.302640 3.282095 -3.195473
v 0.301513 3.281449 -3.191423
v 0.300139 3.281555 -3.187582
v 0.298571 3.282406 -3.184097
v 0.296870 3.283972 -3.181102
v 0.297181 3.313518 -3.216260
v 0.299181 3.310785 -3.216769
v 0.301025 3.307676 -3.216512
v 0.302640 3.304309 -3.215501
v 0.303967 3.300814 -3.213773
v 0.304952 3.297326 -3.211395
v 0.305559 3.293977 -3.208459
v 0.305764 3.290899 -3.205076
v 0.305559 3.288207 -3.201378
v 0.304952 3.286006 -3.197506
v 0.303967 3.284381 -3.193610
v 0.302640 3.283394 -3.189838
v 0.301025 3.283082 -3.186336
v 0.299181 3.283459 -3.183239
v 0.297181 3.284508 -3.180665
v 0.295101 3.315769 -3.215006
v 0.297412 3.314130 -3.215761
v 0.299635 3.311986 -3.215791
v 0.301683 3.309419 -3.215092
v 0.303478 3.306527 -3.213692
v 0.304952 3.303422 -3.211647
v 0.306047 3.300224 -3.209032
v 0.306721 3.297054 -3.205950
v 0.306949 3.294036 -3.202519
v 0.306721 3.291284 -3.198870
v 0.306047 3.288905 -3.195144
v 0.304952 3.286990 -3.191484
v 0.303478 3.285612 -3.188030
v 0.301683 3.284825 -3.184916
v 0.299635 3.284659 -3.182261
v 0.297412 3.285120 -3.180166
v 0.297554 3.314794 -3.215220
v 0.299914 3.313289 -3.214729
v 0.302088 3.311310 -3.213551
v 0.303994 3.308934 -3.211731
v 0.305559 3.306253 -3.209340
v 0.306721 3.303369 -3.206470
v 0.307437 3.300393 -3.203229
v 0.307678 3.297440 -3.199745
v 0.307437 3.294623 -3.196149
v 0.306721 3.292050 -3.192581
v 0.305559 3.289820 -3.189177
v 0.303994 3.288019 -3.186069
v 0.302088 3.286716 -3.183375
v 0.299914 3.285962 -3.181199
v 0.297554 3.285784 -3.179625
v 0.297603 3.315485 -3.214657
v 0.300008 3.314643 -3.213625
v 0.302225 3.313277 -3.211948
v 0.304169 3.311437 -3.209691
v 0.305764 3.309196 -3.206941
v 0.306949 3.306639 -3.203804
v 0.307678 3.303865 -3.200400
v 0.307925 3.300980 -3.196860
v 0.307678 3.298095 -3.193320
v 0.306949 3.295321 -3.189915
v 0.305764 3.292764 -3.186778
v 0.304169 3.290522 -3.184029
v 0.302225 3.288683 -3.181772
v 0.300008 3.287317 -3.180095
v 0.297603 3.286475 -3.179062
v 0.297554 3.316175 -3.214094
v 0.299914 3.315998 -3.212520
v 0.302088 3.315243 -3.210345
v 0.303994 3.313941 -3.207651
v 0.305559 3.312140 -3.204542
v 0.306721 3.309910 -3.201138
v 0.307437 3.307337 -3.197570
v 0.307678 3.304520 -3.193975
v 0.307437 3.301567 -3.190490
v 0.306721 3.298591 -3.187250
v 0.305559 3.295707 -3.184379
v 0.303994 3.293026 -3.181988
v 0.302088 3.290650 -3.180169
v 0.299914 3.288671 -3.178991
v 0.297554 3.287166 -3.178499
v 0.297412 3.316840 -3.213553
v 0.299635 3.317301 -3.211459
v 0.301683 3.317134 -3.208803
v 0.303478 3.316348 -3.205689
v 0.304952 3.314970 -3.202235
v 0.306047 3.313055 -3.198575
v 0.306721 3.310676 -3.194849
v 0.306949 3.307924 -3.191200
v 0.306721 3.304905 -3.187769
v 0.306047 3.301736 -3.184687
v 0.304952 3.298537 -3.182072
v 0.303478 3.295433 -3.180027
v 0.301683 3.292541 -3.178627
v 0.299635 3.289974 -3.177929
v 0.297412 3.287830 -3.177958
v 0.297181 3.317452 -3.213054
v 0.299181 3.318501 -3.210480
v 0.301025 3.318878 -3.207383
v 0.302640 3.318566 -3.203881
v 0.303967 3.317579 -3.200109
v 0.304952 3.315953 -3.196213
v 0.305559 3.313753 -3.192342
v 0.305764 3.311061 -3.188643
v 0.305559 3.307982 -3.185261
v 0.304952 3.304635 -3.182325
v 0.303967 3.301146 -3.179947
v 0.302640 3.297651 -3.178219
v 0.301025 3.294284 -3.177207
v 0.299181 3.291175 -3.176951
v 0.297181 3.288442 -3.177459
v 0.296870 3.317988 -3.212617
v 0.298571 3.319553 -3.209623
v 0.300139 3.320405 -3.206138
v 0.301513 3.320510 -3.202296
v 0.302640 3.319865 -3.198246
v 0.303478 3.318494 -3.194142
v 0.303994 3.316450 -3.190143
v 0.304169 3.313811 -3.186402
v 0.303994 3.310679 -3.183063
v 0.303478 3.307175 -3.180254
v 0.302640 3.303432 -3.178083
v 0.301513 3.299595 -3.176634
v 0.300139 3.295812 -3.175962
v 0.298571 3.292227 -3.176093
v 0.296870 3.288978 -3.177022
v 0.296491 3.318429 -3.212258
v 0.297827 3.320417 -3.208919
v 0.299059 3.321659 -3.205116
v 0.300139 3.322106 -3.200996
v 0.301025 3.321742 -3.196717
v 0.301683 3.320579 -3.192444
v 0.302088 3.318663 -3.188339
v 0.302225 3.316068 -3.184563
v 0.302088 3.312893 -3.181259
v 0.301683 3.309260 -3.178555
v 0.301025 3.305309 -3.176554
v 0.300139 3.301191 -3.175334
v 0.299059 3.297066 -3.174940
v 0.297827 3.293091 -3.175389
v 0.296491 3.289418 -3.176663
v 0.296058 3.318756 -3.211992
v 0.296979 3.321059 -3.208396
v 0.297827 3.322590 -3.204356
v 0.298571 3.323292 -3.200030
v 0.299181 3.323136 -3.195580
v 0.299635 3.322128 -3.191180
v 0.299914 3.320308 -3.186999
v 0.300008 3.317745 -3.183196
v 0.299914 3.314537 -3.179919
v 0.299635 3.310809 -3.177292
v 0.299181 3.306703 -3.175418
v 0.298571 3.302377 -3.174367
v 0.297827 3.297997 -3.174181
v 0.296979 3.293732 -3.174866
v 0.296058 3.289746 -3.176397
v 0.295589 3.318957 -3.211827
v 0.296058 3.321454 -3.208074
v 0.296491 3.323164 -3.203889
v 0.296870 3.324022 -3.199434
v 0.297181 3.323994 -3.194881
v 0.297412 3.323082 -3.190403
v 0.297554 3.321321 -3.186174
v 0.297603 3.318778 -3.182355
v 0.297554 3.315550 -3.179094
v 0.297412 3.311763 -3.176515
v 0.297181 3.307561 -3.174718
v 0.296870 3.303107 -3.173772
v 0.296491 3.298571 -3.173713
v 0.296058 3.294127 -3.174544
v 0.295589 3.289947 -3.176233
v 0.295101 3.319025 -3.211772
v 0.295101 3.321588 -3.207965
v 0.295101 3.323358 -3.203731
v 0.295101 3.324269 -3.199234
v 0.295101 3.324284 -3.194645
v 0.295101 3.323404 -3.190140
v 0.295101 3.321662 -3.185895
v 0.295101 3.319126 -3.182070
v 0.295101 3.315892 -3.178815
v 0.295101 3.312085 -3.176252
v 0.295101 3.307851 -3.174482
v 0.295101 3.303354 -3.173571
v 0.295101 3.298765 -3.173556
v 0.295101 3.294261 -3.174435
v 0.295101 3.290015 -3.176177
v 0.295101 3.286191 -3.178714
v 0.295101 3.311944 -3.217542
v 0.295101 3.307699 -3.219284
v 0.295101 3.298606 -3.220148
v 0.295101 3.289875 -3.217467
v 0.295101 3.278556 -3.203579
v 0.295101 3.277691 -3.194486
v 0.295101 3.278602 -3.189988
v 0.295101 3.280372 -3.185755
v 0.295101 3.282935 -3.181948
v 0.295101 3.424150 -3.347923
v 0.295101 3.415064 -3.346997
v 0.295101 3.407023 -3.342664
v 0.295101 3.403789 -3.339408
v 0.295101 3.401253 -3.335583
v 0.295101 3.398631 -3.326834
v 0.295589 3.432968 -3.345246
v 0.296058 3.428788 -3.346934
v 0.296491 3.424344 -3.347765
v 0.296870 3.419808 -3.347706
v 0.297181 3.415354 -3.346761
v 0.297412 3.411152 -3.344964
v 0.297554 3.407365 -3.342385
v 0.297603 3.404138 -3.339123
v 0.297554 3.401595 -3.335305
v 0.297412 3.399833 -3.331075
v 0.297181 3.398921 -3.326598
v 0.296870 3.398893 -3.322044
v 0.296491 3.399751 -3.317590
v 0.296058 3.401461 -3.313404
v 0.295589 3.403958 -3.309651
v 0.296058 3.433169 -3.345082
v 0.296979 3.429183 -3.346612
v 0.297827 3.424918 -3.347297
v 0.298571 3.420538 -3.347111
v 0.299181 3.416212 -3.346061
v 0.299635 3.412106 -3.344186
v 0.299914 3.408378 -3.341560
v 0.300008 3.405170 -3.338282
v 0.299914 3.402607 -3.334480
v 0.299635 3.400787 -3.330298
v 0.299181 3.399779 -3.325898
v 0.298571 3.399623 -3.321449
v 0.297827 3.400325 -3.317122
v 0.296979 3.401856 -3.313083
v 0.296058 3.404160 -3.309487
v 0.296491 3.433496 -3.344815
v 0.297827 3.429825 -3.346089
v 0.299059 3.425849 -3.346538
v 0.300139 3.421724 -3.346145
v 0.301025 3.417606 -3.344925
v 0.301683 3.413655 -3.342923
v 0.302088 3.410022 -3.340219
v 0.302225 3.406847 -3.336915
v 0.302088 3.404252 -3.333139
v 0.301683 3.402336 -3.329035
v 0.301025 3.401174 -3.324762
v 0.300139 3.400809 -3.320482
v 0.299059 3.401256 -3.316363
v 0.297827 3.402498 -3.312559
v 0.296491 3.404487 -3.309220
v 0.296870 3.433937 -3.344456
v 0.298571 3.430688 -3.345385
v 0.300139 3.427103 -3.345516
v 0.301513 3.423320 -3.344845
v 0.302640 3.419483 -3.343395
v 0.303478 3.415740 -3.341224
v 0.303994 3.412236 -3.338415
v 0.304169 3.409104 -3.335076
v 0.303994 3.406466 -3.331335
v 0.303478 3.404421 -3.327336
v 0.302640 3.403050 -3.323232
v 0.301513 3.402405 -3.319182
v 0.300139 3.402510 -3.315341
v 0.298571 3.403362 -3.311856
v 0.296870 3.404927 -3.308861
v 0.297181 3.434474 -3.344019
v 0.299181 3.431740 -3.344528
v 0.301025 3.428631 -3.344271
v 0.302640 3.425264 -3.343260
v 0.303967 3.421769 -3.341532
v 0.304952 3.418281 -3.339154
v 0.305559 3.414933 -3.336217
v 0.305764 3.411854 -3.332835
v 0.305559 3.409162 -3.329137
v 0.304952 3.406962 -3.325265
v 0.303967 3.405336 -3.321369
v 0.302640 3.404349 -3.317597
v 0.301025 3.404037 -3.314095
v 0.299181 3.404414 -3.310998
v 0.297181 3.405463 -3.308424
v 0.295101 3.436724 -3.342765
v 0.297412 3.435085 -3.343520
v 0.299635 3.432941 -3.343549
v 0.301683 3.430374 -3.342851
v 0.303478 3.427482 -3.341451
v 0.304952 3.424378 -3.339406
v 0.306047 3.421179 -3.336791
v 0.306721 3.418010 -3.333709
v 0.306949 3.414991 -3.330278
v 0.306721 3.412239 -3.326629
v 0.306047 3.409860 -3.322903
v 0.304952 3.407945 -3.319243
v 0.303478 3.406568 -3.315789
v 0.301683 3.405781 -3.312675
v 0.299635 3.405614 -3.310019
v 0.297412 3.406075 -3.307925
v 0.297554 3.435750 -3.342979
v 0.299914 3.434244 -3.342488
v 0.302088 3.432265 -3.341309
v 0.303994 3.429889 -3.339490
v 0.305559 3.427208 -3.337099
v 0.306721 3.424324 -3.334229
v 0.307437 3.421348 -3.330988
v 0.307678 3.418395 -3.327503
v 0.307437 3.415578 -3.323908
v 0.306721 3.413005 -3.320340
v 0.305559 3.410775 -3.316936
v 0.303994 3.408975 -3.313828
v 0.302088 3.407672 -3.311134
v 0.299914 3.406917 -3.308958
v 0.297554 3.406740 -3.307384
v 0.297603 3.436440 -3.342416
v 0.300008 3.435599 -3.341384
v 0.302225 3.434232 -3.339707
v 0.304169 3.432393 -3.337450
v 0.305764 3.430151 -3.334700
v 0.306949 3.427595 -3.331563
v 0.307678 3.424820 -3.328159
v 0.307925 3.421935 -3.324619
v 0.307678 3.419050 -3.321079
v 0.306949 3.416276 -3.317674
v 0.305764 3.413719 -3.314537
v 0.304169 3.411478 -3.311788
v 0.302225 3.409638 -3.309530
v 0.300008 3.408272 -3.307854
v 0.297603 3.407430 -3.306821
v 0.297554 3.437131 -3.341853
v 0.299914 3.436953 -3.340279
v 0.302088 3.436199 -3.338104
v 0.303994 3.434896 -3.335409
v 0.305559 3.433095 -3.332301
v 0.306721 3.430865 -3.328897
v 0.307437 3.428293 -3.325329
v 0.307678 3.425475 -3.321734
v 0.307437 3.422522 -3.318249
v 0.306721 3.419546 -3.315009
v 0.305559 3.416662 -3.312138
v 0.303994 3.413981 -3.309747
v 0.302088 3.411605 -3.307928
v 0.299914 3.409626 -3.306750
v 0.297554 3.408121 -3.306258
v 0.297412 3.437795 -3.341312
v 0.299635 3.438256 -3.339218
v 0.301683 3.438090 -3.336562
v 0.303478 3.437303 -3.333448
v 0.304952 3.435925 -3.329994
v 0.306047 3.434011 -3.326334
v 0.306721 3.431631 -3.322608
v 0.306949 3.428879 -3.318959
v 0.306721 3.425861 -3.315528
v 0.306047 3.422691 -3.312446
v 0.304952 3.419493 -3.309831
v 0.303478 3.416388 -3.307786
v 0.301683 3.413496 -3.306386
v 0.299635 3.410929 -3.305688
v 0.297412 3.408785 -3.305717
v 0.297181 3.438407 -3.340813
v 0.299181 3.439456 -3.338239
v 0.301025 3.439833 -3.335142
v 0.302640 3.439521 -3.331640
v 0.303967 3.438534 -3.327868
v 0.304952 3.436909 -3.323972
v 0.305559 3.434708 -3.320101
v 0.305764 3.432017 -3.316402
v 0.305559 3.428938 -3.313020
v 0.304952 3.425590 -3.310084
v 0.303967 3.422101 -3.307706
v 0.302640 3.418606 -3.305978
v 0.301025 3.415239 -3.304966
v 0.299181 3.412130 -3.304709
v 0.297181 3.409397 -3.305218
v 0.296870 3.438943 -3.340376
v 0.298571 3.440509 -3.337382
v 0.300139 3.441360 -3.333896
v 0.301513 3.441466 -3.330055
v 0.302640 3.440820 -3.326005
v 0.303478 3.439449 -3.321901
v 0.303994 3.437405 -3.317902
v 0.304169 3.434766 -3.314161
v 0.303994 3.431635 -3.310822
v 0.303478 3.428130 -3.308013
v 0.302640 3.424387 -3.305842
v 0.301513 3.420551 -3.304393
v 0.300139 3.416767 -3.303721
v 0.298571 3.413182 -3.303852
v 0.296870 3.409934 -3.304781
v 0.296491 3.439384 -3.340017
v 0.297827 3.441372 -3.336678
v 0.299059 3.442614 -3.332875
v 0.300139 3.443061 -3.328755
v 0.301025 3.442697 -3.324476
v 0.301683 3.441534 -3.320203
v 0.302088 3.439618 -3.316098
v 0.302225 3.437023 -3.312322
v 0.302088 3.433848 -3.309018
v 0.301683 3.430215 -3.306314
v 0.301025 3.426264 -3.304313
v 0.300139 3.422146 -3.303093
v 0.299059 3.418021 -3.302699
v 0.297827 3.414046 -3.303148
v 0.296491 3.410374 -3.304422
v 0.296058 3.439711 -3.339751
v 0.296979 3.442014 -3.336155
v 0.297827 3.443546 -3.332115
v 0.298571 3.444247 -3.327789
v 0.299181 3.444091 -3.323339
v 0.299635 3.443083 -3.318939
v 0.299914 3.441263 -3.314758
v 0.300008 3.438700 -3.310955
v 0.299914 3.435493 -3.307678
v 0.299635 3.431764 -3.305051
v 0.299181 3.427658 -3.303177
v 0.298571 3.423332 -3.302126
v 0.297827 3.418952 -3.301940
v 0.296979 3.414688 -3.302625
v 0.296058 3.410701 -3.304156
v 0.295589 3.439912 -3.339586
v 0.296058 3.442409 -3.335833
v 0.296491 3.444119 -3.331648
v 0.296870 3.444977 -3.327193
v 0.297181 3.444950 -3.322640
v 0.297412 3.444037 -3.318162
v 0.297554 3.442276 -3.313933
v 0.297603 3.439733 -3.310114
v 0.297554 3.436505 -3.306853
v 0.297412 3.432718 -3.304274
v 0.297181 3.428517 -3.302477
v 0.296870 3.424062 -3.301531
v 0.296491 3.419526 -3.301472
v 0.296058 3.415083 -3.302303
v 0.295589 3.410903 -3.303992
v 0.295101 3.439980 -3.339531
v 0.295101 3.442543 -3.335724
v 0.295101 3.444313 -3.331490
v 0.295101 3.445224 -3.326992
v 0.295101 3.445240 -3.322404
v 0.295101 3.444359 -3.317899
v 0.295101 3.442618 -3.313654
v 0.295101 3.440081 -3.309829
v 0.295101 3.436847 -3.306574
v 0.295101 3.433041 -3.304011
v 0.295101 3.428807 -3.302241
v 0.295101 3.424309 -3.301330
v 0.295101 3.419720 -3.301315
v 0.295101 3.415216 -3.302194
v 0.295101 3.410970 -3.303936
v 0.295101 3.407146 -3.306473
v 0.295101 3.432900 -3.345301
v 0.295101 3.428654 -3.347043
v 0.295101 3.419561 -3.347907
v 0.295101 3.410830 -3.345226
v 0.295101 3.399511 -3.331338
v 0.295101 3.398647 -3.322245
v 0.295101 3.399557 -3.317747
v 0.295101 3.401328 -3.313514
v 0.295101 3.403890 -3.309706
vn -0.0332 0.9994 -0.0027
vn 0.9995 0.0332 -0.0000
vn 0.0001 -0.0028 -1.0000
vn -0.9995 -0.0332 -0.0000
vn 0.0332 -0.9994 0.0028
vn -0.8439 0.2483 0.4756
vn -0.7564 0.6363 0.1516
vn -0.9934 0.0866 0.0753
vn -0.7560 0.6352 -0.1580
vn -0.8403 0.2446 -0.4838
vn -0.9933 0.0861 -0.0773
vn -0.8257 -0.3011 0.4771
vn -0.9855 -0.1518 0.0760
vn -0.7126 -0.6842 0.1552
vn -0.8221 -0.3024 -0.4823
vn -0.7122 -0.6848 -0.1543
vn -0.9854 -0.1522 -0.0767
vn 0.8256 0.3037 0.4756
vn 0.9855 0.1522 0.0753
vn 0.7125 0.6851 0.1516
vn 0.8222 0.2998 -0.4838
vn 0.7123 0.6839 -0.1580
vn 0.9854 0.1518 -0.0774
vn 0.8438 -0.2457 0.4771
vn 0.7563 -0.6355 0.1552
vn 0.9934 -0.0861 0.0760
vn 0.8404 -0.2473 -0.4823
vn 0.9933 -0.0866 -0.0767
vn 0.7560 -0.6361 -0.1543
vn -0.8926 -0.0284 0.4500
vn -0.9957 -0.0328 0.0862
vn -0.8032 0.5957 -0.0017
vn -0.9948 0.1021 -0.0003
vn -0.8891 -0.0308 -0.4566
vn -0.9956 -0.0333 -0.0877
vn -0.7619 -0.6476 0.0017
vn -0.9858 -0.1678 0.0004
vn 0.0181 -0.5441 0.8388
vn 0.0320 -0.9659 0.2568
vn 0.0180 -0.5418 -0.8403
vn 0.0320 -0.9662 -0.2558
vn 0.9944 -0.1053 -0.0001
vn 0.7963 -0.6050 -0.0009
vn 0.8925 0.0308 0.4500
vn 0.9957 0.0333 0.0861
vn 0.8892 0.0282 -0.4566
vn 0.9956 0.0328 -0.0877
vn 0.7544 0.6564 -0.0021
vn 0.9853 0.1710 -0.0004
vn -0.0182 0.5487 0.8358
vn -0.0321 0.9673 0.2515
vn -0.0178 0.5371 -0.8433
vn -0.0320 0.9648 -0.2612
vn -0.0001 0.0028 1.0000
vn 0.9858 0.1678 -0.0004
vn 0.9858 0.1678 -0.0013
vn 0.9853 0.1710 0.0003
vn 0.7619 0.6476 -0.0017
vn 0.7619 0.6476 -0.0019
vn 0.7544 0.6564 -0.0017
vn 0.8032 -0.5957 0.0017
vn 0.8032 -0.5957 -0.0003
vn 0.7963 -0.6049 0.0060
vn 0.9948 -0.1021 0.0004
vn 0.9948 -0.1021 -0.0010
vn 0.9944 -0.1053 0.0020
vn -0.9858 -0.1678 0.0009
vn -0.9858 -0.1678 -0.0003
vn -0.7619 -0.6476 0.0011
vn -0.7619 -0.6476 0.0019
vn -0.9948 0.1021 0.0001
vn -0.9948 0.1021 -0.0020
vn -0.9948 0.1021 0.0005
vn -0.8032 0.5957 0.0005
vn -0.8032 0.5957 -0.0056
vn -0.8032 0.5957 -0.0005
vn 0.0800 -0.9968 0.0006
vn 0.0800 -0.9968 0.0064
vn 0.0332 -0.9995 0.0008
vn -0.9995 -0.0332 -0.0009
vn -0.9995 -0.0331 0.0008
vn 0.9994 0.0332 0.0009
vn 0.9994 0.0331 -0.0011
vn 0.0138 0.9999 -0.0013
vn 0.0138 0.9999 -0.0057
vn -0.0331 0.9994 -0.0018
vn -0.0000 0.0087 1.0000
vn 1.0000 0.0087 -0.0000
vn -0.0000 1.0000 -0.0000
vn -1.0000 0.0087 -0.0000
vn -0.0000 0.0087 -1.0000
vn -0.3251 -0.8881 0.3251
vn -0.3251 -0.3251 0.8881
vn -0.8881 -0.3251 0.3251
vn -0.3251 0.3251 0.8881
vn -0.3251 0.8881 0.3251
vn -0.8881 0.3251 0.3251
vn -0.3251 -0.8881 -0.3251
vn -0.8881 -0.3251 -0.3251
vn -0.3251 -0.3251 -0.8881
vn -0.3251 0.8881 -0.3251
vn -0.3251 0.3251 -0.8881
vn -0.8881 0.3251 -0.3251
vn 0.3251 -0.8881 0.3251
vn 0.8881 -0.3251 0.3251
vn 0.3251 -0.3251 0.8881
vn 0.3251 0.8881 0.3251
vn 0.3251 0.3251 0.8881
vn 0.8881 0.3251 0.3251
vn 0.3251 -0.8881 -0.3251
vn 0.3251 -0.3251 -0.8881
vn 0.8881 -0.3251 -0.3251
vn 0.3251 0.8881 -0.3251
vn 0.8881 0.3251 -0.3251
vn 0.3251 0.3251 -0.8881
vn -0.3827 -0.9239 -0.0000
vn -0.9239 -0.3827 -0.0000
vn -0.3827 0.0106 0.9238
vn -0.9238 0.0106 0.3827
vn -0.3827 0.9239 -0.0000
vn -0.9239 0.3827 -0.0000
vn -0.3827 -0.0000 -0.9239
vn -0.9239 -0.0000 -0.3827
vn -0.0000 -0.9239 -0.3827
vn -0.0000 -0.3827 -0.9239
vn -0.0000 0.9239 -0.3827
vn -0.0000 0.3827 -0.9239
vn 0.9206 0.0031 -0.3904
vn 0.3750 0.0083 -0.9270
vn 0.3827 -0.9239 -0.0000
vn 0.9239 -0.3827 -0.0000
vn 0.3827 0.9239 -0.0000
vn 0.9239 0.3827 -0.0000
vn 0.3750 0.0010 0.9270
vn 0.9206 -0.0000 0.3905
vn -0.0000 -0.9239 0.3827
vn -0.0000 -0.3827 0.9239
vn -0.0000 0.9239 0.3827
vn -0.0000 0.3827 0.9239
vn -0.0000 -1.0000 -0.0000
vn 0.9238 0.0106 0.3827
vn 0.9239 0.0056 0.3827
vn 0.9206 -0.0043 0.3904
vn 0.3827 0.0106 0.9238
vn 0.3827 0.0006 0.9239
vn 0.3750 -0.0003 0.9270
vn 0.3827 0.0106 -0.9238
vn 0.3827 0.0066 -0.9239
vn 0.3750 -0.0136 -0.9269
vn 0.9238 0.0106 -0.3827
vn 0.9238 0.0081 -0.3827
vn 0.9206 -0.0099 -0.3904
vn -0.9238 0.0106 -0.3827
vn -0.9239 -0.0030 -0.3827
vn -0.9239 0.0043 -0.3827
vn -0.3827 0.0106 -0.9238
vn -0.3827 0.0020 -0.9239
vn -0.3827 -0.0007 -0.9239
vn -0.9239 -0.0030 0.3827
vn -0.9238 0.0098 0.3827
vn -0.9239 -0.0055 0.3827
vn -0.3827 -0.0073 0.9239
vn -0.3827 0.0126 0.9238
vn -0.3827 -0.0040 0.9239
vn 0.0155 0.0046 -0.9999
vn 0.0155 -0.0080 -0.9998
vn -0.0000 0.0043 -1.0000
vn -1.0000 -0.0000 -0.0000
vn -1.0000 0.0060 -0.0000
vn -1.0000 -0.0050 -0.0000
vn 1.0000 -0.0000 -0.0000
vn 1.0000 -0.0060 -0.0000
vn 1.0000 0.0071 -0.0000
vn 0.0155 -0.0032 0.9999
vn 0.0155 0.0064 0.9999
vn -0.0000 -0.0022 1.0000
vn -0.0000 -0.0000 1.0000
vn -0.0000 -0.0110 -0.9999
vn -0.3251 0.8881 -0.3250
vn 0.8881 -0.3250 -0.3251
vn 0.3250 0.8881 -0.3251
vn -0.3827 -0.0000 0.9239
vn -0.9239 -0.0000 0.3827
vn -0.3841 -0.0078 -0.9233
vn -0.9245 -0.0002 -0.3812
vn 0.9242 -0.0229 -0.3811
vn 0.3841 -0.0172 -0.9231
vn 0.3827 -0.0131 0.9238
vn 0.9238 -0.0131 0.3827
vn 0.9239 -0.0000 0.3827
vn 0.9239 0.0019 0.3827
vn 0.9239 -0.0019 0.3827
vn 0.3827 -0.0000 0.9239
vn 0.3827 -0.0046 0.9239
vn 0.3827 0.0046 0.9239
vn 0.3827 -0.0102 -0.9238
vn 0.3827 -0.0082 -0.9239
vn 0.3840 0.0222 -0.9230
vn 0.9239 -0.0042 -0.3827
vn 0.9238 -0.0141 -0.3826
vn 0.9241 0.0279 -0.3811
vn -0.9239 -0.0042 -0.3827
vn -0.9238 -0.0141 -0.3826
vn -0.9245 0.0052 -0.3812
vn -0.3827 -0.0102 -0.9238
vn -0.3827 -0.0082 -0.9239
vn -0.3841 0.0128 -0.9232
vn -0.9238 -0.0131 0.3827
vn -0.9239 0.0073 0.3827
vn -0.9239 -0.0073 0.3827
vn -0.3827 -0.0131 0.9238
vn -0.3827 0.0104 0.9238
vn -0.3827 -0.0104 0.9238
vn -0.0000 -0.0107 -0.9999
vn -0.0000 0.0148 -0.9999
vn -0.0000 -0.0041 -1.0000
vn -0.9997 -0.0038 -0.0238
vn -0.9991 0.0022 -0.0433
vn -0.9998 -0.0091 -0.0196
vn 0.9997 -0.0160 0.0181
vn 0.9998 0.0101 -0.0163
vn 0.9994 -0.0046 -0.0351
vn -0.0000 -0.0107 0.9999
vn -0.0045 0.0080 1.0000
vn -0.0045 -0.0080 1.0000
vn -0.0000 -0.9999 -0.0169
vn -0.0000 -0.0169 0.9999
vn -0.0000 0.9999 0.0169
vn -0.8228 -0.2757 -0.4969
vn -0.7185 -0.6748 -0.1687
vn -0.9890 -0.1236 -0.0814
vn -0.7181 -0.6798 0.1487
vn -0.8191 -0.2911 0.4942
vn -0.9889 -0.1263 0.0786
vn -0.8228 0.2923 -0.4874
vn -0.9890 0.1263 -0.0771
vn -0.7185 0.6801 -0.1458
vn -0.8191 0.2743 0.5038
vn -0.7181 0.6744 0.1716
vn -0.9889 0.1236 0.0828
vn 0.8228 -0.2757 -0.4970
vn 0.9890 -0.1236 -0.0814
vn 0.7185 -0.6748 -0.1687
vn 0.8191 -0.2911 0.4942
vn 0.7181 -0.6798 0.1487
vn 0.9889 -0.1263 0.0786
vn 0.8228 0.2923 -0.4874
vn 0.7185 0.6801 -0.1459
vn 0.9890 0.1263 -0.0771
vn 0.8192 0.2743 0.5038
vn 0.9889 0.1236 0.0828
vn 0.7181 0.6744 0.1716
vn -0.8841 0.0079 -0.4673
vn -0.9959 0.0015 -0.0903
vn -0.7682 -0.6401 -0.0108
vn -0.9899 -0.1415 -0.0024
vn -0.8805 -0.0080 0.4740
vn -0.9958 -0.0016 0.0920
vn -0.7682 0.6401 0.0108
vn -0.9899 0.1415 0.0024
vn -0.0000 0.5608 -0.8279
vn -0.0000 0.9713 -0.2378
vn -0.0000 0.5255 0.8508
vn -0.0000 0.9615 0.2748
vn 0.9895 0.1448 0.0030
vn 0.7607 0.6489 0.0136
vn 0.8841 0.0079 -0.4673
vn 0.9959 0.0015 -0.0903
vn 0.8805 -0.0080 0.4740
vn 0.9958 -0.0016 0.0920
vn 0.7607 -0.6490 -0.0106
vn 0.9895 -0.1448 -0.0024
vn -0.0000 -0.5325 -0.8464
vn -0.0000 -0.9627 -0.2704
vn -0.0000 -0.5539 0.8326
vn -0.0000 -0.9702 0.2422
vn -0.0000 0.0169 -0.9999
vn 0.9899 -0.1415 -0.0024
vn 0.9899 -0.1415 -0.0020
vn 0.9894 -0.1449 -0.0026
vn 0.7682 -0.6401 -0.0108
vn 0.7682 -0.6401 -0.0130
vn 0.7606 -0.6492 -0.0087
vn 0.7682 0.6401 0.0108
vn 0.7682 0.6401 0.0106
vn 0.7605 0.6492 0.0090
vn 0.9899 0.1415 0.0024
vn 0.9899 0.1415 0.0032
vn 0.9894 0.1449 0.0013
vn -0.9899 0.1415 0.0019
vn -0.9899 0.1415 0.0031
vn -0.7682 0.6401 0.0115
vn -0.7682 0.6401 0.0106
vn -0.9899 -0.1415 -0.0029
vn -0.9899 -0.1415 -0.0007
vn -0.9899 -0.1415 -0.0033
vn -0.7682 -0.6400 -0.0131
vn -0.7682 -0.6401 -0.0068
vn -0.7682 -0.6401 -0.0121
vn 0.0447 0.9988 0.0190
vn 0.0849 0.9963 0.0150
vn 0.0406 0.9990 0.0170
vn -1.0000 -0.0000 0.0010
vn -1.0000 -0.0000 -0.0008
vn 1.0000 -0.0000 -0.0008
vn 1.0000 -0.0000 0.0010
vn 0.0447 -0.9988 -0.0184
vn 0.0849 -0.9963 -0.0120
vn 0.0406 -0.9990 -0.0198
vn 0.0996 -0.9149 -0.3911
vn 0.1271 -0.8185 -0.5603
vn 0.2230 -0.8091 -0.5437
vn 0.1688 -0.9092 -0.3807
vn 0.1675 0.1956 -0.9663
vn 0.1520 0.3788 -0.9129
vn 0.2990 0.3764 -0.8769
vn 0.3214 0.1965 -0.9264
vn 0.0684 -0.9763 -0.2056
vn 0.1063 -0.9740 -0.2001
vn 0.1769 0.0057 -0.9842
vn 0.3329 0.0107 -0.9429
vn 0.0056 0.9786 -0.2056
vn 0.1028 0.9947 -0.0000
vn 0.0435 0.9788 -0.2001
vn 0.1664 -0.9861 -0.0000
vn 0.1797 -0.1844 -0.9663
vn 0.3333 -0.1754 -0.9263
vn 0.0407 0.9194 -0.3911
vn 0.1100 0.9181 -0.3807
vn 0.1760 -0.3682 -0.9129
vn 0.3226 -0.3564 -0.8769
vn 0.0742 0.8250 -0.5603
vn 0.1706 0.8217 -0.5437
vn 0.1658 -0.5394 -0.8256
vn 0.3006 -0.5264 -0.7953
vn 0.1046 0.6996 -0.7068
vn 0.2231 0.6951 -0.6834
vn 0.1494 -0.6915 -0.7068
vn 0.2673 -0.6794 -0.6834
vn 0.1308 0.5489 -0.8256
vn 0.2661 0.5446 -0.7953
vn 0.4749 -0.6369 -0.6073
vn 0.3957 -0.7757 -0.4917
vn 0.5008 0.5155 -0.6953
vn 0.5494 0.3547 -0.7566
vn 0.2950 -0.8893 -0.3493
vn 0.5801 0.1882 -0.7925
vn 0.1750 -0.9671 -0.1847
vn 0.5939 0.0191 -0.8043
vn 0.1125 0.9763 -0.1847
vn 0.5910 -0.1505 -0.7925
vn 0.2373 0.9065 -0.3494
vn 0.5711 -0.3186 -0.7565
vn 0.3451 0.7995 -0.4917
vn 0.5329 -0.4822 -0.6953
vn 0.4330 0.6660 -0.6073
vn 0.1727 0.9715 -0.1622
vn 0.3448 0.8881 -0.3039
vn 0.7632 -0.1264 -0.6337
vn 0.7413 -0.2789 -0.6104
vn 0.4852 0.7673 -0.4194
vn 0.6987 -0.4332 -0.5693
vn 0.5922 0.6263 -0.5070
vn 0.6312 -0.5870 -0.5070
vn 0.6694 0.4772 -0.5694
vn 0.5334 -0.7345 -0.4194
vn 0.7219 0.3260 -0.6104
vn 0.4012 -0.8641 -0.3039
vn 0.7535 0.1751 -0.6337
vn 0.2348 -0.9584 -0.1622
vn 0.7670 0.0247 -0.6412
vn 0.7815 0.4409 -0.4413
vn 0.8317 0.2996 -0.4674
vn 0.6360 -0.6939 -0.3375
vn 0.4854 -0.8379 -0.2496
vn 0.8611 0.1627 -0.4817
vn 0.2837 -0.9494 -0.1348
vn 0.8734 0.0281 -0.4862
vn 0.2223 0.9656 -0.1348
vn 0.8698 -0.1070 -0.4817
vn 0.4305 0.8674 -0.2496
vn 0.8493 -0.2455 -0.4674
vn 0.5902 0.7333 -0.3375
vn 0.8083 -0.3898 -0.4413
vn 0.7041 0.5870 -0.3997
vn 0.7403 -0.5405 -0.3997
vn 0.9339 -0.0930 -0.3451
vn 0.9155 -0.2206 -0.3366
vn 0.4948 0.8480 -0.1901
vn 0.6645 0.7033 -0.2526
vn 0.8776 -0.3563 -0.3206
vn 0.7787 0.5541 -0.2942
vn 0.8127 -0.5029 -0.2942
vn 0.8529 0.4120 -0.3206
vn 0.7083 -0.6592 -0.2526
vn 0.8994 0.2789 -0.3366
vn 0.5482 -0.8144 -0.1901
vn 0.9260 0.1528 -0.3451
vn 0.3219 -0.9411 -0.1037
vn 0.9371 0.0301 -0.3478
vn 0.2607 0.9598 -0.1037
vn 0.7555 -0.6333 -0.1676
vn 0.5915 -0.7961 -0.1279
vn 0.9395 0.2647 -0.2175
vn 0.9640 0.1460 -0.2223
vn 0.3488 -0.9346 -0.0702
vn 0.9741 0.0313 -0.2238
vn 0.2879 0.9551 -0.0703
vn 0.9714 -0.0838 -0.2223
vn 0.5391 0.8325 -0.1279
vn 0.9546 -0.2037 -0.2175
vn 0.7133 0.6805 -0.1676
vn 0.9196 -0.3331 -0.2084
vn 0.8257 0.5301 -0.1929
vn 0.8580 -0.4760 -0.1929
vn 0.8963 0.3915 -0.2084
vn 0.9752 -0.1941 -0.1067
vn 0.9420 -0.3196 -0.1025
vn 0.7409 0.6664 -0.0835
vn 0.8514 0.5158 -0.0954
vn 0.8828 -0.4600 -0.0954
vn 0.9195 0.3795 -0.1025
vn 0.7822 -0.6174 -0.0835
vn 0.9607 0.2564 -0.1067
vn 0.6167 -0.7846 -0.0642
vn 0.9839 0.1421 -0.1089
vn 0.3648 -0.9304 -0.0355
vn 0.9935 0.0320 -0.1095
vn 0.3043 0.9519 -0.0354
vn 0.9909 -0.0785 -0.1089
vn 0.5651 0.8225 -0.0642
vn 0.6250 -0.7806 -0.0000
vn 0.3702 -0.9289 -0.0000
vn 0.9900 0.1408 -0.0000
vn 0.9995 0.0321 -0.0000
vn 0.3097 0.9508 -0.0000
vn 0.9970 -0.0769 -0.0000
vn 0.5736 0.8191 -0.0000
vn 0.9816 -0.1910 -0.0000
vn 0.7498 0.6617 -0.0000
vn 0.9490 -0.3152 -0.0000
vn 0.8596 0.5110 -0.0000
vn 0.8907 -0.4547 -0.0000
vn 0.9268 0.3756 -0.0000
vn 0.7908 -0.6121 -0.0000
vn 0.9673 0.2537 -0.0000
vn 0.7409 0.6664 0.0835
vn 0.8514 0.5158 0.0954
vn 0.9420 -0.3197 0.1025
vn 0.8828 -0.4600 0.0954
vn 0.9195 0.3795 0.1025
vn 0.7822 -0.6174 0.0835
vn 0.9607 0.2564 0.1067
vn 0.6167 -0.7846 0.0642
vn 0.9839 0.1421 0.1089
vn 0.3648 -0.9304 0.0355
vn 0.9935 0.0320 0.1095
vn 0.3044 0.9519 0.0354
vn 0.9909 -0.0785 0.1089
vn 0.5651 0.8225 0.0642
vn 0.9752 -0.1941 0.1067
vn 0.9640 0.1460 0.2223
vn 0.9741 0.0313 0.2238
vn 0.2878 0.9551 0.0703
vn 0.3487 -0.9346 0.0702
vn 0.9714 -0.0838 0.2223
vn 0.5391 0.8325 0.1279
vn 0.9546 -0.2037 0.2175
vn 0.7133 0.6805 0.1676
vn 0.9196 -0.3331 0.2084
vn 0.8257 0.5302 0.1929
vn 0.8580 -0.4760 0.1929
vn 0.8963 0.3915 0.2084
vn 0.7555 -0.6333 0.1676
vn 0.9395 0.2646 0.2175
vn 0.5915 -0.7961 0.1279
vn 0.8776 -0.3563 0.3206
vn 0.8127 -0.5029 0.2942
vn 0.7788 0.5541 0.2942
vn 0.8529 0.4120 0.3206
vn 0.7083 -0.6592 0.2526
vn 0.8994 0.2789 0.3366
vn 0.5483 -0.8144 0.1901
vn 0.9260 0.1528 0.3451
vn 0.3218 -0.9411 0.1036
vn 0.9371 0.0301 0.3478
vn 0.2606 0.9599 0.1037
vn 0.9339 -0.0930 0.3451
vn 0.4948 0.8480 0.1901
vn 0.9155 -0.2205 0.3366
vn 0.6645 0.7033 0.2526
vn 0.2223 0.9656 0.1348
vn 0.2837 -0.9494 0.1348
vn 0.8734 0.0281 0.4862
vn 0.8698 -0.1070 0.4817
vn 0.4305 0.8674 0.2496
vn 0.8493 -0.2455 0.4674
vn 0.5902 0.7333 0.3375
vn 0.8083 -0.3898 0.4413
vn 0.7041 0.5870 0.3997
vn 0.7403 -0.5405 0.3997
vn 0.7815 0.4409 0.4413
vn 0.6361 -0.6939 0.3375
vn 0.8317 0.2996 0.4674
vn 0.4854 -0.8379 0.2496
vn 0.8611 0.1627 0.4817
vn 0.5922 0.6264 0.5070
vn 0.6694 0.4772 0.5694
vn 0.6312 -0.5870 0.5069
vn 0.5335 -0.7345 0.4194
vn 0.7219 0.3260 0.6104
vn 0.4012 -0.8641 0.3039
vn 0.7535 0.1751 0.6337
vn 0.2348 -0.9584 0.1622
vn 0.7670 0.0247 0.6412
vn 0.1729 0.9715 0.1622
vn 0.7632 -0.1264 0.6337
vn 0.3449 0.8881 0.3039
vn 0.7413 -0.2789 0.6104
vn 0.4852 0.7673 0.4194
vn 0.6987 -0.4332 0.5693
vn 0.5939 0.0191 0.8043
vn 0.5910 -0.1505 0.7925
vn 0.1126 0.9763 0.1847
vn 0.2373 0.9064 0.3493
vn 0.5711 -0.3186 0.7566
vn 0.3451 0.7995 0.4917
vn 0.5329 -0.4822 0.6953
vn 0.4330 0.6661 0.6073
vn 0.4749 -0.6369 0.6073
vn 0.5008 0.5155 0.6953
vn 0.3957 -0.7757 0.4916
vn 0.5494 0.3547 0.7566
vn 0.2950 -0.8893 0.3493
vn 0.5801 0.1882 0.7925
vn 0.1750 -0.9671 0.1847
vn 0.2673 -0.6794 0.6834
vn 0.2230 -0.8091 0.5437
vn 0.2661 0.5446 0.7953
vn 0.2990 0.3764 0.8769
vn 0.1688 -0.9092 0.3806
vn 0.3214 0.1965 0.9264
vn 0.1063 -0.9740 0.2001
vn 0.3329 0.0107 0.9429
vn 0.0435 0.9788 0.2001
vn 0.3333 -0.1754 0.9263
vn 0.1100 0.9181 0.3807
vn 0.3226 -0.3564 0.8769
vn 0.1706 0.8217 0.5437
vn 0.3006 -0.5264 0.7953
vn 0.2231 0.6951 0.6834
vn 0.1797 -0.1844 0.9663
vn 0.1760 -0.3682 0.9129
vn 0.0407 0.9195 0.3911
vn 0.0742 0.8250 0.5603
vn 0.1658 -0.5394 0.8256
vn 0.1046 0.6996 0.7068
vn 0.1494 -0.6915 0.7068
vn 0.1308 0.5489 0.8256
vn 0.1271 -0.8185 0.5603
vn 0.1520 0.3788 0.9129
vn 0.0996 -0.9149 0.3911
vn 0.1675 0.1955 0.9663
vn 0.0684 -0.9763 0.2056
vn 0.1769 0.0057 0.9842
vn 0.0056 0.9786 0.2056
vn 0.0703 -0.8491 0.5235
vn 0.1007 -0.9321 0.3479
vn 0.1969 -0.9150 0.3522
vn 0.1395 -0.8386 0.5266
vn 0.1737 -0.6792 -0.7131
vn 0.1641 -0.5297 -0.8322
vn 0.3110 -0.5044 -0.8055
vn 0.3275 -0.6490 -0.6867
vn 0.0370 -0.7324 0.6798
vn 0.0748 -0.7274 0.6821
vn 0.1770 -0.8036 -0.5682
vn 0.3330 -0.7699 -0.5444
vn 0.0367 0.3967 -0.9172
vn 0.1347 0.5721 -0.8090
vn 0.0750 0.4006 -0.9132
vn 0.1346 -0.5721 0.8091
vn 0.1737 -0.8987 -0.4026
vn 0.3275 -0.8638 -0.3829
vn 0.0702 0.2105 -0.9751
vn 0.1395 0.2170 -0.9662
vn 0.1640 -0.9612 -0.2219
vn 0.3110 -0.9276 -0.2069
vn 0.1007 0.0172 -0.9948
vn 0.1969 0.0270 -0.9801
vn 0.1484 -0.9884 -0.0321
vn 0.2835 -0.9587 -0.0217
vn 0.1270 -0.1753 -0.9763
vn 0.2453 -0.1610 -0.9560
vn 0.1271 -0.9789 0.1602
vn 0.2453 -0.9550 0.1669
vn 0.1484 -0.3598 -0.9212
vn 0.2835 -0.3401 -0.8966
vn 0.4542 -0.8722 0.1816
vn 0.3706 -0.8564 0.3595
vn 0.5171 -0.2796 -0.8090
vn 0.5605 -0.4233 -0.7118
vn 0.2663 -0.8039 0.5318
vn 0.5859 -0.5493 -0.5959
vn 0.1438 -0.7121 0.6872
vn 0.5942 -0.6567 -0.4644
vn 0.1442 0.4104 -0.9004
vn 0.5859 -0.7449 -0.3192
vn 0.2663 0.2334 -0.9352
vn 0.5605 -0.8122 -0.1618
vn 0.3706 0.0534 -0.9273
vn 0.5171 -0.8559 0.0061
vn 0.4542 -0.1196 -0.8828
vn 0.2037 0.4249 -0.8820
vn 0.3732 0.2579 -0.8912
vn 0.7587 -0.6045 -0.2427
vn 0.7320 -0.6732 -0.1053
vn 0.5096 0.0913 -0.8556
vn 0.6845 -0.7278 0.0432
vn 0.6120 -0.0635 -0.7883
vn 0.6120 -0.7644 0.2030
vn 0.6844 -0.2020 -0.7006
vn 0.5096 -0.7762 0.3714
vn 0.7320 -0.3237 -0.5995
vn 0.3732 -0.7542 0.5403
vn 0.7588 -0.4303 -0.4890
vn 0.2041 -0.6898 0.6947
vn 0.7674 -0.5235 -0.3702
vn 0.7953 -0.1204 -0.5941
vn 0.8409 -0.2242 -0.4925
vn 0.6134 -0.6878 0.3881
vn 0.4582 -0.6963 0.5525
vn 0.8659 -0.3154 -0.3882
vn 0.2529 -0.6631 0.7045
vn 0.8738 -0.3970 -0.2807
vn 0.2530 0.4431 -0.8600
vn 0.8659 -0.4712 -0.1680
vn 0.4582 0.2887 -0.8407
vn 0.8409 -0.5391 -0.0472
vn 0.6135 0.1365 -0.7778
vn 0.7953 -0.6003 0.0846
vn 0.7225 -0.0008 -0.6913
vn 0.7225 -0.6520 0.2298
vn 0.9305 -0.3528 -0.0988
vn 0.9079 -0.4191 0.0097
vn 0.5218 0.3249 -0.7888
vn 0.6867 0.1872 -0.7024
vn 0.8657 -0.4837 0.1287
vn 0.7962 0.0651 -0.6016
vn 0.7962 -0.5455 0.2619
vn 0.8657 -0.0399 -0.4989
vn 0.6867 -0.5998 0.4107
vn 0.9079 -0.1306 -0.3983
vn 0.5218 -0.6353 0.5693
vn 0.9305 -0.2108 -0.2996
vn 0.2913 -0.6336 0.7167
vn 0.9376 -0.2840 -0.2008
vn 0.2914 0.4644 -0.8363
vn 0.7348 -0.5163 0.4399
vn 0.5656 -0.5747 0.5914
vn 0.9475 -0.0423 -0.3169
vn 0.9682 -0.1152 -0.2222
vn 0.3185 -0.6032 0.7313
vn 0.9746 -0.1828 -0.1292
vn 0.3186 0.4884 -0.8124
vn 0.9682 -0.2479 -0.0345
vn 0.5656 0.3659 -0.7390
vn 0.9475 -0.3129 0.0658
vn 0.7348 0.2425 -0.6334
vn 0.9084 -0.3794 0.1757
vn 0.8423 0.1331 -0.5223
vn 0.8423 -0.4481 0.2996
vn 0.9084 0.0391 -0.4163
vn 0.9684 -0.2172 0.1224
vn 0.9312 -0.2857 0.2264
vn 0.7619 0.3026 -0.5726
vn 0.8675 0.2039 -0.4536
vn 0.8675 -0.3597 0.3435
vn 0.9312 0.1182 -0.3448
vn 0.7619 -0.4390 0.4762
vn 0.9684 0.0430 -0.2456
vn 0.5912 -0.5166 0.6194
vn 0.9879 -0.0252 -0.1530
vn 0.3348 -0.5725 0.7484
vn 0.9940 -0.0894 -0.0632
vn 0.3347 0.5148 -0.7893
vn 0.9879 -0.1526 0.0273
vn 0.5912 0.4117 -0.6935
vn 0.5997 -0.4620 0.6534
vn 0.3401 -0.5428 0.7679
vn 0.9941 0.0628 -0.0889
vn 0.3401 0.5431 -0.7677
vn 0.9941 -0.0629 0.0889
vn 0.5996 0.4620 -0.6534
vn 0.9749 -0.1284 0.1816
vn 0.7707 0.3679 -0.5203
vn 0.9384 -0.1995 0.2822
vn 0.8756 0.2789 -0.3945
vn 0.8756 -0.2789 0.3945
vn 0.9384 0.1995 -0.2822
vn 0.7707 -0.3679 0.5203
vn 0.9749 0.1284 -0.1816
vn 0.7619 0.4390 -0.4762
vn 0.8676 0.3597 -0.3435
vn 0.9312 -0.1182 0.3448
vn 0.8675 -0.2039 0.4537
vn 0.9312 0.2857 -0.2264
vn 0.7619 -0.3026 0.5726
vn 0.9684 0.2172 -0.1224
vn 0.5912 -0.4118 0.6935
vn 0.9879 0.1526 -0.0273
vn 0.3348 -0.5148 0.7893
vn 0.9940 0.0894 0.0632
vn 0.3348 0.5725 -0.7484
vn 0.9879 0.0252 0.1530
vn 0.5912 0.5166 -0.6193
vn 0.9684 -0.0430 0.2456
vn 0.9682 0.2479 0.0345
vn 0.9746 0.1828 0.1292
vn 0.3187 0.6031 -0.7313
vn 0.3185 -0.4885 0.8124
vn 0.9682 0.1152 0.2222
vn 0.5657 0.5747 -0.5914
vn 0.9475 0.0423 0.3169
vn 0.7348 0.5163 -0.4399
vn 0.9084 -0.0391 0.4163
vn 0.8423 0.4481 -0.2996
vn 0.8423 -0.1331 0.5223
vn 0.9084 0.3794 -0.1757
vn 0.7348 -0.2425 0.6334
vn 0.9475 0.3129 -0.0657
vn 0.5656 -0.3659 0.7391
vn 0.8657 0.0399 0.4989
vn 0.7962 -0.0651 0.6016
vn 0.7961 0.5455 -0.2619
vn 0.8657 0.4837 -0.1287
vn 0.6867 -0.1873 0.7024
vn 0.9079 0.4191 -0.0097
vn 0.5218 -0.3248 0.7888
vn 0.9305 0.3528 0.0988
vn 0.2912 -0.4643 0.8364
vn 0.9376 0.2840 0.2008
vn 0.2914 0.6336 -0.7167
vn 0.9305 0.2108 0.2997
vn 0.5218 0.6354 -0.5692
vn 0.9079 0.1306 0.3983
vn 0.6867 0.5998 -0.4107
vn 0.2533 0.6630 -0.7044
vn 0.2530 -0.4430 0.8601
vn 0.8738 0.3970 0.2807
vn 0.8659 0.3154 0.3882
vn 0.4582 0.6963 -0.5525
vn 0.8409 0.2242 0.4925
vn 0.6135 0.6878 -0.3881
vn 0.7953 0.1204 0.5941
vn 0.7226 0.6520 -0.2298
vn 0.7226 0.0007 0.6913
vn 0.7953 0.6003 -0.0846
vn 0.6134 -0.1367 0.7778
vn 0.8409 0.5391 0.0472
vn 0.4582 -0.2887 0.8407
vn 0.8659 0.4712 0.1680
vn 0.6120 0.7644 -0.2029
vn 0.6845 0.7278 -0.0431
vn 0.6120 0.0635 0.7883
vn 0.5096 -0.0914 0.8556
vn 0.7320 0.6731 0.1053
vn 0.3732 -0.2579 0.8912
vn 0.7588 0.6045 0.2427
vn 0.2039 -0.4249 0.8820
vn 0.7674 0.5235 0.3702
vn 0.2036 0.6899 -0.6947
vn 0.7588 0.4303 0.4890
vn 0.3733 0.7542 -0.5403
vn 0.7320 0.3237 0.5995
vn 0.5096 0.7761 -0.3713
vn 0.6845 0.2020 0.7005
vn 0.5942 0.6567 0.4644
vn 0.5859 0.5493 0.5959
vn 0.1437 0.7121 -0.6872
vn 0.2663 0.8039 -0.5318
vn 0.5605 0.4233 0.7118
vn 0.3707 0.8564 -0.3595
vn 0.5171 0.2796 0.8090
vn 0.4542 0.8722 -0.1816
vn 0.4542 0.1196 0.8828
vn 0.5172 0.8559 -0.0061
vn 0.3706 -0.0535 0.9273
vn 0.5605 0.8122 0.1618
vn 0.2663 -0.2334 0.9352
vn 0.5859 0.7449 0.3191
vn 0.1440 -0.4105 0.9004
vn 0.2453 0.1610 0.9560
vn 0.1969 -0.0270 0.9801
vn 0.2835 0.9587 0.0217
vn 0.3110 0.9276 0.2069
vn 0.1395 -0.2169 0.9662
vn 0.3275 0.8638 0.3829
vn 0.0750 -0.4006 0.9132
vn 0.3330 0.7699 0.5444
vn 0.0751 0.7274 -0.6821
vn 0.3275 0.6490 0.6867
vn 0.1396 0.8386 -0.5266
vn 0.3110 0.5044 0.8056
vn 0.1969 0.9150 -0.3522
vn 0.2835 0.3401 0.8966
vn 0.2453 0.9550 -0.1669
vn 0.1737 0.6792 0.7131
vn 0.1641 0.5297 0.8322
vn 0.0704 0.8491 -0.5235
vn 0.1007 0.9321 -0.3479
vn 0.1484 0.3598 0.9212
vn 0.1270 0.9789 -0.1602
vn 0.1271 0.1753 0.9763
vn 0.1484 0.9884 0.0321
vn 0.1008 -0.0171 0.9948
vn 0.1643 0.9611 0.2219
vn 0.0703 -0.2104 0.9751
vn 0.1737 0.8987 0.4026
vn 0.0370 -0.3968 0.9172
vn 0.1769 0.8036 0.5682
vn 0.0374 0.7325 -0.6798
vn 0.0518 0.5729 0.8180
vn 0.0878 0.4034 0.9108
vn 0.1838 0.4098 0.8934
vn 0.1210 0.5777 0.8072
vn 0.1953 -0.6673 0.7187
vn 0.1898 -0.7950 0.5762
vn 0.3358 -0.7652 0.5494
vn 0.3482 -0.6378 0.6870
vn 0.0135 0.7212 0.6926
vn 0.0517 0.7245 0.6874
vn 0.1936 -0.5156 0.8347
vn 0.3489 -0.4887 0.7997
vn 0.0668 -0.9366 -0.3439
vn 0.1616 -0.8356 -0.5251
vn 0.1051 -0.9316 -0.3480
vn 0.1076 0.8442 0.5251
vn 0.1849 -0.3451 0.9202
vn 0.3380 -0.3224 0.8842
vn 0.1020 -0.9827 -0.1546
vn 0.1709 -0.9720 -0.1616
vn 0.1694 -0.1615 0.9722
vn 0.3158 -0.1437 0.9379
vn 0.1327 -0.9904 0.0395
vn 0.2283 -0.9732 0.0288
vn 0.1476 0.0290 0.9886
vn 0.2823 0.0420 0.9584
vn 0.1580 -0.9601 0.2306
vn 0.2755 -0.9369 0.2152
vn 0.1201 0.2196 0.9682
vn 0.2381 0.2288 0.9439
vn 0.1772 -0.8940 0.4116
vn 0.3115 -0.8663 0.3906
vn 0.4466 0.2454 0.8604
vn 0.3573 0.4194 0.8345
vn 0.5423 -0.7747 0.3252
vn 0.5823 -0.6682 0.4631
vn 0.2477 0.5850 0.7723
vn 0.6037 -0.5445 0.5823
vn 0.1207 0.7308 0.6718
vn 0.6076 -0.4069 0.6821
vn 0.1738 -0.9172 -0.3585
vn 0.5944 -0.2573 0.7619
vn 0.2966 -0.9379 -0.1798
vn 0.5640 -0.0972 0.8201
vn 0.4002 -0.9164 -0.0006
vn 0.5151 0.0714 0.8542
vn 0.4821 -0.8595 0.1697
vn 0.2325 -0.8978 -0.3740
vn 0.4020 -0.8920 -0.2068
vn 0.7650 -0.1834 0.6173
vn 0.7337 -0.0433 0.6781
vn 0.5369 -0.8426 -0.0425
vn 0.6814 0.1065 0.7242
vn 0.6369 -0.7633 0.1083
vn 0.6038 0.2656 0.7516
vn 0.7062 -0.6655 0.2415
vn 0.4960 0.4311 0.7538
vn 0.7502 -0.5563 0.3573
vn 0.3543 0.5940 0.7222
vn 0.7733 -0.4391 0.4575
vn 0.1801 0.7390 0.6492
vn 0.7779 -0.3149 0.5437
vn 0.8138 -0.5604 0.1540
vn 0.8559 -0.4516 0.2519
vn 0.5994 0.4461 0.6646
vn 0.4389 0.6057 0.6637
vn 0.8773 -0.3416 0.3370
vn 0.2291 0.7488 0.6219
vn 0.8817 -0.2294 0.4123
vn 0.2814 -0.8752 -0.3934
vn 0.8700 -0.1130 0.4800
vn 0.4854 -0.8406 -0.2404
vn 0.8410 0.0106 0.5409
vn 0.6383 -0.7642 -0.0921
vn 0.7911 0.1441 0.5945
vn 0.7444 -0.6666 0.0401
vn 0.7136 0.2896 0.6379
vn 0.9325 -0.0487 0.3578
vn 0.9063 0.0627 0.4179
vn 0.5474 -0.7888 -0.2794
vn 0.7093 -0.6894 -0.1470
vn 0.8603 0.1838 0.4756
vn 0.8152 -0.5784 -0.0307
vn 0.7863 0.3180 0.5297
vn 0.8812 -0.4678 0.0682
vn 0.6721 0.4661 0.5754
vn 0.9200 -0.3609 0.1530
vn 0.5021 0.6210 0.6019
vn 0.9392 -0.2571 0.2275
vn 0.2670 0.7605 0.5919
vn 0.9430 -0.1541 0.2950
vn 0.3190 -0.8516 -0.4160
vn 0.7194 0.4919 0.4905
vn 0.5453 0.6409 0.5402
vn 0.9571 -0.2833 0.0603
vn 0.9746 -0.1841 0.1276
vn 0.2938 0.7743 0.5605
vn 0.9779 -0.0872 0.1898
vn 0.3453 -0.8282 -0.4413
vn 0.9683 0.0108 0.2495
vn 0.5897 -0.7401 -0.3233
vn 0.9443 0.1138 0.3086
vn 0.7552 -0.6222 -0.2061
vn 0.9016 0.2261 0.3688
vn 0.8589 -0.5017 -0.1031
vn 0.8314 0.3515 0.4303
vn 0.9213 -0.3884 -0.0154
vn 0.9636 0.1656 0.2099
vn 0.9229 0.2721 0.2723
vn 0.7805 -0.5641 -0.2695
vn 0.8820 -0.4364 -0.1778
vn 0.8554 0.3911 0.3396
vn 0.9420 -0.3208 -0.0984
vn 0.7455 0.5246 0.4112
vn 0.9759 -0.2164 -0.0289
vn 0.5701 0.6664 0.4805
vn 0.9923 -0.1194 0.0338
vn 0.3095 0.7902 0.5290
vn 0.9953 -0.0261 0.0929
vn 0.3609 -0.8061 -0.4690
vn 0.9862 0.0676 0.1508
vn 0.6139 -0.6965 -0.3715
vn 0.5775 0.6976 0.4241
vn 0.3143 0.8080 0.4983
vn 0.9965 -0.0603 -0.0577
vn 0.3656 -0.7861 -0.4983
vn 0.9906 0.1242 0.0577
vn 0.6212 -0.6590 -0.4241
vn 0.9684 0.2199 0.1179
vn 0.7877 -0.5153 -0.3377
vn 0.9285 0.3231 0.1831
vn 0.8883 -0.3813 -0.2560
vn 0.8619 0.4376 0.2560
vn 0.9473 -0.2628 -0.1831
vn 0.7529 0.5649 0.3377
vn 0.9805 -0.1572 -0.1179
vn 0.7776 -0.4757 -0.4112
vn 0.8788 -0.3353 -0.3396
vn 0.9194 0.3807 0.0984
vn 0.8522 0.4922 0.1778
vn 0.9385 -0.2122 -0.2723
vn 0.7426 0.6131 0.2695
vn 0.9722 -0.1034 -0.2099
vn 0.5679 0.7344 0.3716
vn 0.9886 -0.0041 -0.1508
vn 0.3084 0.8276 0.4690
vn 0.9916 0.0900 -0.0929
vn 0.3597 -0.7686 -0.5290
vn 0.9825 0.1830 -0.0338
vn 0.6117 -0.6284 -0.4805
vn 0.9600 0.2787 0.0289
vn 0.9670 0.0514 -0.2494
vn 0.9703 0.1499 -0.1898
vn 0.3429 -0.7538 -0.5605
vn 0.2914 0.8487 0.4413
vn 0.9608 0.2463 -0.1276
vn 0.5853 -0.6046 -0.5402
vn 0.9369 0.3443 -0.0603
vn 0.7495 -0.4447 -0.4905
vn 0.8945 0.4468 0.0154
vn 0.8523 -0.2974 -0.4303
vn 0.8248 0.5559 0.1031
vn 0.9142 -0.1677 -0.3688
vn 0.7136 0.6695 0.2061
vn 0.9497 -0.0529 -0.3086
vn 0.5409 0.7765 0.3232
vn 0.8494 0.5234 -0.0682
vn 0.7763 0.6296 0.0307
vn 0.8051 -0.2668 -0.5297
vn 0.8703 -0.1281 -0.4756
vn 0.6635 0.7336 0.1470
vn 0.9085 -0.0043 -0.4179
vn 0.4956 0.8224 0.2794
vn 0.9275 0.1085 -0.3578
vn 0.2635 0.8703 0.4161
vn 0.9312 0.2144 -0.2950
vn 0.3154 -0.7418 -0.5919
vn 0.9208 0.3169 -0.2275
vn 0.5410 -0.5873 -0.6020
vn 0.8949 0.4192 -0.1530
vn 0.7007 -0.4219 -0.5754
vn 0.2767 -0.7325 -0.6219
vn 0.2246 0.8915 0.3934
vn 0.8651 0.2856 -0.4124
vn 0.8536 0.3973 -0.3370
vn 0.4770 -0.5762 -0.6637
vn 0.8251 0.5057 -0.2519
vn 0.6268 -0.4067 -0.6646
vn 0.7761 0.6116 -0.1540
vn 0.7307 -0.2432 -0.6379
vn 0.7000 0.7130 -0.0401
vn 0.7987 -0.0929 -0.5945
vn 0.5879 0.8037 0.0921
vn 0.8400 0.0435 -0.5409
vn 0.4304 0.8700 0.2404
vn 0.8609 0.1686 -0.4800
vn 0.6196 -0.2263 -0.7516
vn 0.6868 -0.0624 -0.7242
vn 0.5865 0.8027 -0.1083
vn 0.4817 0.8753 0.0425
vn 0.7294 0.0904 -0.6780
vn 0.3439 0.9159 0.2068
vn 0.7517 0.2322 -0.6173
vn 0.1745 0.9109 0.3740
vn 0.7561 0.3643 -0.5438
vn 0.2271 -0.7259 -0.6493
vn 0.7434 0.4879 -0.4575
vn 0.3917 -0.5700 -0.7223
vn 0.7129 0.6034 -0.3573
vn 0.5226 -0.3983 -0.7538
vn 0.6620 0.7096 -0.2415
vn 0.5802 0.4451 -0.6821
vn 0.5674 0.5822 -0.5823
vn 0.1673 -0.7216 -0.6718
vn 0.2847 -0.5679 -0.7723
vn 0.5382 0.7042 -0.4631
vn 0.3835 -0.3956 -0.8345
vn 0.4914 0.8079 -0.3252
vn 0.4614 -0.2162 -0.8604
vn 0.4259 0.8887 -0.1697
vn 0.5186 -0.0382 -0.8542
vn 0.3405 0.9402 0.0006
vn 0.5565 0.1332 -0.8201
vn 0.2357 0.9550 0.1798
vn 0.5767 0.2950 -0.7619
vn 0.1142 0.9265 0.3585
vn 0.2148 0.9527 -0.2152
vn 0.1653 0.9858 -0.0288
vn 0.2844 -0.0238 -0.9584
vn 0.3059 0.1637 -0.9379
vn 0.1081 0.9809 0.1616
vn 0.3166 0.3435 -0.8842
vn 0.0451 0.9364 0.3480
vn 0.3168 0.5101 -0.7996
vn 0.0983 -0.7196 -0.6874
vn 0.3065 0.6589 -0.6870
vn 0.1579 -0.5687 -0.8072
vn 0.2859 0.7852 -0.5494
vn 0.2098 -0.3972 -0.8934
vn 0.2552 0.8845 -0.3906
vn 0.2523 -0.2130 -0.9439
vn 0.1520 0.6785 -0.7187
vn 0.1383 0.8056 -0.5762
vn 0.0886 -0.5684 -0.8179
vn 0.1136 -0.3969 -0.9108
vn 0.1194 0.9035 -0.4116
vn 0.1340 -0.2114 -0.9682
vn 0.0960 0.9683 -0.2306
vn 0.1492 -0.0194 -0.9886
vn 0.0688 0.9969 -0.0395
vn 0.1587 0.1720 -0.9722
vn 0.0387 0.9872 0.1546
vn 0.1623 0.3563 -0.9202
vn 0.0072 0.9390 0.3439
vn 0.1601 0.5270 -0.8347
vn 0.0602 -0.7188 -0.6926
vn 0.0517 0.5729 0.8180
vn 0.0877 0.4033 0.9108
vn 0.1837 0.4098 0.8935
vn 0.1209 0.5777 0.8073
vn 0.3358 -0.7651 0.5494
vn 0.0138 0.7212 0.6926
vn 0.0518 0.7245 0.6874
vn 0.1937 -0.5156 0.8347
vn 0.3489 -0.4887 0.7996
vn 0.0676 -0.9366 -0.3439
vn 0.1052 -0.9316 -0.3480
vn 0.1019 -0.9827 -0.1546
vn 0.1708 -0.9720 -0.1616
vn 0.3157 -0.1437 0.9379
vn 0.1326 -0.9904 0.0395
vn 0.2756 -0.9369 0.2152
vn 0.2380 0.2288 0.9439
vn 0.1773 -0.8939 0.4116
vn 0.3116 -0.8663 0.3906
vn 0.4465 0.2454 0.8605
vn 0.3572 0.4194 0.8346
vn 0.2476 0.5850 0.7723
vn 0.1206 0.7308 0.6719
vn 0.1736 -0.9173 -0.3585
vn 0.5639 -0.0972 0.8201
vn 0.4003 -0.9164 -0.0006
vn 0.4821 -0.8595 0.1696
vn 0.2329 -0.8977 -0.3741
vn 0.4022 -0.8919 -0.2068
vn 0.5370 -0.8425 -0.0425
vn 0.6038 0.2657 0.7516
vn 0.3542 0.5940 0.7223
vn 0.7733 -0.4391 0.4574
vn 0.1800 0.7389 0.6493
vn 0.5995 0.4461 0.6645
vn 0.4390 0.6056 0.6637
vn 0.2290 0.7488 0.6220
vn 0.8817 -0.2294 0.4124
vn 0.2814 -0.8752 -0.3935
vn 0.4855 -0.8405 -0.2404
vn 0.6384 -0.7642 -0.0921
vn 0.9325 -0.0486 0.3578
vn 0.9064 0.0627 0.4178
vn 0.5474 -0.7889 -0.2794
vn 0.7092 -0.6895 -0.1470
vn 0.8603 0.1838 0.4755
vn 0.8812 -0.4677 0.0682
vn 0.6721 0.4660 0.5754
vn 0.5022 0.6209 0.6019
vn 0.2672 0.7606 0.5917
vn 0.3188 -0.8516 -0.4160
vn 0.7193 0.4919 0.4905
vn 0.5453 0.6410 0.5402
vn 0.3454 -0.8282 -0.4413
vn 0.9443 0.1139 0.3086
vn 0.7552 -0.6223 -0.2061
vn 0.8314 0.3516 0.4303
vn 0.3096 0.7901 0.5291
vn 0.3608 -0.8062 -0.4689
vn 0.3143 0.8080 0.4984
vn 0.7776 -0.4756 -0.4112
vn 0.5679 0.7345 0.3715
vn 0.3083 0.8277 0.4689
vn 0.6118 -0.6284 -0.4805
vn 0.9670 0.0514 -0.2495
vn 0.3430 -0.7538 -0.5604
vn 0.2915 0.8487 0.4413
vn 0.5854 -0.6046 -0.5402
vn 0.9143 -0.1677 -0.3688
vn 0.5409 0.7765 0.3233
vn 0.8703 -0.1281 -0.4755
vn 0.9085 -0.0043 -0.4178
vn 0.2634 0.8704 0.4160
vn 0.9312 0.2143 -0.2950
vn 0.3154 -0.7417 -0.5919
vn 0.5410 -0.5874 -0.6019
vn 0.2766 -0.7325 -0.6220
vn 0.4770 -0.5761 -0.6637
vn 0.7760 0.6116 -0.1540
vn 0.7987 -0.0930 -0.5945
vn 0.6868 -0.0625 -0.7242
vn 0.3440 0.9159 0.2068
vn 0.1746 0.9108 0.3741
vn 0.7561 0.3643 -0.5437
vn 0.2273 -0.7258 -0.6492
vn 0.7435 0.4879 -0.4575
vn 0.4259 0.8887 -0.1696
vn 0.5186 -0.0382 -0.8541
vn 0.5566 0.1332 -0.8201
vn 0.5767 0.2950 -0.7618
vn 0.1143 0.9265 0.3585
vn 0.3058 0.1637 -0.9379
vn 0.1080 0.9809 0.1616
vn 0.0448 0.9364 0.3480
vn 0.3167 0.5101 -0.7997
vn 0.0980 -0.7197 -0.6874
vn 0.1578 -0.5687 -0.8072
vn 0.2859 0.7851 -0.5494
vn 0.2097 -0.3972 -0.8934
vn 0.2522 -0.2130 -0.9439
vn 0.1520 0.6785 -0.7188
vn 0.0885 -0.5684 -0.8180
vn 0.1134 -0.3969 -0.9108
vn 0.1339 -0.2114 -0.9682
vn 0.1491 -0.0194 -0.9886
vn 0.1586 0.1721 -0.9722
vn 0.0386 0.9872 0.1546
vn 0.1622 0.3563 -0.9202
vn 0.0067 0.9390 0.3439
vn 0.1600 0.5270 -0.8347
vn 0.0599 -0.7189 -0.6926
vn 0.0946 -0.7511 0.6533
vn 0.1285 -0.8603 0.4933
vn 0.2240 -0.8396 0.4949
vn 0.1632 -0.7380 0.6547
vn 0.1988 -0.7792 -0.5944
vn 0.1851 -0.6511 -0.7361
vn 0.3310 -0.6171 -0.7139
vn 0.3514 -0.7401 -0.5733
vn 0.0565 -0.6120 0.7889
vn 0.0944 -0.6054 0.7903
vn 0.2053 -0.8785 -0.4315
vn 0.3601 -0.8364 -0.4134
vn 0.0300 0.2450 -0.9690
vn 0.1207 0.4384 -0.8906
vn 0.0672 0.2506 -0.9657
vn 0.1485 -0.4298 0.8906
vn 0.2043 -0.9457 -0.2527
vn 0.3567 -0.9032 -0.2388
vn 0.0690 0.0531 -0.9962
vn 0.1376 0.0631 -0.9885
vn 0.1957 -0.9786 -0.0643
vn 0.3413 -0.9383 -0.0549
vn 0.1055 -0.1398 -0.9845
vn 0.2011 -0.1247 -0.9716
vn 0.1799 -0.9754 0.1274
vn 0.3139 -0.9401 0.1329
vn 0.1377 -0.3259 -0.9353
vn 0.2553 -0.3048 -0.9176
vn 0.1572 -0.9358 0.3157
vn 0.2746 -0.9073 0.3184
vn 0.1645 -0.4983 -0.8512
vn 0.2988 -0.4706 -0.8302
vn 0.4807 -0.8166 0.3196
vn 0.3957 -0.7750 0.4927
vn 0.5299 -0.3893 -0.7534
vn 0.5773 -0.5140 -0.6344
vn 0.2889 -0.6988 0.6543
vn 0.6061 -0.6189 -0.4997
vn 0.1630 -0.5872 0.7928
vn 0.6171 -0.7035 -0.3526
vn 0.1353 0.2646 -0.9548
vn 0.6108 -0.7673 -0.1951
vn 0.2634 0.0884 -0.9606
vn 0.5868 -0.8092 -0.0289
vn 0.3734 -0.0845 -0.9238
vn 0.5440 -0.8267 0.1438
vn 0.4623 -0.2454 -0.8521
vn 0.1947 0.2838 -0.9389
vn 0.3694 0.1231 -0.9211
vn 0.7788 -0.6109 -0.1422
vn 0.7535 -0.6574 0.0044
vn 0.5109 -0.0312 -0.8591
vn 0.7069 -0.6890 0.1597
vn 0.6178 -0.1698 -0.7678
vn 0.6349 -0.7017 0.3233
vn 0.6941 -0.2899 -0.6589
vn 0.5321 -0.6895 0.4914
vn 0.7450 -0.3923 -0.5396
vn 0.3943 -0.6450 0.6546
vn 0.7745 -0.4788 -0.4134
vn 0.2220 -0.5622 0.7966
vn 0.7855 -0.5513 -0.2811
vn 0.8018 -0.1888 -0.5670
vn 0.8502 -0.2734 -0.4500
vn 0.6329 -0.5963 0.4938
vn 0.4772 -0.5833 0.6573
vn 0.8775 -0.3458 -0.3324
vn 0.2701 -0.5328 0.8020
vn 0.8874 -0.4087 -0.2131
vn 0.2432 0.3069 -0.9201
vn 0.8813 -0.4640 -0.0899
vn 0.4532 0.1643 -0.8762
vn 0.8579 -0.5123 0.0402
vn 0.6128 0.0293 -0.7897
vn 0.8135 -0.5530 0.1801
vn 0.7258 -0.0887 -0.6822
vn 0.7416 -0.5830 0.3318
vn 0.9417 -0.3340 -0.0408
vn 0.9207 -0.3826 0.0770
vn 0.5153 0.2104 -0.8308
vn 0.6841 0.0938 -0.7234
vn 0.8800 -0.4286 0.2049
vn 0.7968 -0.0070 -0.6042
vn 0.8117 -0.4704 0.3463
vn 0.8691 -0.0918 -0.4860
vn 0.7033 -0.5035 0.5019
vn 0.9136 -0.1637 -0.3721
vn 0.5387 -0.5185 0.6641
vn 0.9382 -0.2262 -0.2618
vn 0.3075 -0.5004 0.8093
vn 0.9471 -0.2823 -0.1525
vn 0.2808 0.3329 -0.9002
vn 0.7485 -0.4149 0.5172
vn 0.5806 -0.4536 0.6762
vn 0.9500 -0.0623 -0.3060
vn 0.9725 -0.1182 -0.2008
vn 0.3339 -0.4670 0.8188
vn 0.9806 -0.1697 -0.0981
vn 0.3072 0.3614 -0.8804
vn 0.9757 -0.2190 0.0059
vn 0.5575 0.2602 -0.7883
vn 0.9566 -0.2676 0.1152
vn 0.7300 0.1610 -0.6642
vn 0.9190 -0.3168 0.2345
vn 0.8403 0.0743 -0.5369
vn 0.8545 -0.3667 0.3678
vn 0.9088 0.0008 -0.4172
vn 0.9742 -0.1635 0.1558
vn 0.9386 -0.2154 0.2694
vn 0.7549 0.2309 -0.6139
vn 0.8630 0.1560 -0.4806
vn 0.8767 -0.2717 0.3969
vn 0.9288 0.0911 -0.3593
vn 0.7730 -0.3320 0.5406
vn 0.9678 0.0340 -0.2493
vn 0.6041 -0.3910 0.6944
vn 0.9890 -0.0177 -0.1469
vn 0.3489 -0.4337 0.8308
vn 0.9966 -0.0664 -0.0480
vn 0.3223 0.3914 -0.8619
vn 0.9921 -0.1144 0.0515
vn 0.5814 0.3136 -0.7508
vn 0.6106 -0.3314 0.7193
vn 0.3532 -0.4011 0.8452
vn 0.9920 0.0797 -0.0979
vn 0.3267 0.4229 -0.8452
vn 0.9951 -0.0157 0.0979
vn 0.5880 0.3700 -0.7193
vn 0.9776 -0.0661 0.1999
vn 0.7613 0.3040 -0.5727
vn 0.9428 -0.1212 0.3106
vn 0.8683 0.2398 -0.4342
vn 0.8819 -0.1835 0.4342
vn 0.9330 0.1816 -0.3106
vn 0.7793 -0.2544 0.5727
vn 0.9713 0.1288 -0.1999
vn 0.7501 0.3809 -0.5406
vn 0.8575 0.3275 -0.3969
vn 0.9327 -0.0312 0.3593
vn 0.8712 -0.1003 0.4805
vn 0.9228 0.2753 -0.2694
vn 0.7682 -0.1818 0.6139
vn 0.9617 0.2257 -0.1558
vn 0.6004 -0.2755 0.7508
vn 0.9827 0.1779 -0.0515
vn 0.3468 -0.3700 0.8619
vn 0.9903 0.1304 0.0480
vn 0.3203 0.4551 -0.8308
vn 0.9858 0.0812 0.1469
vn 0.5777 0.4290 -0.6944
vn 0.9680 0.0282 0.2493
vn 0.9596 0.2812 -0.0059
vn 0.9677 0.2324 0.0981
vn 0.3032 0.4873 -0.8189
vn 0.3298 -0.3408 0.8804
vn 0.9629 0.1805 0.2008
vn 0.5502 0.4900 -0.6762
vn 0.9440 0.1232 0.3060
vn 0.7203 0.4622 -0.5172
vn 0.9070 0.0576 0.4171
vn 0.8292 0.4209 -0.3678
vn 0.8434 -0.0202 0.5369
vn 0.8968 0.3752 -0.2345
vn 0.7388 -0.1138 0.6642
vn 0.9374 0.3285 -0.1152
vn 0.5731 -0.2238 0.7883
vn 0.8614 0.1475 0.4860
vn 0.7947 0.0582 0.6042
vn 0.7798 0.5215 -0.3463
vn 0.8506 0.4842 -0.2049
vn 0.6887 -0.0497 0.7234
vn 0.8942 0.4410 -0.0770
vn 0.5278 -0.1768 0.8308
vn 0.9183 0.3938 0.0408
vn 0.3016 -0.3142 0.9002
vn 0.9270 0.3426 0.1525
vn 0.2747 0.5192 -0.8093
vn 0.9217 0.2861 0.2618
vn 0.5043 0.5520 -0.6641
vn 0.9012 0.2221 0.3721
vn 0.6695 0.5477 -0.5019
vn 0.2355 0.5490 -0.8019
vn 0.2625 -0.2905 0.9201
vn 0.8593 0.4649 0.2131
vn 0.8534 0.4015 0.3324
vn 0.4387 0.6128 -0.6573
vn 0.8308 0.3274 0.4500
vn 0.5933 0.6358 -0.4938
vn 0.7880 0.2399 0.5670
vn 0.7027 0.6294 -0.3318
vn 0.7186 0.1352 0.6822
vn 0.7763 0.6041 -0.1801
vn 0.6134 0.0101 0.7897
vn 0.8232 0.5664 -0.0402
vn 0.4628 -0.1348 0.8762
vn 0.8496 0.5196 0.0899
vn 0.5885 0.7410 -0.3233
vn 0.6612 0.7330 -0.1597
vn 0.6056 0.2092 0.7678
vn 0.5078 0.0640 0.8591
vn 0.7097 0.7045 -0.0044
vn 0.3766 -0.0990 0.9211
vn 0.7379 0.6597 0.1422
vn 0.2125 -0.2707 0.9389
vn 0.7485 0.6007 0.2811
vn 0.1854 0.5754 -0.7966
vn 0.7422 0.5276 0.4133
vn 0.3520 0.6690 -0.6546
vn 0.7182 0.4393 0.5396
vn 0.4867 0.7223 -0.4914
vn 0.6741 0.3339 0.6589
vn 0.5706 0.7417 0.3526
vn 0.5651 0.6565 0.4997
vn 0.1249 0.5965 -0.7928
vn 0.2434 0.7160 -0.6543
vn 0.5431 0.5501 0.6344
vn 0.3451 0.7989 -0.4927
vn 0.5038 0.4226 0.7534
vn 0.4272 0.8458 -0.3196
vn 0.4456 0.2746 0.8521
vn 0.4897 0.8599 -0.1438
vn 0.3672 0.1083 0.9238
vn 0.5336 0.8452 0.0289
vn 0.2685 -0.0713 0.9606
vn 0.5602 0.8050 0.1951
vn 0.1519 -0.2554 0.9548
vn 0.2351 0.3205 0.9176
vn 0.1926 0.1373 0.9716
vn 0.2528 0.9583 -0.1329
vn 0.2803 0.9583 0.0549
vn 0.1411 -0.0541 0.9885
vn 0.2980 0.9242 0.2388
vn 0.0827 -0.2458 0.9658
vn 0.3056 0.8578 0.4133
vn 0.0553 0.6102 -0.7903
vn 0.3032 0.7612 0.5733
vn 0.1155 0.7470 -0.6547
vn 0.2907 0.6371 0.7139
vn 0.1696 0.8523 -0.4949
vn 0.2679 0.4889 0.8302
vn 0.2157 0.9231 -0.3184
vn 0.1484 0.7903 0.5944
vn 0.1429 0.6616 0.7361
vn 0.0461 0.7557 -0.6533
vn 0.0729 0.8668 -0.4933
vn 0.1321 0.5079 0.8512
vn 0.0967 0.9439 -0.3157
vn 0.1164 0.3341 0.9353
vn 0.1168 0.9850 -0.1274
vn 0.0961 0.1463 0.9846
vn 0.1324 0.9891 0.0643
vn 0.0719 -0.0485 0.9962
vn 0.1431 0.9569 0.2527
vn 0.0449 -0.2426 0.9691
vn 0.1484 0.8898 0.4315
vn 0.0172 0.6144 -0.7888
vn 0.0703 0.0696 -0.9951
vn 0.1007 0.2607 -0.9602
vn 0.1969 0.2472 -0.9487
vn 0.1395 0.0609 -0.9883
vn 0.1737 0.9753 -0.1362
vn 0.1642 0.9849 0.0547
vn 0.3110 0.9485 0.0598
vn 0.3275 0.9363 -0.1270
vn 0.0369 -0.1255 -0.9914
vn 0.0749 -0.1302 -0.9887
vn 0.1770 0.9301 -0.3217
vn 0.3331 0.8911 -0.3082
vn 0.0371 0.5140 0.8570
vn 0.1347 0.3240 0.9364
vn 0.0752 0.5084 0.8578
vn 0.1346 -0.3239 -0.9365
vn 0.1738 0.8510 -0.4955
vn 0.3275 0.8146 -0.4787
vn 0.0702 0.6696 0.7394
vn 0.1395 0.6586 0.7395
vn 0.1642 0.7406 -0.6516
vn 0.3110 0.7089 -0.6331
vn 0.1007 0.7983 0.5938
vn 0.1968 0.7806 0.5933
vn 0.1484 0.6023 -0.7844
vn 0.2835 0.5765 -0.7663
vn 0.1271 0.8955 0.4266
vn 0.2453 0.8706 0.4264
vn 0.1270 0.4404 -0.8888
vn 0.2453 0.4210 -0.8732
vn 0.1485 0.9582 0.2446
vn 0.2835 0.9268 0.2463
vn 0.4542 0.3609 -0.8145
vn 0.3706 0.2071 -0.9054
vn 0.5171 0.8203 0.2444
vn 0.5605 0.8251 0.0710
vn 0.2663 0.0365 -0.9632
vn 0.5859 0.8043 -0.0989
vn 0.1439 -0.1432 -0.9792
vn 0.5942 0.7601 -0.2630
vn 0.1440 0.4924 0.8584
vn 0.5858 0.6936 -0.4192
vn 0.2663 0.6238 0.7348
vn 0.5605 0.6049 -0.5656
vn 0.3705 0.7223 0.5839
vn 0.5171 0.4940 -0.6990
vn 0.4542 0.7871 0.4175
vn 0.2036 0.4691 0.8594
vn 0.3732 0.5738 0.7291
vn 0.7588 0.5496 -0.3497
vn 0.7320 0.4780 -0.4855
vn 0.5096 0.6419 0.5729
vn 0.6844 0.3892 -0.6165
vn 0.6120 0.6775 0.4079
vn 0.6120 0.2806 -0.7394
vn 0.6845 0.6869 0.2442
vn 0.5096 0.1507 -0.8471
vn 0.7320 0.6758 0.0864
vn 0.3732 0.0007 -0.9278
vn 0.7588 0.6481 -0.0646
vn 0.2038 -0.1623 -0.9655
vn 0.7674 0.6059 -0.2096
vn 0.7953 0.5529 0.2485
vn 0.8409 0.5309 0.1049
vn 0.6134 0.0856 -0.7851
vn 0.4582 -0.0430 -0.8878
vn 0.8659 0.4993 -0.0300
vn 0.2531 -0.1858 -0.9494
vn 0.8738 0.4595 -0.1590
vn 0.2530 0.4407 0.8613
vn 0.8659 0.4111 -0.2849
vn 0.4582 0.5147 0.7246
vn 0.8409 0.3526 -0.4105
vn 0.6135 0.5523 0.5644
vn 0.7953 0.2812 -0.5370
vn 0.7226 0.5621 0.4024
vn 0.7226 0.1933 -0.6637
vn 0.9305 0.2860 -0.2290
vn 0.9079 0.2364 -0.3462
vn 0.5218 0.4516 0.7237
vn 0.6867 0.4616 0.5616
vn 0.8657 0.1773 -0.4680
vn 0.7961 0.4509 0.4036
vn 0.7962 0.1052 -0.5959
vn 0.8657 0.4286 0.2584
vn 0.6867 0.0159 -0.7267
vn 0.9079 0.3998 0.1261
vn 0.5218 -0.0922 -0.8481
vn 0.9305 0.3664 0.0034
vn 0.2913 -0.2130 -0.9326
vn 0.9376 0.3287 -0.1137
vn 0.2912 0.4089 0.8649
vn 0.7348 -0.0564 -0.6759
vn 0.5656 -0.1455 -0.8118
vn 0.9475 0.2822 0.1503
vn 0.9682 0.2477 0.0359
vn 0.3185 -0.2427 -0.9163
vn 0.9746 0.2115 -0.0732
vn 0.3187 0.3753 0.8704
vn 0.9682 0.1725 -0.1813
vn 0.5656 0.3872 0.7281
vn 0.9475 0.1290 -0.2925
vn 0.7348 0.3733 0.5663
vn 0.9084 0.0784 -0.4107
vn 0.8423 0.3469 0.4126
vn 0.8423 0.0177 -0.5387
vn 0.9084 0.3154 0.2745
vn 0.9684 0.0272 -0.2479
vn 0.9312 -0.0174 -0.3641
vn 0.7619 0.2889 0.5797
vn 0.8675 0.2498 0.4301
vn 0.8675 -0.0694 -0.4925
vn 0.9312 0.2113 0.2970
vn 0.7619 -0.1310 -0.6343
vn 0.9684 0.1745 0.1781
vn 0.5912 -0.2021 -0.7808
vn 0.9879 0.1390 0.0687
vn 0.3347 -0.2744 -0.9015
vn 0.9940 0.1035 -0.0358
vn 0.3348 0.3414 0.8783
vn 0.9879 0.0668 -0.1399
vn 0.5912 0.3235 0.7388
vn 0.5996 -0.2616 -0.7563
vn 0.3401 -0.3073 -0.8888
vn 0.9941 0.0356 0.1029
vn 0.3401 0.3075 0.8887
vn 0.9941 -0.0356 -0.1029
vn 0.5997 0.2616 0.7563
vn 0.9749 -0.0727 -0.2102
vn 0.7707 0.2083 0.6022
vn 0.9384 -0.1130 -0.3266
vn 0.8756 0.1579 0.4565
vn 0.8756 -0.1579 -0.4566
vn 0.9384 0.1130 0.3266
vn 0.7707 -0.2083 -0.6022
vn 0.9750 0.0727 0.2102
vn 0.7619 0.1310 0.6343
vn 0.8675 0.0694 0.4925
vn 0.9312 -0.2113 -0.2970
vn 0.8675 -0.2498 -0.4301
vn 0.9312 0.0174 0.3641
vn 0.7619 -0.2889 -0.5797
vn 0.9684 -0.0272 0.2478
vn 0.5912 -0.3235 -0.7388
vn 0.9879 -0.0668 0.1399
vn 0.3348 -0.3412 -0.8784
vn 0.9940 -0.1035 0.0358
vn 0.3348 0.2743 0.9015
vn 0.9879 -0.1390 -0.0687
vn 0.5912 0.2021 0.7808
vn 0.9684 -0.1745 -0.1781
vn 0.9682 -0.1725 0.1813
vn 0.9746 -0.2115 0.0732
vn 0.3186 0.2426 0.9163
vn 0.3184 -0.3756 -0.8704
vn 0.9682 -0.2477 -0.0359
vn 0.5656 0.1455 0.8117
vn 0.9475 -0.2822 -0.1503
vn 0.7348 0.0564 0.6759
vn 0.9084 -0.3155 -0.2745
vn 0.8423 -0.0178 0.5387
vn 0.8423 -0.3469 -0.4126
vn 0.9084 -0.0784 0.4107
vn 0.7348 -0.3733 -0.5663
vn 0.9475 -0.1290 0.2925
vn 0.5656 -0.3873 -0.7281
vn 0.8657 -0.4286 -0.2584
vn 0.7961 -0.4509 -0.4036
vn 0.7962 -0.1052 0.5959
vn 0.8657 -0.1774 0.4680
vn 0.6867 -0.4615 -0.5616
vn 0.9079 -0.2364 0.3462
vn 0.5218 -0.4516 -0.7237
vn 0.9305 -0.2860 0.2290
vn 0.2913 -0.4090 -0.8648
vn 0.9376 -0.3287 0.1137
vn 0.2914 0.2130 0.9326
vn 0.9305 -0.3664 -0.0034
vn 0.5218 0.0921 0.8481
vn 0.9079 -0.3998 -0.1261
vn 0.6867 -0.0159 0.7267
vn 0.2529 0.1856 0.9495
vn 0.2532 -0.4405 -0.8613
vn 0.8738 -0.4595 0.1589
vn 0.8659 -0.4993 0.0300
vn 0.4582 0.0430 0.8878
vn 0.8409 -0.5309 -0.1049
vn 0.6135 -0.0856 0.7851
vn 0.7953 -0.5529 -0.2485
vn 0.7226 -0.1934 0.6637
vn 0.7225 -0.5621 -0.4024
vn 0.7953 -0.2812 0.5370
vn 0.6134 -0.5524 -0.5644
vn 0.8409 -0.3526 0.4105
vn 0.4583 -0.5147 -0.7246
vn 0.8659 -0.4111 0.2849
vn 0.6120 -0.2807 0.7394
vn 0.6844 -0.3892 0.6165
vn 0.6120 -0.6775 -0.4079
vn 0.5096 -0.6419 -0.5729
vn 0.7320 -0.4780 0.4856
vn 0.3732 -0.5737 -0.7291
vn 0.7588 -0.5496 0.3497
vn 0.2037 -0.4689 -0.8594
vn 0.7674 -0.6059 0.2096
vn 0.2038 0.1623 0.9655
vn 0.7588 -0.6482 0.0646
vn 0.3732 -0.0006 0.9277
vn 0.7320 -0.6758 -0.0864
vn 0.5096 -0.1507 0.8471
vn 0.6844 -0.6869 -0.2443
vn 0.5942 -0.7601 0.2629
vn 0.5859 -0.8043 0.0989
vn 0.1440 0.1433 0.9792
vn 0.2663 -0.0364 0.9632
vn 0.5606 -0.8251 -0.0710
vn 0.3706 -0.2071 0.9054
vn 0.5171 -0.8203 -0.2444
vn 0.4542 -0.3609 0.8145
vn 0.4542 -0.7870 -0.4175
vn 0.5171 -0.4940 0.6990
vn 0.3706 -0.7223 -0.5840
vn 0.5605 -0.6049 0.5656
vn 0.2663 -0.6238 -0.7348
vn 0.5858 -0.6936 0.4192
vn 0.1440 -0.4924 -0.8584
vn 0.2453 -0.8706 -0.4264
vn 0.1969 -0.7806 -0.5932
vn 0.2835 -0.5765 0.7663
vn 0.3110 -0.7089 0.6331
vn 0.1395 -0.6586 -0.7394
vn 0.3275 -0.8146 0.4787
vn 0.0750 -0.5085 -0.8578
vn 0.3330 -0.8911 0.3083
vn 0.0751 0.1302 0.9886
vn 0.3275 -0.9363 0.1270
vn 0.1395 -0.0609 0.9883
vn 0.3110 -0.9485 -0.0598
vn 0.1969 -0.2472 0.9487
vn 0.2835 -0.9268 -0.2463
vn 0.2453 -0.4210 0.8733
vn 0.1737 -0.9753 0.1363
vn 0.1642 -0.9849 -0.0547
vn 0.0704 -0.0696 0.9951
vn 0.1008 -0.2607 0.9601
vn 0.1484 -0.9582 -0.2446
vn 0.1271 -0.4404 0.8887
vn 0.1270 -0.8955 -0.4266
vn 0.1485 -0.6022 0.7844
vn 0.1008 -0.7983 -0.5938
vn 0.1642 -0.7406 0.6516
vn 0.0703 -0.6696 -0.7394
vn 0.1737 -0.8511 0.4955
vn 0.0367 -0.5139 -0.8570
vn 0.1769 -0.9301 0.3218
vn 0.0373 0.1255 0.9914
vn 0.0702 -0.2158 -0.9739
vn 0.1006 -0.0227 -0.9947
vn 0.1968 -0.0324 -0.9799
vn 0.1394 -0.2223 -0.9650
vn 0.1737 0.8964 -0.4077
vn 0.1641 0.9599 -0.2273
vn 0.3110 0.9265 -0.2121
vn 0.3275 0.8616 -0.3877
vn 0.0371 -0.4018 -0.9150
vn 0.0750 -0.4057 -0.9109
vn 0.1769 0.8005 -0.5727
vn 0.3330 0.7668 -0.5487
vn 0.0368 0.7362 0.6757
vn 0.1346 0.5766 0.8059
vn 0.0749 0.7311 0.6781
vn 0.1347 -0.5766 -0.8059
vn 0.1737 0.6752 -0.7168
vn 0.3275 0.6451 -0.6903
vn 0.0702 0.8521 0.5187
vn 0.1395 0.8415 0.5219
vn 0.1642 0.5250 -0.8351
vn 0.3110 0.4998 -0.8084
vn 0.1008 0.9340 0.3426
vn 0.1969 0.9169 0.3470
vn 0.1484 0.3546 -0.9232
vn 0.2835 0.3351 -0.8985
vn 0.1271 0.9797 0.1547
vn 0.2453 0.9559 0.1616
vn 0.1271 0.1699 -0.9772
vn 0.2453 0.1557 -0.9569
vn 0.1484 0.9882 -0.0376
vn 0.2835 0.9586 -0.0271
vn 0.4542 0.1147 -0.8835
vn 0.3706 -0.0586 -0.9269
vn 0.5171 0.8559 0.0013
vn 0.5605 0.8113 -0.1663
vn 0.2664 -0.2387 -0.9338
vn 0.5858 0.7431 -0.3233
vn 0.1441 -0.4156 -0.8981
vn 0.5942 0.6541 -0.4680
vn 0.1436 0.7160 0.6831
vn 0.5859 0.5459 -0.5990
vn 0.2663 0.8068 0.5273
vn 0.5606 0.4193 -0.7141
vn 0.3706 0.8584 0.3548
vn 0.5172 0.2751 -0.8105
vn 0.4541 0.8732 0.1767
vn 0.2036 0.6939 0.6907
vn 0.3730 0.7573 0.5360
vn 0.7587 0.4276 -0.4914
vn 0.7319 0.3204 -0.6013
vn 0.5095 0.7783 0.3670
vn 0.6844 0.1981 -0.7017
vn 0.6120 0.7655 0.1987
vn 0.6120 0.0591 -0.7886
vn 0.6844 0.7280 0.0391
vn 0.5097 -0.0962 -0.8550
vn 0.7320 0.6725 -0.1091
vn 0.3734 -0.2630 -0.8896
vn 0.7587 0.6031 -0.2461
vn 0.2041 -0.4299 -0.8795
vn 0.7674 0.5215 -0.3731
vn 0.7953 0.6007 0.0812
vn 0.8409 0.5388 -0.0502
vn 0.6134 -0.1410 -0.7771
vn 0.4582 -0.2934 -0.8390
vn 0.8659 0.4702 -0.1706
vn 0.2529 -0.4477 -0.8577
vn 0.8738 0.3954 -0.2829
vn 0.2533 0.6670 0.7007
vn 0.8659 0.3133 -0.3900
vn 0.4582 0.6994 0.5485
vn 0.8409 0.2215 -0.4938
vn 0.6134 0.6900 0.3843
vn 0.7953 0.1171 -0.5948
vn 0.7225 0.6533 0.2261
vn 0.7225 -0.0031 -0.6913
vn 0.9305 0.2091 -0.3008
vn 0.9079 0.1283 -0.3991
vn 0.5219 0.6385 0.5657
vn 0.6867 0.6020 0.4074
vn 0.8657 0.0371 -0.4991
vn 0.7961 0.5469 0.2589
vn 0.7961 -0.0684 -0.6012
vn 0.8657 0.4844 0.1260
vn 0.6867 -0.1911 -0.7014
vn 0.9079 0.4191 0.0074
vn 0.5217 -0.3292 -0.7870
vn 0.9305 0.3522 -0.1008
vn 0.2913 -0.4691 -0.8337
vn 0.9376 0.2829 -0.2024
vn 0.2912 0.6377 0.7131
vn 0.7348 -0.2461 -0.6321
vn 0.5656 -0.3700 -0.7370
vn 0.9475 0.3132 0.0640
vn 0.9682 0.2477 -0.0359
vn 0.3187 -0.4929 -0.8096
vn 0.9746 0.1820 -0.1302
vn 0.3184 0.6072 0.7280
vn 0.9682 0.1139 -0.2228
vn 0.5656 0.5781 0.5882
vn 0.9475 0.0406 -0.3171
vn 0.7348 0.5188 0.4370
vn 0.9084 -0.0414 -0.4161
vn 0.8423 0.4498 0.2971
vn 0.8423 -0.1360 -0.5216
vn 0.9084 0.3804 0.1736
vn 0.9684 -0.0444 -0.2453
vn 0.9312 -0.1201 -0.3441
vn 0.7619 0.4417 0.4737
vn 0.8676 0.3616 0.3415
vn 0.8675 -0.2065 -0.4525
vn 0.9312 0.2869 0.2248
vn 0.7619 -0.3058 -0.5709
vn 0.9684 0.2179 0.1212
vn 0.5912 -0.4155 -0.6912
vn 0.9879 0.1527 0.0264
vn 0.3348 -0.5189 -0.7865
vn 0.9940 0.0891 -0.0637
vn 0.3348 0.5768 0.7451
vn 0.9879 0.0243 -0.1531
vn 0.5912 0.5201 0.6164
vn 0.5996 -0.4657 -0.6508
vn 0.3401 -0.5473 -0.7647
vn 0.9941 0.0633 0.0885
vn 0.3401 0.5473 0.7647
vn 0.9941 -0.0634 -0.0885
vn 0.5996 0.4657 0.6508
vn 0.9749 -0.1294 -0.1809
vn 0.7707 0.3708 0.5182
vn 0.9384 -0.2011 -0.2810
vn 0.8756 0.2811 0.3929
vn 0.8756 -0.2811 -0.3929
vn 0.9384 0.2011 0.2810
vn 0.7707 -0.3708 -0.5182
vn 0.9749 0.1294 0.1809
vn 0.7619 0.3058 0.5709
vn 0.8675 0.2065 0.4525
vn 0.9312 -0.2869 -0.2248
vn 0.8675 -0.3616 -0.3415
vn 0.9312 0.1202 0.3441
vn 0.7619 -0.4417 -0.4737
vn 0.9684 0.0444 0.2453
vn 0.5912 -0.5201 -0.6164
vn 0.9879 -0.0243 0.1531
vn 0.3348 -0.5768 -0.7451
vn 0.9940 -0.0891 0.0637
vn 0.3347 0.5190 0.7865
vn 0.9879 -0.1528 -0.0264
vn 0.5912 0.4156 0.6912
vn 0.9684 -0.2179 -0.1212
vn 0.9682 -0.1139 0.2228
vn 0.9746 -0.1820 0.1302
vn 0.3185 0.4928 0.8097
vn 0.3187 -0.6070 -0.7280
vn 0.9682 -0.2477 0.0359
vn 0.5656 0.3700 0.7370
vn 0.9475 -0.3132 -0.0640
vn 0.7348 0.2461 0.6321
vn 0.9084 -0.3804 -0.1736
vn 0.8423 0.1360 0.5216
vn 0.8423 -0.4498 -0.2971
vn 0.9084 0.0415 0.4161
vn 0.7348 -0.5188 -0.4370
vn 0.9475 -0.0406 0.3171
vn 0.5656 -0.5780 -0.5882
vn 0.8658 -0.4844 -0.1260
vn 0.7962 -0.5469 -0.2589
vn 0.7961 0.0684 0.6012
vn 0.8657 -0.0371 0.4991
vn 0.6867 -0.6020 -0.4074
vn 0.9079 -0.1283 0.3990
vn 0.5218 -0.6386 -0.5657
vn 0.9305 -0.2091 0.3008
vn 0.2912 -0.6378 -0.7131
vn 0.9376 -0.2829 0.2024
vn 0.2912 0.4690 0.8338
vn 0.9305 -0.3522 0.1008
vn 0.5217 0.3293 0.7870
vn 0.9079 -0.4191 -0.0073
vn 0.6867 0.1912 0.7014
vn 0.2530 0.4478 0.8576
vn 0.2532 -0.6671 -0.7006
vn 0.8738 -0.3954 0.2829
vn 0.8659 -0.4702 0.1706
vn 0.4582 0.2934 0.8390
vn 0.8409 -0.5388 0.0502
vn 0.6134 0.1410 0.7771
vn 0.7953 -0.6007 -0.0812
vn 0.7225 0.0032 0.6913
vn 0.7225 -0.6533 -0.2261
vn 0.7953 -0.1171 0.5948
vn 0.6134 -0.6900 -0.3843
vn 0.8409 -0.2215 0.4937
vn 0.4581 -0.6994 -0.5486
vn 0.8659 -0.3133 0.3900
vn 0.6120 -0.0591 0.7886
vn 0.6844 -0.1981 0.7016
vn 0.6120 -0.7655 -0.1987
vn 0.5095 -0.7783 -0.3670
vn 0.7319 -0.3204 0.6013
vn 0.3732 -0.7572 -0.5361
vn 0.7587 -0.4276 0.4914
vn 0.2034 -0.6938 -0.6908
vn 0.7674 -0.5214 0.3731
vn 0.2043 0.4299 0.8794
vn 0.7588 -0.6031 0.2461
vn 0.3735 0.2629 0.8896
vn 0.7320 -0.6725 0.1091
vn 0.5097 0.0961 0.8550
vn 0.6845 -0.7280 -0.0391
vn 0.5942 -0.6541 0.4680
vn 0.5859 -0.7431 0.3233
vn 0.1444 0.4155 0.8980
vn 0.2664 0.2387 0.9338
vn 0.5605 -0.8113 0.1663
vn 0.3706 0.0586 0.9269
vn 0.5171 -0.8559 -0.0013
vn 0.4542 -0.1147 0.8835
vn 0.4543 -0.8732 -0.1767
vn 0.5172 -0.2751 0.8105
vn 0.3705 -0.8584 -0.3548
vn 0.5606 -0.4193 0.7141
vn 0.2664 -0.8068 -0.5274
vn 0.5859 -0.5459 0.5990
vn 0.1442 -0.7159 -0.6831
vn 0.2453 -0.9559 -0.1616
vn 0.1969 -0.9169 -0.3471
vn 0.2835 -0.3351 0.8985
vn 0.3110 -0.4998 0.8084
vn 0.1395 -0.8415 -0.5220
vn 0.3275 -0.6451 0.6903
vn 0.0754 -0.7311 -0.6781
vn 0.3330 -0.7668 0.5487
vn 0.0744 0.4057 0.9110
vn 0.3275 -0.8616 0.3877
vn 0.1393 0.2223 0.9650
vn 0.3110 -0.9264 0.2121
vn 0.1968 0.0325 0.9799
vn 0.2835 -0.9586 0.0271
vn 0.2453 -0.1557 0.9569
vn 0.1737 -0.8965 0.4077
vn 0.1641 -0.9599 0.2273
vn 0.0700 0.2159 0.9739
vn 0.1006 0.0227 0.9947
vn 0.1484 -0.9882 0.0376
vn 0.1271 -0.1699 0.9772
vn 0.1270 -0.9798 -0.1547
vn 0.1484 -0.3547 0.9231
vn 0.1007 -0.9341 -0.3426
vn 0.1641 -0.5250 0.8351
vn 0.0702 -0.8520 -0.5188
vn 0.1737 -0.6752 0.7168
vn 0.0370 -0.7362 -0.6757
vn 0.1769 -0.8004 0.5727
vn 0.0359 0.4019 0.9150
vn 0.0701 -0.8829 0.4642
vn 0.1007 -0.9537 0.2833
vn 0.1969 -0.9369 0.2889
vn 0.1393 -0.8726 0.4681
vn 0.1737 -0.6289 -0.7578
vn 0.1641 -0.4716 -0.8664
vn 0.3110 -0.4481 -0.8381
vn 0.3275 -0.6005 -0.7295
vn 0.0362 -0.7772 0.6282
vn 0.0747 -0.7723 0.6309
vn 0.1769 -0.7629 -0.6218
vn 0.3330 -0.7309 -0.5957
vn 0.0365 0.4585 -0.8880
vn 0.1346 0.6260 -0.7681
vn 0.0748 0.4621 -0.8837
vn 0.1346 -0.6260 0.7681
vn 0.1737 -0.8691 -0.4631
vn 0.3275 -0.8356 -0.4410
vn 0.0701 0.2766 -0.9584
vn 0.1394 0.2824 -0.9491
vn 0.1640 -0.9438 -0.2871
vn 0.3110 -0.9113 -0.2698
vn 0.1007 0.0851 -0.9913
vn 0.1968 0.0939 -0.9759
vn 0.1484 -0.9839 -0.0995
vn 0.2835 -0.9550 -0.0872
vn 0.1271 -0.1082 -0.9860
vn 0.2453 -0.0953 -0.9648
vn 0.1270 -0.9875 0.0930
vn 0.2453 -0.9642 0.1013
vn 0.1484 -0.2960 -0.9436
vn 0.2835 -0.2780 -0.9178
vn 0.4542 -0.8826 0.1216
vn 0.3706 -0.8789 0.3002
vn 0.5171 -0.2237 -0.8262
vn 0.5605 -0.3737 -0.7390
vn 0.2663 -0.8384 0.4757
vn 0.5859 -0.5073 -0.6320
vn 0.1440 -0.7574 0.6369
vn 0.5942 -0.6235 -0.5082
vn 0.1440 0.4710 -0.8703
vn 0.5859 -0.7214 -0.3693
vn 0.2662 0.2967 -0.9171
vn 0.5606 -0.7992 -0.2169
vn 0.3705 0.1167 -0.9215
vn 0.5171 -0.8543 -0.0524
vn 0.4541 -0.0590 -0.8890
vn 0.2036 0.4842 -0.8510
vn 0.3731 0.3182 -0.8715
vn 0.7587 -0.5865 -0.2834
vn 0.7319 -0.6644 -0.1511
vn 0.5096 0.1495 -0.8473
vn 0.6844 -0.7290 -0.0067
vn 0.6120 -0.0095 -0.7908
vn 0.6120 -0.7765 0.1503
vn 0.6844 -0.1536 -0.7127
vn 0.5096 -0.7997 0.3174
vn 0.7319 -0.2820 -0.6203
vn 0.3731 -0.7894 0.4875
vn 0.7587 -0.3959 -0.5173
vn 0.2035 -0.7358 0.6459
vn 0.7674 -0.4970 -0.4051
vn 0.7953 -0.0795 -0.6009
vn 0.8410 -0.1900 -0.5066
vn 0.6134 -0.7127 0.3402
vn 0.4582 -0.7324 0.5036
vn 0.8659 -0.2882 -0.4089
vn 0.2530 -0.7097 0.6575
vn 0.8738 -0.3769 -0.3072
vn 0.2529 0.5008 -0.8278
vn 0.8659 -0.4586 -0.1998
vn 0.4582 0.3454 -0.8190
vn 0.8409 -0.5346 -0.0839
vn 0.6135 0.1894 -0.7667
vn 0.7953 -0.6046 0.0434
vn 0.7225 0.0465 -0.6898
vn 0.7225 -0.6662 0.1847
vn 0.9305 -0.3452 -0.1227
vn 0.9079 -0.4188 -0.0189
vn 0.5218 0.3780 -0.7648
vn 0.6867 0.2348 -0.6880
vn 0.8658 -0.4913 0.0954
vn 0.7962 0.1060 -0.5957
vn 0.7962 -0.5621 0.2240
vn 0.8658 -0.0057 -0.5004
vn 0.6867 -0.6264 0.3688
vn 0.9079 -0.1030 -0.4063
vn 0.5219 -0.6727 0.5245
vn 0.9305 -0.1898 -0.3134
vn 0.2914 -0.6810 0.6718
vn 0.9376 -0.2696 -0.2197
vn 0.2916 0.5205 -0.8026
vn 0.7348 -0.5452 0.4035
vn 0.5656 -0.6138 0.5507
vn 0.9475 -0.0206 -0.3190
vn 0.9682 -0.0997 -0.2296
vn 0.3186 -0.6516 0.6884
vn 0.9746 -0.1735 -0.1414
vn 0.3185 0.5427 -0.7772
vn 0.9682 -0.2449 -0.0514
vn 0.5656 0.4156 -0.7123
vn 0.9475 -0.3166 0.0442
vn 0.7348 0.2853 -0.6154
vn 0.9084 -0.3906 0.1494
vn 0.8423 0.1684 -0.5120
vn 0.8423 -0.4675 0.2683
vn 0.9084 0.0675 -0.4127
vn 0.9684 -0.2251 0.1073
vn 0.9312 -0.3005 0.2063
vn 0.7619 0.3410 -0.5506
vn 0.8675 0.2344 -0.4387
vn 0.8676 -0.3823 0.3181
vn 0.9312 0.1415 -0.3359
vn 0.7619 -0.4705 0.4451
vn 0.9684 0.0596 -0.2421
vn 0.5912 -0.5577 0.5826
vn 0.9879 -0.0147 -0.1543
vn 0.3348 -0.6224 0.7074
vn 0.9940 -0.0849 -0.0692
vn 0.3347 0.5673 -0.7524
vn 0.9879 -0.1541 0.0168
vn 0.5912 0.4581 -0.6638
vn 0.5996 -0.5056 0.6204
vn 0.3401 -0.5941 0.7289
vn 0.9941 0.0688 -0.0844
vn 0.3402 0.5940 -0.7290
vn 0.9941 -0.0688 0.0844
vn 0.5996 0.5056 -0.6204
vn 0.9749 -0.1405 0.1724
vn 0.7707 0.4025 -0.4939
vn 0.9384 -0.2183 0.2679
vn 0.8756 0.3052 -0.3745
vn 0.8756 -0.3052 0.3744
vn 0.9384 0.2184 -0.2679
vn 0.7707 -0.4026 0.4940
vn 0.9750 0.1405 -0.1724
vn 0.7619 0.4705 -0.4451
vn 0.8675 0.3824 -0.3181
vn 0.9312 -0.1415 0.3359
vn 0.8675 -0.2344 0.4386
vn 0.9312 0.3005 -0.2064
vn 0.7619 -0.3410 0.5506
vn 0.9684 0.2251 -0.1073
vn 0.5912 -0.4581 0.6638
vn 0.9879 0.1541 -0.0168
vn 0.3347 -0.5674 0.7523
vn 0.9940 0.0849 0.0692
vn 0.3348 0.6224 -0.7075
vn 0.9879 0.0147 0.1543
vn 0.5912 0.5577 -0.5826
vn 0.9684 -0.0597 0.2421
vn 0.9682 0.2450 0.0513
vn 0.9746 0.1735 0.1414
vn 0.3186 0.6516 -0.6884
vn 0.3187 -0.5427 0.7771
vn 0.9682 0.0997 0.2295
vn 0.5656 0.6138 -0.5507
vn 0.9475 0.0206 0.3190
vn 0.7348 0.5451 -0.4035
vn 0.9084 -0.0675 0.4127
vn 0.8423 0.4675 -0.2683
vn 0.8423 -0.1684 0.5120
vn 0.9084 0.3905 -0.1494
vn 0.7348 -0.2853 0.6154
vn 0.9475 0.3166 -0.0442
vn 0.5656 -0.4156 0.7123
vn 0.8657 0.0057 0.5005
vn 0.7961 -0.1060 0.5958
vn 0.7962 0.5621 -0.2240
vn 0.8657 0.4913 -0.0954
vn 0.6867 -0.2348 0.6880
vn 0.9079 0.4188 0.0190
vn 0.5218 -0.3780 0.7648
vn 0.9305 0.3452 0.1227
vn 0.2913 -0.5204 0.8027
vn 0.9376 0.2696 0.2197
vn 0.2913 0.6812 -0.6717
vn 0.9305 0.1898 0.3134
vn 0.5218 0.6728 -0.5245
vn 0.9079 0.1031 0.4063
vn 0.6867 0.6264 -0.3688
vn 0.2530 0.7097 -0.6575
vn 0.2533 -0.5008 0.8276
vn 0.8738 0.3769 0.3072
vn 0.8659 0.2882 0.4089
vn 0.4582 0.7324 -0.5036
vn 0.8409 0.1901 0.5066
vn 0.6135 0.7127 -0.3402
vn 0.7953 0.0795 0.6010
vn 0.7226 0.6661 -0.1847
vn 0.7225 -0.0465 0.6898
vn 0.7953 0.6046 -0.0434
vn 0.6134 -0.1894 0.7667
vn 0.8409 0.5346 0.0840
vn 0.4582 -0.3455 0.8189
vn 0.8659 0.4586 0.1998
vn 0.6120 0.7765 -0.1503
vn 0.6844 0.7290 0.0067
vn 0.6120 0.0095 0.7908
vn 0.5096 -0.1495 0.8473
vn 0.7320 0.6644 0.1511
vn 0.3731 -0.3182 0.8715
vn 0.7588 0.5865 0.2834
vn 0.2035 -0.4842 0.8510
vn 0.7674 0.4970 0.4051
vn 0.2039 0.7357 -0.6459
vn 0.7588 0.3959 0.5172
vn 0.3733 0.7893 -0.4875
vn 0.7320 0.2820 0.6202
vn 0.5096 0.7997 -0.3174
vn 0.6844 0.1536 0.7127
vn 0.5942 0.6235 0.5082
vn 0.5859 0.5073 0.6320
vn 0.1436 0.7575 -0.6368
vn 0.2663 0.8384 -0.4756
vn 0.5605 0.3737 0.7391
vn 0.3706 0.8790 -0.3002
vn 0.5171 0.2237 0.8262
vn 0.4542 0.8826 -0.1216
vn 0.4542 0.0590 0.8889
vn 0.5171 0.8543 0.0524
vn 0.3706 -0.1167 0.9214
vn 0.5605 0.7992 0.2169
vn 0.2663 -0.2968 0.9171
vn 0.5859 0.7214 0.3693
vn 0.1440 -0.4710 0.8703
vn 0.2454 0.0953 0.9647
vn 0.1969 -0.0939 0.9759
vn 0.2835 0.9550 0.0872
vn 0.3110 0.9113 0.2698
vn 0.1395 -0.2825 0.9491
vn 0.3275 0.8356 0.4410
vn 0.0751 -0.4621 0.8837
vn 0.3330 0.7309 0.5957
vn 0.0750 0.7723 -0.6308
vn 0.3275 0.6005 0.7294
vn 0.1397 0.8726 -0.4681
vn 0.3110 0.4481 0.8381
vn 0.1971 0.9369 -0.2889
vn 0.2836 0.2780 0.9178
vn 0.2454 0.9641 -0.1013
vn 0.1738 0.6289 0.7578
vn 0.1642 0.4716 0.8664
vn 0.0705 0.8829 -0.4643
vn 0.1010 0.9537 -0.2833
vn 0.1485 0.2960 0.9436
vn 0.1272 0.9875 -0.0930
vn 0.1272 0.1082 0.9860
vn 0.1483 0.9839 0.0995
vn 0.1008 -0.0851 0.9913
vn 0.1640 0.9438 0.2871
vn 0.0702 -0.2765 0.9584
vn 0.1736 0.8691 0.4631
vn 0.0366 -0.4585 0.8880
vn 0.1769 0.7629 0.6218
vn 0.0374 0.7771 -0.6282
vn 0.0704 -0.8829 0.4642
vn 0.1396 -0.8726 0.4681
vn 0.1738 -0.6289 -0.7578
vn 0.3275 -0.6005 -0.7294
vn 0.0372 -0.7772 0.6282
vn 0.0755 -0.7722 0.6309
vn 0.1770 -0.7629 -0.6218
vn 0.0378 0.4584 -0.8879
vn 0.0752 0.4621 -0.8836
vn 0.1347 -0.6260 0.7681
vn 0.1738 -0.8691 -0.4631
vn 0.0705 0.2765 -0.9584
vn 0.1395 0.2824 -0.9491
vn 0.1641 -0.9437 -0.2871
vn 0.1008 0.0851 -0.9913
vn 0.1969 0.0939 -0.9759
vn 0.2453 -0.0953 -0.9647
vn 0.1271 -0.9875 0.0929
vn 0.3705 -0.8790 0.3002
vn 0.2663 -0.8383 0.4756
vn 0.5858 -0.5073 -0.6320
vn 0.1441 -0.7574 0.6368
vn 0.5942 -0.6235 -0.5081
vn 0.1437 0.4710 -0.8704
vn 0.5605 -0.7992 -0.2169
vn 0.3705 0.1166 -0.9215
vn 0.4542 -0.0590 -0.8890
vn 0.2037 0.4842 -0.8509
vn 0.3732 0.3182 -0.8715
vn 0.7320 -0.6644 -0.1511
vn 0.5096 0.1496 -0.8473
vn 0.6120 -0.7764 0.1503
vn 0.5096 -0.7997 0.3175
vn 0.7320 -0.2820 -0.6202
vn 0.7587 -0.3959 -0.5172
vn 0.2033 -0.7359 0.6459
vn 0.8409 -0.1901 -0.5067
vn 0.6135 -0.7127 0.3402
vn 0.2531 -0.7097 0.6575
vn 0.6134 0.1894 -0.7667
vn 0.7226 0.0465 -0.6897
vn 0.7226 -0.6661 0.1847
vn 0.9079 -0.4188 -0.0190
vn 0.5217 0.3780 -0.7648
vn 0.8657 -0.4913 0.0954
vn 0.7961 -0.5621 0.2240
vn 0.6867 -0.6265 0.3688
vn 0.5218 -0.6728 0.5245
vn 0.2914 -0.6812 0.6716
vn 0.2911 0.5205 -0.8027
vn 0.5656 -0.6139 0.5507
vn 0.9475 -0.0206 -0.3191
vn 0.3185 -0.6517 0.6884
vn 0.3186 0.5429 -0.7770
vn 0.9312 -0.3005 0.2064
vn 0.7620 -0.4705 0.4451
vn 0.9684 0.0597 -0.2421
vn 0.3347 -0.6224 0.7075
vn 0.3346 0.5673 -0.7524
vn 0.5996 -0.5055 0.6204
vn 0.3401 -0.5940 0.7290
vn 0.5997 0.5055 -0.6204
vn 0.7707 0.4026 -0.4939
vn 0.8756 -0.3052 0.3745
vn 0.9384 0.2183 -0.2679
vn 0.9749 0.1405 -0.1724
vn 0.7620 0.4705 -0.4451
vn 0.8675 0.3823 -0.3181
vn 0.8675 -0.2344 0.4387
vn 0.3348 -0.5673 0.7524
vn 0.3347 0.6224 -0.7075
vn 0.5913 0.5577 -0.5826
vn 0.9682 0.2450 0.0514
vn 0.3188 0.6515 -0.6884
vn 0.9682 0.0997 0.2296
vn 0.5657 0.6138 -0.5507
vn 0.9084 0.3906 -0.1494
vn 0.7348 -0.2853 0.6153
vn 0.5657 -0.4156 0.7123
vn 0.7961 -0.1060 0.5957
vn 0.7961 0.5621 -0.2241
vn 0.5217 -0.3780 0.7648
vn 0.2915 0.6810 -0.6718
vn 0.9305 0.1899 0.3134
vn 0.2529 0.7098 -0.6574
vn 0.2532 -0.5008 0.8277
vn 0.4581 0.7325 -0.5036
vn 0.6134 0.7127 -0.3402
vn 0.7225 0.6662 -0.1847
vn 0.7953 0.6047 -0.0433
vn 0.8409 0.5346 0.0839
vn 0.4582 -0.3454 0.8190
vn 0.6120 0.7764 -0.1502
vn 0.6845 0.7290 0.0067
vn 0.6120 0.0094 0.7908
vn 0.5097 -0.1496 0.8473
vn 0.3732 -0.3182 0.8715
vn 0.2035 -0.4842 0.8509
vn 0.2040 0.7357 -0.6459
vn 0.7587 0.3959 0.5173
vn 0.3732 0.7894 -0.4875
vn 0.5858 0.5073 0.6320
vn 0.1440 0.7574 -0.6369
vn 0.2662 0.8384 -0.4757
vn 0.3706 0.8789 -0.3002
vn 0.4543 0.8825 -0.1216
vn 0.5172 0.8543 0.0524
vn 0.5606 0.7992 0.2169
vn 0.5859 0.7213 0.3693
vn 0.2453 0.0954 0.9647
vn 0.2835 0.9550 0.0871
vn 0.1394 -0.2825 0.9491
vn 0.0752 -0.4620 0.8837
vn 0.0747 0.7723 -0.6308
vn 0.3276 0.6005 0.7295
vn 0.1394 0.8726 -0.4681
vn 0.1969 0.9369 -0.2889
vn 0.2835 0.2781 0.9178
vn 0.2453 0.9642 -0.1013
vn 0.0704 0.8829 -0.4643
vn 0.1007 0.9537 -0.2834
vn 0.1270 0.9875 -0.0930
vn 0.1484 0.9839 0.0995
vn 0.1641 0.9437 0.2871
vn 0.0703 -0.2766 0.9584
vn 0.0370 -0.4585 0.8879
vn 0.1770 0.7629 0.6218
vn 0.0369 0.7772 -0.6282
vt 0.263177 0.252713
vt 0.263206 0.006426
vt 0.278662 0.006429
vt 0.278630 0.252716
vt 0.188513 0.744972
vt 0.188477 0.991258
vt 0.141495 0.991249
vt 0.141541 0.744962
vt 0.411727 0.923020
vt 0.411721 0.951338
vt 0.350238 0.951338
vt 0.350244 0.923020
vt 0.058598 0.744964
vt 0.058856 0.991254
vt 0.011870 0.991280
vt 0.011623 0.744989
vt 0.281275 0.252731
vt 0.281264 0.006444
vt 0.296728 0.006443
vt 0.296735 0.252730
vt 0.058020 0.000922
vt 0.063007 0.003257
vt 0.062061 0.004292
vt 0.057983 0.003258
vt 0.065077 0.008900
vt 0.062973 0.008900
vt 0.057972 0.008902
vt 0.065923 0.991252
vt 0.063875 0.996766
vt 0.062932 0.995754
vt 0.063830 0.991252
vt 0.058919 0.999053
vt 0.058878 0.996768
vt 0.010785 0.000947
vt 0.010748 0.003284
vt 0.006686 0.004322
vt 0.005803 0.003288
vt 0.010737 0.008928
vt 0.005769 0.008932
vt 0.003744 0.008934
vt 0.011933 0.999078
vt 0.006973 0.996797
vt 0.007850 0.995784
vt 0.011892 0.996793
vt 0.004914 0.991285
vt 0.006928 0.991283
vt 0.141598 0.000922
vt 0.141552 0.003267
vt 0.137491 0.004300
vt 0.136613 0.003259
vt 0.141532 0.008914
vt 0.136567 0.008910
vt 0.134548 0.008903
vt 0.141558 0.999035
vt 0.136601 0.996751
vt 0.137474 0.995745
vt 0.141513 0.996759
vt 0.134548 0.991237
vt 0.136556 0.991245
vt 0.188829 0.000931
vt 0.193812 0.003270
vt 0.192860 0.004312
vt 0.188783 0.003276
vt 0.195876 0.008915
vt 0.193766 0.008922
vt 0.188763 0.008924
vt 0.188540 0.999045
vt 0.188495 0.996768
vt 0.192551 0.995756
vt 0.193498 0.996762
vt 0.193453 0.991256
vt 0.195552 0.991250
vt 0.065664 0.744962
vt 0.063571 0.744961
vt 0.003996 0.255145
vt 0.006021 0.255142
vt 0.010989 0.255139
vt 0.412654 0.916820
vt 0.412654 0.888351
vt 0.419099 0.888355
vt 0.419099 0.916824
vt 0.296775 0.994416
vt 0.281229 0.994417
vt 0.281264 0.988781
vt 0.296809 0.988780
vt 0.417789 0.923001
vt 0.417783 0.951319
vt 0.281229 0.000923
vt 0.296693 0.000922
vt 0.187591 0.255130
vt 0.192361 0.255128
vt 0.194375 0.255122
vt 0.134727 0.255109
vt 0.136650 0.255117
vt 0.141382 0.255121
vt 0.350542 0.888351
vt 0.350543 0.916820
vt 0.343879 0.916824
vt 0.343879 0.888355
vt 0.278514 0.994418
vt 0.262976 0.994415
vt 0.263050 0.988762
vt 0.278588 0.988765
vt 0.343324 0.951319
vt 0.343331 0.923001
vt 0.263134 0.000922
vt 0.278590 0.000925
vt 0.136604 0.744958
vt 0.136988 0.500039
vt 0.141953 0.500043
vt 0.134596 0.744951
vt 0.134969 0.500032
vt 0.193488 0.744970
vt 0.195586 0.744964
vt 0.194187 0.500051
vt 0.196296 0.500044
vt 0.189184 0.500053
vt 0.006682 0.744993
vt 0.005769 0.500068
vt 0.010737 0.500065
vt 0.004668 0.744995
vt 0.003744 0.500071
vt 0.064466 0.255111
vt 0.059465 0.255113
vt 0.062973 0.500037
vt 0.057972 0.500039
vt 0.066570 0.255111
vt 0.065077 0.500037
vt 0.281254 0.742574
vt 0.296775 0.742567
vt 0.281566 0.497655
vt 0.297111 0.497654
vt 0.263072 0.742556
vt 0.278662 0.742553
vt 0.262780 0.497635
vt 0.278318 0.497639
vt 0.514849 0.169413
vt 0.516337 0.009989
vt 0.577403 0.009989
vt 0.578890 0.169413
vt 0.432502 0.169401
vt 0.434001 0.009947
vt 0.495066 0.009948
vt 0.496541 0.169402
vt 0.580644 0.904959
vt 0.688282 0.904960
vt 0.688282 0.982261
vt 0.580643 0.982261
vt 0.350072 0.169349
vt 0.351562 0.009920
vt 0.412627 0.009919
vt 0.414113 0.169349
vt 0.595891 0.168905
vt 0.597378 0.010104
vt 0.658444 0.010104
vt 0.659931 0.168905
vt 0.869152 0.972063
vt 0.869233 0.980654
vt 0.859490 0.979071
vt 0.857257 0.972052
vt 0.579067 0.630588
vt 0.585863 0.630530
vt 0.584616 0.634488
vt 0.579068 0.635408
vt 0.349895 0.630684
vt 0.349898 0.635582
vt 0.344351 0.634695
vt 0.343103 0.630702
vt 0.577404 0.005309
vt 0.582665 0.006134
vt 0.583848 0.009935
vt 0.699629 0.982271
vt 0.697540 0.988936
vt 0.688271 0.990428
vt 0.345121 0.009937
vt 0.346305 0.006166
vt 0.351565 0.005309
vt 0.869152 0.890547
vt 0.857257 0.890536
vt 0.859490 0.883509
vt 0.869233 0.881935
vt 0.414290 0.630684
vt 0.421088 0.630702
vt 0.419842 0.634694
vt 0.414293 0.635582
vt 0.595714 0.628004
vt 0.595714 0.632660
vt 0.590165 0.631680
vt 0.588918 0.627804
vt 0.688271 0.896812
vt 0.697540 0.898314
vt 0.699629 0.904970
vt 0.590934 0.009914
vt 0.592116 0.006070
vt 0.597378 0.005309
vt 0.412631 0.005309
vt 0.417893 0.006166
vt 0.419074 0.009936
vt 0.982644 0.972067
vt 0.994701 0.972057
vt 0.992539 0.979075
vt 0.982725 0.980658
vt 0.496717 0.630751
vt 0.503529 0.630740
vt 0.502290 0.634720
vt 0.496734 0.635620
vt 0.514672 0.630587
vt 0.514673 0.635408
vt 0.509125 0.634487
vt 0.507878 0.630530
vt 0.580632 0.990428
vt 0.571353 0.988935
vt 0.569274 0.982271
vt 0.509894 0.009935
vt 0.511077 0.006134
vt 0.516338 0.005309
vt 0.495082 0.005310
vt 0.500350 0.006155
vt 0.501526 0.009938
vt 0.982644 0.890551
vt 0.982725 0.881939
vt 0.992539 0.883513
vt 0.994701 0.890541
vt 0.660108 0.628004
vt 0.666903 0.627804
vt 0.665656 0.631680
vt 0.660108 0.632659
vt 0.432324 0.630750
vt 0.432341 0.635619
vt 0.426800 0.634718
vt 0.425546 0.630739
vt 0.569274 0.904969
vt 0.571353 0.898313
vt 0.580632 0.896812
vt 0.427574 0.009936
vt 0.428763 0.006153
vt 0.434017 0.005309
vt 0.658443 0.005309
vt 0.663705 0.006070
vt 0.664887 0.009914
vt 0.585648 0.169356
vt 0.343318 0.169367
vt 0.595714 0.474977
vt 0.588918 0.474776
vt 0.421088 0.476923
vt 0.414289 0.476905
vt 0.433866 0.476967
vt 0.427405 0.476956
vt 0.666903 0.474644
vt 0.660108 0.474835
vt 0.514672 0.476858
vt 0.507878 0.476803
vt 0.503361 0.476958
vt 0.496866 0.476969
vt 0.503316 0.169391
vt 0.502825 0.323180
vt 0.496013 0.323191
vt 0.508092 0.169356
vt 0.513379 0.323127
vt 0.506585 0.323069
vt 0.666689 0.168705
vt 0.668197 0.321798
vt 0.661402 0.321998
vt 0.425762 0.169390
vt 0.431619 0.323189
vt 0.424841 0.323178
vt 0.420874 0.169367
vt 0.421786 0.323153
vt 0.414987 0.323135
vt 0.589133 0.168706
vt 0.597007 0.321999
vt 0.590212 0.321798
vt 0.341412 0.476924
vt 0.348204 0.476905
vt 0.343801 0.323153
vt 0.350593 0.323135
vt 0.579066 0.476899
vt 0.585862 0.476842
vt 0.577774 0.323127
vt 0.584570 0.323070
vt 0.841199 0.158103
vt 0.841199 0.010244
vt 0.905594 0.010245
vt 0.905594 0.158103
vt 0.761376 0.159402
vt 0.759088 0.010200
vt 0.823481 0.010201
vt 0.823481 0.158117
vt 0.726365 0.972055
vt 0.726365 0.890539
vt 0.839872 0.890538
vt 0.839872 0.972054
vt 0.678044 0.158083
vt 0.678044 0.010171
vt 0.742439 0.010170
vt 0.740151 0.159369
vt 0.922240 0.158671
vt 0.922935 0.010365
vt 0.987329 0.010520
vt 0.986634 0.158826
vt 0.435393 0.986829
vt 0.435469 0.994948
vt 0.426262 0.993452
vt 0.424151 0.986819
vt 0.903824 0.619388
vt 0.910247 0.619334
vt 0.909069 0.623074
vt 0.903825 0.623944
vt 0.679817 0.619597
vt 0.679820 0.624225
vt 0.674578 0.623387
vt 0.673399 0.619614
vt 0.905595 0.005309
vt 0.911143 0.006179
vt 0.912390 0.010187
vt 0.839886 0.881945
vt 0.849672 0.883527
vt 0.851864 0.890546
vt 0.671252 0.010189
vt 0.672501 0.006213
vt 0.678048 0.005309
vt 0.435388 0.909796
vt 0.424146 0.909786
vt 0.426256 0.903144
vt 0.435463 0.901657
vt 0.740671 0.619596
vt 0.747096 0.619613
vt 0.745919 0.623386
vt 0.740674 0.624225
vt 0.921866 0.616636
vt 0.921846 0.621036
vt 0.916607 0.620097
vt 0.915446 0.616432
vt 0.714402 0.890547
vt 0.716606 0.883527
vt 0.726380 0.881945
vt 0.916140 0.010148
vt 0.917406 0.006098
vt 0.922958 0.005309
vt 0.742442 0.005309
vt 0.747992 0.006212
vt 0.749237 0.010189
vt 0.542644 0.986829
vt 0.554038 0.986819
vt 0.551996 0.993452
vt 0.542721 0.994948
vt 0.821725 0.619619
vt 0.828163 0.619608
vt 0.826991 0.623369
vt 0.821741 0.624220
vt 0.842970 0.619388
vt 0.842971 0.623944
vt 0.837729 0.623074
vt 0.836550 0.619334
vt 0.851864 0.972062
vt 0.849672 0.979090
vt 0.839886 0.980664
vt 0.834405 0.010187
vt 0.835652 0.006179
vt 0.841200 0.005309
vt 0.823499 0.005310
vt 0.829054 0.006201
vt 0.830294 0.010190
vt 0.542639 0.909795
vt 0.542715 0.901657
vt 0.551990 0.903144
vt 0.554033 0.909786
vt 0.982720 0.616783
vt 0.989142 0.616609
vt 0.987947 0.620269
vt 0.982699 0.621183
vt 0.760872 0.619617
vt 0.760889 0.624218
vt 0.755653 0.623367
vt 0.754467 0.619606
vt 0.726380 0.980665
vt 0.716607 0.979090
vt 0.714402 0.972063
vt 0.752310 0.010189
vt 0.753565 0.006199
vt 0.759105 0.005309
vt 0.987352 0.005464
vt 0.992896 0.006280
vt 0.994125 0.010336
vt 0.912390 0.158046
vt 0.671252 0.158101
vt 0.923713 0.463615
vt 0.916977 0.463398
vt 0.749241 0.465678
vt 0.742442 0.465660
vt 0.759074 0.465690
vt 0.752296 0.465679
vt 0.994295 0.463584
vt 0.987557 0.463768
vt 0.841199 0.465549
vt 0.834405 0.465492
vt 0.830294 0.465672
vt 0.823481 0.465683
vt 0.830294 0.158106
vt 0.828795 0.311893
vt 0.821798 0.311904
vt 0.834405 0.158046
vt 0.840328 0.311797
vt 0.833349 0.311738
vt 0.993430 0.158642
vt 0.989764 0.310335
vt 0.983484 0.310505
vt 0.754598 0.159391
vt 0.761548 0.311886
vt 0.755284 0.311876
vt 0.746949 0.159387
vt 0.746285 0.311899
vt 0.740002 0.311882
vt 0.915446 0.158454
vt 0.923970 0.310361
vt 0.917691 0.310161
vt 0.671252 0.465659
vt 0.678044 0.465641
vt 0.673322 0.311886
vt 0.680298 0.311867
vt 0.905594 0.465550
vt 0.912390 0.465493
vt 0.904567 0.311786
vt 0.911547 0.311727
vt 0.315919 0.742537
vt 0.315898 0.988804
vt 0.299678 0.988806
vt 0.299702 0.742539
vt 0.252986 0.744943
vt 0.252980 0.991229
vt 0.205981 0.991229
vt 0.205997 0.744943
vt 0.350028 0.985745
vt 0.350029 0.956040
vt 0.411769 0.956040
vt 0.411769 0.985744
vt 0.124045 0.744967
vt 0.124305 0.991258
vt 0.077307 0.991283
vt 0.077058 0.744992
vt 0.335634 0.742575
vt 0.335650 0.988842
vt 0.319427 0.988843
vt 0.319415 0.742576
vt 0.123427 0.000922
vt 0.128415 0.003257
vt 0.127488 0.004294
vt 0.123414 0.003261
vt 0.130486 0.008901
vt 0.128405 0.008903
vt 0.123413 0.008906
vt 0.131340 0.991252
vt 0.129292 0.996766
vt 0.128368 0.995756
vt 0.129271 0.991255
vt 0.124335 0.999053
vt 0.124317 0.996770
vt 0.076180 0.000947
vt 0.076167 0.003286
vt 0.072100 0.004324
vt 0.071196 0.003287
vt 0.076166 0.008931
vt 0.071187 0.008933
vt 0.069137 0.008933
vt 0.077337 0.999077
vt 0.072375 0.996796
vt 0.073272 0.995785
vt 0.077319 0.996795
vt 0.070315 0.991284
vt 0.072354 0.991285
vt 0.205915 0.000922
vt 0.205905 0.003252
vt 0.201836 0.004289
vt 0.200929 0.003260
vt 0.205901 0.008894
vt 0.200919 0.008897
vt 0.198863 0.008904
vt 0.205994 0.999036
vt 0.201035 0.996752
vt 0.201937 0.995735
vt 0.205985 0.996745
vt 0.198981 0.991239
vt 0.201025 0.991232
vt 0.253163 0.000922
vt 0.258149 0.003260
vt 0.257226 0.004289
vt 0.253153 0.003252
vt 0.260214 0.008904
vt 0.258139 0.008897
vt 0.253149 0.008894
vt 0.252993 0.999036
vt 0.252984 0.996745
vt 0.257035 0.995735
vt 0.257952 0.996752
vt 0.257943 0.991232
vt 0.260007 0.991239
vt 0.131079 0.744962
vt 0.129010 0.744964
vt 0.069392 0.255144
vt 0.071441 0.255144
vt 0.076421 0.255142
vt 0.350765 0.853789
vt 0.350765 0.883651
vt 0.343879 0.883651
vt 0.343879 0.853789
vt 0.319322 0.000923
vt 0.335630 0.000922
vt 0.335636 0.006586
vt 0.319327 0.006587
vt 0.343324 0.985743
vt 0.343324 0.956038
vt 0.335646 0.994334
vt 0.319423 0.994334
vt 0.252006 0.255100
vt 0.256763 0.255104
vt 0.258742 0.255111
vt 0.199072 0.255111
vt 0.201031 0.255104
vt 0.205780 0.255101
vt 0.412686 0.883651
vt 0.412686 0.853789
vt 0.418868 0.853789
vt 0.418868 0.883651
vt 0.299754 0.000924
vt 0.316061 0.000922
vt 0.316027 0.006545
vt 0.299720 0.006547
vt 0.418095 0.956038
vt 0.418095 0.985743
vt 0.315931 0.994337
vt 0.299711 0.994339
vt 0.201043 0.744946
vt 0.202640 0.500023
vt 0.207407 0.500020
vt 0.198999 0.744953
vt 0.200674 0.500030
vt 0.257948 0.744946
vt 0.260011 0.744953
vt 0.257391 0.500023
vt 0.259376 0.500030
vt 0.252616 0.500020
vt 0.072106 0.744994
vt 0.071187 0.500069
vt 0.076166 0.500067
vt 0.070067 0.744994
vt 0.069137 0.500069
vt 0.129901 0.255113
vt 0.124909 0.255116
vt 0.128405 0.500039
vt 0.123413 0.500042
vt 0.131981 0.255111
vt 0.130486 0.500037
vt 0.335650 0.252774
vt 0.319338 0.252760
vt 0.335338 0.497680
vt 0.318967 0.497668
vt 0.316008 0.252734
vt 0.299678 0.252722
vt 0.316400 0.497652
vt 0.300012 0.497641
vt 0.813398 0.754794
vt 0.812497 0.749850
vt 0.814751 0.749964
vt 0.814951 0.754873
vt 0.813661 0.721433
vt 0.814880 0.718626
vt 0.818628 0.718816
vt 0.817640 0.721634
vt 0.814559 0.759277
vt 0.815351 0.759317
vt 0.812692 0.725060
vt 0.816749 0.725265
vt 0.664304 0.790784
vt 0.664503 0.785495
vt 0.665069 0.790704
vt 0.815936 0.763126
vt 0.812010 0.729369
vt 0.815989 0.729570
vt 0.664480 0.795941
vt 0.665980 0.795782
vt 0.811642 0.734193
vt 0.815390 0.734382
vt 0.665023 0.800766
vt 0.667201 0.800536
vt 0.811602 0.739347
vt 0.814975 0.739518
vt 0.665913 0.805076
vt 0.668685 0.804783
vt 0.811890 0.744634
vt 0.814759 0.744779
vt 0.667116 0.808704
vt 0.670375 0.808360
vt 0.668585 0.811510
vt 0.672206 0.811128
vt 0.817721 0.745400
vt 0.817077 0.750452
vt 0.673572 0.807169
vt 0.675758 0.809804
vt 0.816553 0.755209
vt 0.822497 0.719627
vt 0.821748 0.722495
vt 0.816168 0.759489
vt 0.820937 0.726144
vt 0.665819 0.790424
vt 0.820097 0.730431
vt 0.667451 0.795234
vt 0.819260 0.735194
vt 0.669337 0.799741
vt 0.818458 0.740248
vt 0.671403 0.803770
vt 0.666525 0.789956
vt 0.668837 0.794317
vt 0.824176 0.731920
vt 0.823102 0.736596
vt 0.671349 0.798409
vt 0.821915 0.741510
vt 0.673964 0.802075
vt 0.820661 0.746474
vt 0.676583 0.805176
vt 0.819388 0.751295
vt 0.578851 0.723366
vt 0.584417 0.720002
vt 0.586880 0.720804
vt 0.581587 0.724258
vt 0.818145 0.755790
vt 0.574212 0.727449
vt 0.577117 0.728396
vt 0.816979 0.759785
vt 0.570679 0.732094
vt 0.573641 0.733059
vt 0.825096 0.727662
vt 0.590280 0.721894
vt 0.585365 0.725469
vt 0.821593 0.752461
vt 0.819664 0.756593
vt 0.581127 0.729681
vt 0.817754 0.760194
vt 0.577730 0.734370
vt 0.667162 0.789319
vt 0.571293 0.738068
vt 0.575303 0.739353
vt 0.670084 0.793066
vt 0.570163 0.743230
vt 0.573940 0.744441
vt 0.673160 0.796593
vt 0.826769 0.738536
vt 0.825216 0.743256
vt 0.676269 0.799765
vt 0.823468 0.747958
vt 0.679293 0.802458
vt 0.580266 0.740929
vt 0.578615 0.745925
vt 0.671145 0.791530
vt 0.674699 0.794362
vt 0.573694 0.749437
vt 0.577901 0.750773
vt 0.678229 0.796926
vt 0.574574 0.754150
vt 0.578151 0.755286
vt 0.595683 0.719094
vt 0.599261 0.720230
vt 0.594487 0.723229
vt 0.826032 0.749797
vt 0.823608 0.753906
vt 0.590040 0.726953
vt 0.821052 0.757588
vt 0.586090 0.731257
vt 0.818461 0.760701
vt 0.582790 0.735976
vt 0.667702 0.788535
vt 0.825356 0.755573
vt 0.822256 0.758736
vt 0.595432 0.728653
vt 0.591814 0.733062
vt 0.819075 0.761287
vt 0.588626 0.737816
vt 0.668127 0.787637
vt 0.585990 0.742734
vt 0.671979 0.789766
vt 0.584007 0.747625
vt 0.675910 0.791803
vt 0.582754 0.752303
vt 0.679769 0.793668
vt 0.582278 0.756587
vt 0.603388 0.721531
vt 0.599339 0.724760
vt 0.579356 0.759290
vt 0.582598 0.760312
vt 0.589909 0.749476
vt 0.588065 0.753968
vt 0.607421 0.719091
vt 0.610970 0.720204
vt 0.607905 0.722947
vt 0.586795 0.758003
vt 0.604651 0.726425
vt 0.586148 0.761425
vt 0.601333 0.730504
vt 0.826769 0.757399
vt 0.823229 0.759994
vt 0.598080 0.735026
vt 0.819571 0.761928
vt 0.595014 0.739819
vt 0.668420 0.786657
vt 0.592255 0.744698
vt 0.672553 0.787845
vt 0.676743 0.789013
vt 0.823934 0.761312
vt 0.819931 0.762600
vt 0.604645 0.737076
vt 0.601709 0.741909
vt 0.668569 0.785634
vt 0.598821 0.746748
vt 0.672845 0.785838
vt 0.596094 0.751406
vt 0.677168 0.786100
vt 0.593632 0.755706
vt 0.614689 0.721365
vt 0.612639 0.724425
vt 0.591529 0.759481
vt 0.610218 0.728162
vt 0.589867 0.762586
vt 0.607519 0.732434
vt 0.586147 0.764104
vt 0.588709 0.764903
vt 0.618436 0.722529
vt 0.617408 0.725906
vt 0.599239 0.757448
vt 0.596298 0.760962
vt 0.615825 0.729905
vt 0.593614 0.763750
vt 0.613749 0.734370
vt 0.591290 0.765705
vt 0.611260 0.739130
vt 0.942378 0.772417
vt 0.937752 0.771215
vt 0.938385 0.769705
vt 0.942700 0.771647
vt 0.608453 0.744004
vt 0.668569 0.784607
vt 0.946906 0.772764
vt 0.605436 0.748802
vt 0.672845 0.783824
vt 0.602325 0.753342
vt 0.677168 0.783176
vt 0.617668 0.741112
vt 0.614987 0.746024
vt 0.668420 0.783616
vt 0.943179 0.770903
vt 0.611844 0.750784
vt 0.672553 0.781879
vt 0.608361 0.755208
vt 0.676743 0.780352
vt 0.604672 0.759127
vt 0.622066 0.723651
vt 0.622028 0.727335
vt 0.600918 0.762391
vt 0.621258 0.731584
vt 0.597244 0.764873
vt 0.619786 0.736236
vt 0.934126 0.767014
vt 0.935489 0.764896
vt 0.939324 0.768246
vt 0.609722 0.760681
vt 0.605212 0.763712
vt 0.626322 0.728656
vt 0.626307 0.733138
vt 0.600618 0.765911
vt 0.625396 0.737962
vt 0.937245 0.762935
vt 0.940533 0.766895
vt 0.623625 0.742944
vt 0.943795 0.770215
vt 0.621060 0.747892
vt 0.668127 0.782698
vt 0.617800 0.752616
vt 0.671979 0.780079
vt 0.613972 0.756934
vt 0.675910 0.777738
vt 0.625440 0.724689
vt 0.667702 0.781889
vt 0.944527 0.769607
vt 0.626438 0.749536
vt 0.623076 0.754228
vt 0.671145 0.778492
vt 0.618941 0.758453
vt 0.674699 0.775434
vt 0.614193 0.762048
vt 0.679769 0.775767
vt 0.678229 0.772834
vt 0.609015 0.764874
vt 0.630125 0.729818
vt 0.630779 0.734504
vt 0.934058 0.758485
vt 0.936707 0.756284
vt 0.939327 0.761206
vt 0.630365 0.739481
vt 0.941967 0.765704
vt 0.628900 0.744556
vt 0.728164 0.848040
vt 0.729912 0.842717
vt 0.733168 0.843905
vt 0.731992 0.849437
vt 0.939669 0.754462
vt 0.941655 0.759774
vt 0.634502 0.735632
vt 0.634502 0.740734
vt 0.943570 0.764718
vt 0.633291 0.745887
vt 0.945344 0.769104
vt 0.630916 0.750893
vt 0.667162 0.781220
vt 0.627467 0.755559
vt 0.670084 0.777179
vt 0.623078 0.759706
vt 0.673160 0.773529
vt 0.617916 0.763175
vt 0.731786 0.837854
vt 0.734344 0.838787
vt 0.934208 0.751129
vt 0.937691 0.748987
vt 0.728164 0.871391
vt 0.728911 0.866363
vt 0.733679 0.867594
vt 0.732841 0.872598
vt 0.666525 0.780716
vt 0.668837 0.776192
vt 0.935796 0.743558
vt 0.934058 0.738384
vt 0.938442 0.736480
vt 0.939926 0.741764
vt 0.671349 0.772095
vt 0.941408 0.747372
vt 0.736993 0.839471
vt 0.736539 0.844776
vt 0.942830 0.753089
vt 0.735957 0.850461
vt 0.944138 0.758696
vt 0.730863 0.855171
vt 0.735268 0.856309
vt 0.945281 0.763975
vt 0.729822 0.860886
vt 0.734499 0.862093
vt 0.946216 0.768726
vt 0.946068 0.752219
vt 0.946682 0.758012
vt 0.739906 0.851072
vt 0.739656 0.856988
vt 0.947034 0.763504
vt 0.739157 0.862814
vt 0.947110 0.768486
vt 0.738429 0.868329
vt 0.665819 0.780398
vt 0.737499 0.873319
vt 0.667451 0.775567
vt 0.942933 0.735273
vt 0.944157 0.740627
vt 0.669337 0.771189
vt 0.945216 0.746349
vt 0.739632 0.839879
vt 0.739898 0.845295
vt 0.947360 0.734808
vt 0.948327 0.740189
vt 0.665980 0.775329
vt 0.667201 0.770844
vt 0.948968 0.745955
vt 0.742159 0.839997
vt 0.743114 0.845444
vt 0.949260 0.751884
vt 0.743687 0.851247
vt 0.949189 0.757748
vt 0.743858 0.857182
vt 0.948760 0.763323
vt 0.743618 0.863021
vt 0.947990 0.768393
vt 0.742977 0.868539
vt 0.665069 0.780277
vt 0.741960 0.873525
vt 0.469435 0.798963
vt 0.469080 0.803882
vt 0.466888 0.803668
vt 0.467925 0.798816
vt 0.501645 0.689933
vt 0.501295 0.684653
vt 0.505038 0.684374
vt 0.505619 0.689636
vt 0.469435 0.793760
vt 0.468665 0.793685
vt 0.502344 0.695158
vt 0.506395 0.694856
vt 0.937092 0.831860
vt 0.935702 0.828589
vt 0.937924 0.831812
vt 0.469081 0.788471
vt 0.503365 0.700129
vt 0.507338 0.699832
vt 0.503442 0.666920
vt 0.504762 0.664188
vt 0.505552 0.664129
vt 0.504992 0.666804
vt 0.504668 0.704653
vt 0.508410 0.704374
vt 0.502401 0.670482
vt 0.504652 0.670314
vt 0.506203 0.708557
vt 0.509572 0.708306
vt 0.501681 0.674737
vt 0.504545 0.674523
vt 0.468384 0.808325
vt 0.467373 0.812124
vt 0.464091 0.811806
vt 0.465593 0.808054
vt 0.501307 0.679522
vt 0.504676 0.679271
vt 0.462836 0.807065
vt 0.464722 0.802891
vt 0.508182 0.678817
vt 0.508934 0.683870
vt 0.466433 0.798281
vt 0.509755 0.689101
vt 0.467905 0.793412
vt 0.510612 0.694310
vt 0.938676 0.831623
vt 0.511474 0.699297
vt 0.506375 0.664022
vt 0.506606 0.666595
vt 0.512307 0.703869
vt 0.506995 0.670010
vt 0.513078 0.707852
vt 0.507527 0.674137
vt 0.460850 0.810643
vt 0.507199 0.663873
vt 0.508222 0.666301
vt 0.515614 0.698543
vt 0.516207 0.703159
vt 0.509341 0.669584
vt 0.516588 0.707213
vt 0.510512 0.673594
vt 0.457772 0.808680
vt 0.460219 0.805396
vt 0.511692 0.678178
vt 0.462665 0.801580
vt 0.512834 0.683160
vt 0.465017 0.797378
vt 0.513895 0.688348
vt 0.467183 0.792952
vt 0.514834 0.693542
vt 0.939318 0.831300
vt 0.515070 0.677379
vt 0.516588 0.682272
vt 0.460798 0.799785
vt 0.463731 0.796141
vt 0.644118 0.683504
vt 0.645935 0.678446
vt 0.650031 0.678392
vt 0.648466 0.683447
vt 0.466527 0.792321
vt 0.643508 0.688770
vt 0.647941 0.688711
vt 0.939828 0.830856
vt 0.644129 0.694040
vt 0.648477 0.693983
vt 0.507991 0.663685
vt 0.509777 0.665933
vt 0.645958 0.699113
vt 0.650054 0.699059
vt 0.511598 0.669050
vt 0.648923 0.703794
vt 0.652609 0.703745
vt 0.513385 0.672915
vt 0.454978 0.805993
vt 0.457843 0.803111
vt 0.653866 0.693933
vt 0.655129 0.699012
vt 0.511211 0.665506
vt 0.513681 0.668429
vt 0.657177 0.703702
vt 0.656005 0.669672
vt 0.660183 0.666342
vt 0.663236 0.666314
vt 0.659890 0.669636
vt 0.656046 0.707860
vt 0.659931 0.707824
vt 0.652577 0.673741
vt 0.657145 0.673698
vt 0.455799 0.800298
vt 0.459192 0.797574
vt 0.655107 0.678344
vt 0.462624 0.794619
vt 0.653854 0.683397
vt 0.465963 0.791545
vt 0.653435 0.688660
vt 0.940183 0.830306
vt 0.944071 0.832132
vt 0.944769 0.831055
vt 0.457908 0.795034
vt 0.461740 0.792869
vt 0.660968 0.678306
vt 0.660076 0.683355
vt 0.465512 0.790653
vt 0.659779 0.688618
vt 0.940373 0.829674
vt 0.660088 0.693892
vt 0.945140 0.829814
vt 0.660990 0.698973
vt 0.667055 0.663860
vt 0.669482 0.663843
vt 0.666760 0.666290
vt 0.662452 0.703667
vt 0.664375 0.669606
vt 0.664416 0.707794
vt 0.662419 0.673663
vt 0.454165 0.797065
vt 0.667410 0.698944
vt 0.668230 0.703642
vt 0.670621 0.666273
vt 0.669289 0.669584
vt 0.669330 0.707772
vt 0.668197 0.673637
vt 0.666808 0.711195
vt 0.670669 0.711178
vt 0.667388 0.678277
vt 0.456996 0.792262
vt 0.461112 0.790960
vt 0.666892 0.683325
vt 0.465192 0.789680
vt 0.666728 0.688587
vt 0.940387 0.828982
vt 0.666903 0.693861
vt 0.945169 0.828458
vt 0.672142 0.663832
vt 0.460764 0.788963
vt 0.465015 0.788662
vt 0.674040 0.683306
vt 0.674016 0.688567
vt 0.940228 0.828259
vt 0.674051 0.693842
vt 0.944856 0.827038
vt 0.674143 0.698926
vt 0.674931 0.663824
vt 0.674670 0.666262
vt 0.674289 0.703626
vt 0.674442 0.669571
vt 0.674483 0.707759
vt 0.674257 0.673621
vt 0.674718 0.711167
vt 0.674121 0.678259
vt 0.456491 0.789364
vt 0.678751 0.666259
vt 0.679637 0.669566
vt 0.680398 0.703620
vt 0.679678 0.707754
vt 0.680365 0.673616
vt 0.678800 0.711163
vt 0.680908 0.678253
vt 0.456412 0.786451
vt 0.460709 0.786957
vt 0.681245 0.683299
vt 0.464987 0.787639
vt 0.681363 0.688561
vt 0.939899 0.827530
vt 0.681256 0.693836
vt 0.944211 0.825609
vt 0.680931 0.698921
vt 0.677742 0.663822
vt 0.688231 0.683306
vt 0.688485 0.688568
vt 0.939415 0.826825
vt 0.465110 0.786650
vt 0.688242 0.693842
vt 0.943260 0.824226
vt 0.687511 0.698927
vt 0.948472 0.822900
vt 0.947092 0.820892
vt 0.686320 0.703626
vt 0.682709 0.666262
vt 0.684674 0.669571
vt 0.684715 0.707759
vt 0.686288 0.673621
vt 0.682757 0.711167
vt 0.687489 0.678259
vt 0.456763 0.783636
vt 0.460951 0.785018
vt 0.691829 0.703642
vt 0.689400 0.707772
vt 0.689358 0.669584
vt 0.691797 0.673637
vt 0.686438 0.711178
vt 0.693610 0.678277
vt 0.457529 0.781026
vt 0.461479 0.783220
vt 0.694729 0.683325
vt 0.465379 0.785734
vt 0.695111 0.688587
vt 0.938793 0.826170
vt 0.694740 0.693861
vt 0.942041 0.822941
vt 0.693632 0.698944
vt 0.945321 0.819027
vt 0.686389 0.666273
vt 0.938057 0.825591
vt 0.465784 0.784925
vt 0.700984 0.688618
vt 0.700501 0.693892
vt 0.940598 0.821805
vt 0.699059 0.698973
vt 0.943227 0.817378
vt 0.696712 0.703668
vt 0.948509 0.814578
vt 0.945843 0.812478
vt 0.693553 0.707794
vt 0.693512 0.669606
vt 0.696680 0.673663
vt 0.689701 0.711195
vt 0.699036 0.678306
vt 0.458682 0.778723
vt 0.462273 0.781634
vt 0.700490 0.683355
vt 0.948346 0.807296
vt 0.942869 0.810734
vt 0.944849 0.805245
vt 0.881400 0.872941
vt 0.879474 0.868099
vt 0.882686 0.866925
vt 0.883924 0.872019
vt 0.700751 0.673698
vt 0.703559 0.678344
vt 0.460177 0.776814
vt 0.463302 0.780319
vt 0.705291 0.683397
vt 0.466309 0.784255
vt 0.705880 0.688660
vt 0.937237 0.825109
vt 0.705303 0.693933
vt 0.938989 0.820861
vt 0.703582 0.699012
vt 0.940890 0.816007
vt 0.700783 0.703703
vt 0.877692 0.862786
vt 0.881469 0.861405
vt 0.879281 0.849947
vt 0.878394 0.844449
vt 0.883122 0.843227
vt 0.883918 0.848749
vt 0.936363 0.824745
vt 0.937274 0.820146
vt 0.880319 0.855673
vt 0.884687 0.854544
vt 0.938401 0.814968
vt 0.885400 0.860389
vt 0.939701 0.809412
vt 0.886029 0.866061
vt 0.941123 0.803689
vt 0.886551 0.871340
vt 0.946753 0.799749
vt 0.942613 0.798022
vt 0.461956 0.775373
vt 0.464528 0.779326
vt 0.948509 0.794460
vt 0.944113 0.792626
vt 0.466934 0.783749
vt 0.877692 0.839389
vt 0.882330 0.838191
vt 0.889375 0.865539
vt 0.889179 0.870931
vt 0.937311 0.802690
vt 0.938378 0.796911
vt 0.463952 0.774455
vt 0.465903 0.778694
vt 0.939617 0.791447
vt 0.467635 0.783426
vt 0.886970 0.837468
vt 0.887853 0.842490
vt 0.935468 0.824511
vt 0.888559 0.848026
vt 0.935520 0.819686
vt 0.889059 0.853863
vt 0.935854 0.814300
vt 0.889334 0.859777
vt 0.936459 0.808562
vt 0.893025 0.847808
vt 0.893266 0.853657
vt 0.933793 0.819499
vt 0.933348 0.814030
vt 0.893121 0.859592
vt 0.933270 0.808217
vt 0.892595 0.865382
vt 0.933561 0.802285
vt 0.891708 0.870807
vt 0.934211 0.796461
vt 0.466087 0.774095
vt 0.467374 0.778446
vt 0.935194 0.790969
vt 0.468384 0.783300
vt 0.891436 0.837250
vt 0.892407 0.842268
vt 0.934588 0.824415
vt 0.771535 0.850649
vt 0.771645 0.856580
vt 0.769164 0.856306
vt 0.769826 0.850460
vt 0.948707 0.703931
vt 0.948557 0.709819
vt 0.944335 0.709939
vt 0.944225 0.704058
vt 0.771021 0.844881
vt 0.770150 0.844784
vt 0.948497 0.698008
vt 0.943927 0.698139
vt 0.838700 0.755073
vt 0.838070 0.750163
vt 0.839456 0.754975
vt 0.770122 0.839497
vt 0.947935 0.692281
vt 0.943453 0.692409
vt 0.839616 0.759503
vt 0.841097 0.759310
vt 0.947043 0.686967
vt 0.942821 0.687088
vt 0.840780 0.763282
vt 0.842931 0.763002
vt 0.770650 0.868022
vt 0.769584 0.873093
vt 0.765457 0.872638
vt 0.766937 0.867612
vt 0.947214 0.720600
vt 0.946074 0.725079
vt 0.943535 0.725151
vt 0.943983 0.720693
vt 0.771346 0.862446
vt 0.768188 0.862098
vt 0.948053 0.715447
vt 0.944254 0.715556
vt 0.765002 0.861054
vt 0.766661 0.855486
vt 0.940308 0.715822
vt 0.939950 0.710235
vt 0.768102 0.849896
vt 0.939570 0.704371
vt 0.769271 0.844497
vt 0.939181 0.698458
vt 0.840163 0.754686
vt 0.938798 0.692722
vt 0.842485 0.758743
vt 0.938436 0.687383
vt 0.844947 0.762180
vt 0.761294 0.871275
vt 0.763190 0.866386
vt 0.940897 0.725329
vt 0.940627 0.720918
vt 0.840797 0.754217
vt 0.843728 0.757825
vt 0.934149 0.693209
vt 0.934057 0.687842
vt 0.846751 0.760846
vt 0.757254 0.869055
vt 0.759554 0.864388
vt 0.938265 0.725605
vt 0.937275 0.721269
vt 0.761910 0.859356
vt 0.936366 0.716234
vt 0.764231 0.854152
vt 0.935571 0.710693
vt 0.766428 0.848976
vt 0.934921 0.704858
vt 0.768417 0.844028
vt 0.934441 0.698955
vt 0.733760 0.764602
vt 0.727313 0.762571
vt 0.727195 0.759700
vt 0.733629 0.761412
vt 0.761969 0.852354
vt 0.764870 0.847738
vt 0.740779 0.765849
vt 0.740639 0.762461
vt 0.767623 0.843396
vt 0.748098 0.766263
vt 0.747957 0.762809
vt 0.841331 0.753588
vt 0.755438 0.765828
vt 0.755299 0.762440
vt 0.844776 0.756589
vt 0.762516 0.764562
vt 0.762385 0.761371
vt 0.848273 0.759052
vt 0.769060 0.762512
vt 0.768942 0.759640
vt 0.935736 0.725968
vt 0.934057 0.721732
vt 0.756168 0.861697
vt 0.759031 0.857067
vt 0.721684 0.759834
vt 0.721583 0.757392
vt 0.755185 0.758351
vt 0.762277 0.757519
vt 0.845591 0.755085
vt 0.849455 0.756868
vt 0.768845 0.756173
vt 0.717011 0.754576
vt 0.716946 0.752260
vt 0.721501 0.754443
vt 0.774717 0.757316
vt 0.774635 0.754368
vt 0.727098 0.756233
vt 0.756474 0.854277
vt 0.759961 0.850161
vt 0.733521 0.757560
vt 0.763487 0.846228
vt 0.740525 0.758372
vt 0.766918 0.842627
vt 0.747840 0.758639
vt 0.841746 0.752821
vt 0.758284 0.847659
vt 0.762332 0.844504
vt 0.733441 0.753194
vt 0.740440 0.753738
vt 0.766329 0.841748
vt 0.747754 0.753915
vt 0.842026 0.751946
vt 0.755100 0.753717
vt 0.846140 0.753369
vt 0.762197 0.753153
vt 0.850252 0.754377
vt 0.768773 0.752245
vt 0.716899 0.749635
vt 0.721440 0.751103
vt 0.774574 0.751027
vt 0.727026 0.752304
vt 0.779426 0.752171
vt 0.779377 0.749546
vt 0.762148 0.748443
vt 0.768729 0.748006
vt 0.716869 0.746802
vt 0.721402 0.747497
vt 0.774536 0.747422
vt 0.726982 0.748065
vt 0.779348 0.746713
vt 0.733393 0.748484
vt 0.757003 0.844942
vt 0.761450 0.842633
vt 0.740388 0.748737
vt 0.765879 0.840794
vt 0.747700 0.748816
vt 0.842160 0.750997
vt 0.755048 0.748716
vt 0.846402 0.751508
vt 0.850633 0.751674
vt 0.760874 0.840686
vt 0.765586 0.839802
vt 0.740371 0.743562
vt 0.747682 0.743539
vt 0.842142 0.750010
vt 0.755030 0.743541
vt 0.846367 0.749572
vt 0.762132 0.743568
vt 0.850582 0.748864
vt 0.768714 0.743618
vt 0.716859 0.743871
vt 0.721390 0.743766
vt 0.774524 0.743690
vt 0.726967 0.743677
vt 0.779338 0.743781
vt 0.733376 0.743609
vt 0.756168 0.842116
vt 0.716869 0.740952
vt 0.721402 0.740052
vt 0.768729 0.739251
vt 0.774536 0.739977
vt 0.726982 0.739311
vt 0.779348 0.740864
vt 0.733393 0.738756
vt 0.822730 0.772561
vt 0.826769 0.774186
vt 0.825749 0.776533
vt 0.822028 0.774178
vt 0.740388 0.738411
vt 0.760628 0.838738
vt 0.765460 0.838809
vt 0.747700 0.738287
vt 0.841974 0.749024
vt 0.755048 0.738390
vt 0.846038 0.747637
vt 0.762148 0.738715
vt 0.850104 0.746056
vt 0.740440 0.733482
vt 0.747754 0.733262
vt 0.841662 0.748076
vt 0.765507 0.837854
vt 0.755100 0.733461
vt 0.845425 0.745777
vt 0.762197 0.734073
vt 0.849215 0.743355
vt 0.768773 0.735073
vt 0.716899 0.738161
vt 0.721440 0.736499
vt 0.774574 0.736423
vt 0.727026 0.735132
vt 0.779377 0.738071
vt 0.733441 0.734114
vt 0.824344 0.778771
vt 0.821060 0.775719
vt 0.818272 0.772313
vt 0.817779 0.773099
vt 0.768845 0.731243
vt 0.774635 0.733166
vt 0.721501 0.733242
vt 0.727098 0.731303
vt 0.779426 0.735513
vt 0.733521 0.729859
vt 0.822608 0.780815
vt 0.819864 0.777127
vt 0.740525 0.728965
vt 0.817169 0.773817
vt 0.747840 0.728656
vt 0.841218 0.747202
vt 0.814627 0.771012
vt 0.755185 0.728944
vt 0.844553 0.744063
vt 0.762277 0.729818
vt 0.847949 0.740867
vt 0.852885 0.740903
vt 0.851274 0.737736
vt 0.840658 0.746437
vt 0.816467 0.774438
vt 0.747957 0.724647
vt 0.755299 0.725012
vt 0.843456 0.742562
vt 0.762385 0.726114
vt 0.846356 0.738687
vt 0.768942 0.727910
vt 0.849247 0.734962
vt 0.774717 0.730332
vt 0.721583 0.730407
vt 0.727195 0.727970
vt 0.825296 0.784738
vt 0.822749 0.786991
vt 0.820607 0.782584
vt 0.733629 0.726155
vt 0.818486 0.778346
vt 0.740639 0.725033
vt 0.852017 0.731528
vt 0.846880 0.732686
vt 0.849234 0.728852
vt 0.819964 0.788809
vt 0.818419 0.784013
vt 0.727313 0.725261
vt 0.733760 0.723145
vt 0.816978 0.779329
vt 0.740779 0.721838
vt 0.815698 0.774940
vt 0.748098 0.721389
vt 0.840005 0.745809
vt 0.755438 0.721817
vt 0.842175 0.741330
vt 0.762516 0.723104
vt 0.844497 0.736899
vt 0.824830 0.791397
vt 0.826769 0.795632
vt 0.823130 0.798007
vt 0.821555 0.793534
vt 0.748260 0.719007
vt 0.755597 0.719481
vt 0.839284 0.745342
vt 0.840760 0.740416
vt 0.824629 0.802055
vt 0.820584 0.803877
vt 0.819319 0.799723
vt 0.842443 0.735571
vt 0.818125 0.795079
vt 0.844266 0.730996
vt 0.817047 0.790122
vt 0.846160 0.726865
vt 0.816127 0.785045
vt 0.851468 0.725546
vt 0.848052 0.723338
vt 0.815400 0.780040
vt 0.733910 0.720944
vt 0.740937 0.719501
vt 0.814893 0.775302
vt 0.814111 0.790881
vt 0.813820 0.785641
vt 0.842912 0.725644
vt 0.844444 0.721981
vt 0.813810 0.780451
vt 0.849870 0.720550
vt 0.846039 0.719109
vt 0.814083 0.775511
vt 0.821870 0.807380
vt 0.823128 0.810099
vt 0.819055 0.811152
vt 0.817717 0.808453
vt 0.838522 0.745056
vt 0.816511 0.804929
vt 0.839266 0.739853
vt 0.815482 0.800714
vt 0.840272 0.734755
vt 0.814672 0.795971
vt 0.841504 0.729957
vt 0.812567 0.805171
vt 0.811767 0.800942
vt 0.837748 0.739665
vt 0.838070 0.734482
vt 0.811329 0.796176
vt 0.838700 0.729609
vt 0.811267 0.791056
vt 0.839616 0.725235
vt 0.811586 0.785778
vt 0.840780 0.721526
vt 0.812272 0.780545
vt 0.842150 0.718627
vt 0.813299 0.775560
vt 0.815111 0.811394
vt 0.813696 0.808700
vt 0.837748 0.744960
vt 0.799323 0.850649
vt 0.799432 0.856580
vt 0.796951 0.856306
vt 0.797614 0.850460
vt 0.948018 0.648961
vt 0.947868 0.654849
vt 0.943645 0.654969
vt 0.943535 0.649088
vt 0.798808 0.844881
vt 0.797937 0.844784
vt 0.947807 0.643038
vt 0.943237 0.643169
vt 0.529161 0.752717
vt 0.528530 0.747807
vt 0.529916 0.752619
vt 0.797909 0.839497
vt 0.947246 0.637311
vt 0.942764 0.637439
vt 0.530076 0.757148
vt 0.531558 0.756954
vt 0.946354 0.631997
vt 0.942131 0.632117
vt 0.531241 0.760927
vt 0.533392 0.760647
vt 0.798437 0.868022
vt 0.797370 0.873093
vt 0.793244 0.872638
vt 0.794723 0.867612
vt 0.946525 0.665631
vt 0.945384 0.670108
vt 0.942845 0.670182
vt 0.943294 0.665722
vt 0.799133 0.862446
vt 0.795975 0.862098
vt 0.947364 0.660478
vt 0.943564 0.660586
vt 0.792789 0.861055
vt 0.794447 0.855487
vt 0.939617 0.660852
vt 0.939260 0.655264
vt 0.795889 0.849896
vt 0.938881 0.649402
vt 0.797058 0.844497
vt 0.938491 0.643488
vt 0.530624 0.752330
vt 0.938109 0.637751
vt 0.532946 0.756388
vt 0.937747 0.632413
vt 0.535408 0.759823
vt 0.789081 0.871275
vt 0.790977 0.866386
vt 0.940208 0.670359
vt 0.939938 0.665948
vt 0.531257 0.751862
vt 0.534189 0.755469
vt 0.933460 0.638239
vt 0.933367 0.632871
vt 0.537212 0.758490
vt 0.785040 0.869055
vt 0.787341 0.864388
vt 0.937575 0.670635
vt 0.936586 0.666299
vt 0.789697 0.859356
vt 0.935677 0.661264
vt 0.792018 0.854152
vt 0.934881 0.655723
vt 0.794215 0.848976
vt 0.934231 0.649889
vt 0.796204 0.844028
vt 0.933751 0.643985
vt 0.444851 0.764549
vt 0.438403 0.762518
vt 0.438285 0.759647
vt 0.444720 0.761359
vt 0.789755 0.852354
vt 0.792657 0.847738
vt 0.451869 0.765796
vt 0.451730 0.762408
vt 0.795410 0.843397
vt 0.459189 0.766209
vt 0.459048 0.762756
vt 0.531792 0.751233
vt 0.466529 0.765774
vt 0.466390 0.762387
vt 0.535237 0.754233
vt 0.473607 0.764508
vt 0.473476 0.761318
vt 0.538734 0.756696
vt 0.480150 0.762459
vt 0.480033 0.759587
vt 0.935046 0.670998
vt 0.933367 0.666762
vt 0.783955 0.861697
vt 0.786817 0.857067
vt 0.432775 0.759781
vt 0.432675 0.757339
vt 0.466276 0.758298
vt 0.473368 0.757466
vt 0.536051 0.752729
vt 0.539916 0.754512
vt 0.479936 0.756120
vt 0.428102 0.754523
vt 0.428038 0.752207
vt 0.432592 0.754390
vt 0.485809 0.757263
vt 0.485726 0.754315
vt 0.438189 0.756180
vt 0.784262 0.854277
vt 0.787748 0.850161
vt 0.444612 0.757506
vt 0.791274 0.846228
vt 0.451616 0.758319
vt 0.794705 0.842627
vt 0.458931 0.758586
vt 0.532207 0.750465
vt 0.786071 0.847659
vt 0.790119 0.844504
vt 0.444533 0.753141
vt 0.451532 0.753685
vt 0.794117 0.841747
vt 0.458844 0.753861
vt 0.532487 0.749591
vt 0.466191 0.753664
vt 0.536600 0.751014
vt 0.473288 0.753100
vt 0.540712 0.752021
vt 0.479864 0.752192
vt 0.427989 0.749581
vt 0.432531 0.751049
vt 0.485665 0.750974
vt 0.438117 0.752251
vt 0.490516 0.752118
vt 0.490468 0.749492
vt 0.473239 0.748389
vt 0.479820 0.747953
vt 0.427960 0.746749
vt 0.432493 0.747444
vt 0.485627 0.747368
vt 0.438073 0.748012
vt 0.490439 0.746660
vt 0.444483 0.748431
vt 0.784790 0.844942
vt 0.789237 0.842632
vt 0.451479 0.748684
vt 0.793667 0.840794
vt 0.458791 0.748762
vt 0.532620 0.748641
vt 0.466139 0.748663
vt 0.536862 0.749151
vt 0.541093 0.749318
vt 0.788662 0.840686
vt 0.793373 0.839802
vt 0.451462 0.743509
vt 0.458773 0.743486
vt 0.532603 0.747654
vt 0.466121 0.743487
vt 0.536828 0.747216
vt 0.473223 0.743514
vt 0.541043 0.746509
vt 0.479805 0.743565
vt 0.427950 0.743817
vt 0.432480 0.743713
vt 0.485615 0.743637
vt 0.438058 0.743625
vt 0.490429 0.743728
vt 0.444467 0.743555
vt 0.783955 0.842116
vt 0.427960 0.740900
vt 0.432493 0.739999
vt 0.479820 0.739198
vt 0.485627 0.739924
vt 0.438073 0.739257
vt 0.490439 0.740810
vt 0.444483 0.738703
vt 0.512958 0.772511
vt 0.516997 0.774137
vt 0.515977 0.776485
vt 0.512256 0.774129
vt 0.451479 0.738357
vt 0.788415 0.838738
vt 0.793247 0.838809
vt 0.458791 0.738233
vt 0.532434 0.746668
vt 0.466139 0.738336
vt 0.536498 0.745281
vt 0.473239 0.738662
vt 0.540564 0.743700
vt 0.451532 0.733429
vt 0.458844 0.733208
vt 0.532122 0.745720
vt 0.793294 0.837854
vt 0.466191 0.733408
vt 0.535885 0.743421
vt 0.473289 0.734020
vt 0.539675 0.740999
vt 0.479864 0.735020
vt 0.427989 0.738107
vt 0.432531 0.736446
vt 0.485665 0.736370
vt 0.438117 0.735079
vt 0.490468 0.738018
vt 0.444533 0.734061
vt 0.514572 0.778723
vt 0.511288 0.775670
vt 0.508500 0.772265
vt 0.508007 0.773050
vt 0.479936 0.731190
vt 0.485726 0.733114
vt 0.432592 0.733189
vt 0.438189 0.731250
vt 0.490516 0.735460
vt 0.444612 0.729805
vt 0.512836 0.780766
vt 0.510092 0.777077
vt 0.451616 0.728912
vt 0.507397 0.773768
vt 0.458931 0.728603
vt 0.531678 0.744846
vt 0.504855 0.770963
vt 0.466276 0.728891
vt 0.535014 0.741708
vt 0.473368 0.729764
vt 0.538410 0.738511
vt 0.543345 0.738547
vt 0.541735 0.735380
vt 0.531118 0.744081
vt 0.506694 0.774390
vt 0.459047 0.724594
vt 0.466390 0.724959
vt 0.533917 0.740205
vt 0.473476 0.726061
vt 0.536816 0.736332
vt 0.480033 0.727858
vt 0.539708 0.732606
vt 0.485809 0.730279
vt 0.432675 0.730354
vt 0.438285 0.727916
vt 0.515524 0.784689
vt 0.512977 0.786943
vt 0.510835 0.782535
vt 0.444720 0.726102
vt 0.508713 0.778297
vt 0.451730 0.724980
vt 0.542478 0.729173
vt 0.537341 0.730330
vt 0.539695 0.726496
vt 0.510192 0.788761
vt 0.508647 0.783964
vt 0.438404 0.725208
vt 0.444851 0.723091
vt 0.507206 0.779281
vt 0.451870 0.721785
vt 0.505926 0.774891
vt 0.459189 0.721336
vt 0.530465 0.743453
vt 0.466529 0.721764
vt 0.532636 0.738974
vt 0.473607 0.723051
vt 0.534957 0.734543
vt 0.515058 0.791348
vt 0.516997 0.795583
vt 0.513358 0.797958
vt 0.511783 0.793485
vt 0.459351 0.718954
vt 0.466688 0.719428
vt 0.529745 0.742987
vt 0.531221 0.738060
vt 0.514857 0.802006
vt 0.510812 0.803828
vt 0.509547 0.799674
vt 0.532903 0.733216
vt 0.508353 0.795029
vt 0.534727 0.728640
vt 0.507275 0.790074
vt 0.536620 0.724509
vt 0.506355 0.784996
vt 0.541929 0.723190
vt 0.538513 0.720982
vt 0.505627 0.779992
vt 0.445001 0.720891
vt 0.452029 0.719449
vt 0.505121 0.775253
vt 0.504338 0.790833
vt 0.504048 0.785592
vt 0.533373 0.723288
vt 0.534904 0.719625
vt 0.504038 0.780402
vt 0.540330 0.718194
vt 0.536499 0.716753
vt 0.504311 0.775463
vt 0.512098 0.807332
vt 0.513356 0.810051
vt 0.509283 0.811103
vt 0.507945 0.808404
vt 0.528982 0.742700
vt 0.506738 0.804880
vt 0.529726 0.737498
vt 0.505710 0.800665
vt 0.530733 0.732399
vt 0.504900 0.795922
vt 0.531964 0.727602
vt 0.502795 0.805122
vt 0.501996 0.800894
vt 0.528209 0.737309
vt 0.528530 0.732126
vt 0.501557 0.796127
vt 0.529161 0.727254
vt 0.501495 0.791007
vt 0.530076 0.722879
vt 0.501814 0.785729
vt 0.531241 0.719171
vt 0.502499 0.780496
vt 0.532611 0.716271
vt 0.503527 0.775511
vt 0.505339 0.811345
vt 0.503924 0.808651
vt 0.528209 0.742604
vt 0.920920 0.813199
vt 0.920960 0.818998
vt 0.918472 0.818784
vt 0.919207 0.813052
vt 0.691071 0.749324
vt 0.690748 0.744056
vt 0.694498 0.743813
vt 0.695053 0.749065
vt 0.920513 0.807272
vt 0.919639 0.807196
vt 0.691705 0.754386
vt 0.695765 0.754123
vt 0.693794 0.721584
vt 0.695170 0.719080
vt 0.694586 0.721532
vt 0.919754 0.801443
vt 0.692624 0.759051
vt 0.696607 0.758792
vt 0.692623 0.724948
vt 0.694177 0.724847
vt 0.693795 0.763137
vt 0.697546 0.762893
vt 0.691703 0.729046
vt 0.693959 0.728900
vt 0.919947 0.829334
vt 0.918932 0.833474
vt 0.914795 0.833117
vt 0.916223 0.829013
vt 0.691070 0.733718
vt 0.693941 0.733532
vt 0.920632 0.824446
vt 0.917465 0.824174
vt 0.690748 0.738787
vt 0.694123 0.738567
vt 0.914292 0.823122
vt 0.915979 0.817958
vt 0.697607 0.738026
vt 0.698370 0.743210
vt 0.917489 0.812482
vt 0.699163 0.748425
vt 0.918764 0.806906
vt 0.699955 0.753470
vt 0.695403 0.721404
vt 0.700716 0.758152
vt 0.695781 0.724598
vt 0.701418 0.762290
vt 0.696287 0.728537
vt 0.910649 0.831745
vt 0.912492 0.827777
vt 0.696904 0.733071
vt 0.696215 0.721206
vt 0.697372 0.724209
vt 0.704796 0.757156
vt 0.705260 0.761352
vt 0.698598 0.727973
vt 0.906654 0.829406
vt 0.908897 0.825673
vt 0.699845 0.732353
vt 0.911234 0.821333
vt 0.701066 0.737181
vt 0.913576 0.816552
vt 0.702213 0.742271
vt 0.915834 0.811514
vt 0.703242 0.747429
vt 0.917921 0.806412
vt 0.704114 0.752455
vt 0.704366 0.736067
vt 0.705880 0.741033
vt 0.911357 0.814620
vt 0.914305 0.810182
vt 0.717482 0.683367
vt 0.719301 0.678329
vt 0.723502 0.678229
vt 0.721942 0.683261
vt 0.917141 0.805734
vt 0.716859 0.688623
vt 0.721406 0.688514
vt 0.696989 0.720945
vt 0.717453 0.693894
vt 0.721913 0.693788
vt 0.698891 0.723696
vt 0.719244 0.698977
vt 0.723445 0.698878
vt 0.700803 0.727228
vt 0.722162 0.703679
vt 0.725942 0.703588
vt 0.702652 0.731405
vt 0.905575 0.822781
vt 0.908410 0.818874
vt 0.727397 0.693701
vt 0.728610 0.698796
vt 0.700278 0.723079
vt 0.702817 0.726332
vt 0.730591 0.703515
vt 0.705215 0.730264
vt 0.729309 0.707740
vt 0.733263 0.707677
vt 0.726025 0.673612
vt 0.729415 0.669586
vt 0.733368 0.669523
vt 0.730674 0.673538
vt 0.905926 0.815839
vt 0.909407 0.812235
vt 0.728667 0.678147
vt 0.912962 0.808540
vt 0.727426 0.683174
vt 0.916456 0.804896
vt 0.726997 0.688426
vt 0.697696 0.720630
vt 0.907799 0.809491
vt 0.911854 0.806650
vt 0.734599 0.678087
vt 0.733722 0.683110
vt 0.915892 0.803933
vt 0.733416 0.688361
vt 0.726156 0.811882
vt 0.721916 0.810916
vt 0.726228 0.811435
vt 0.733693 0.693637
vt 0.698310 0.720274
vt 0.701481 0.722381
vt 0.734541 0.698735
vt 0.736646 0.666259
vt 0.740383 0.663868
vt 0.742839 0.663843
vt 0.740212 0.666221
vt 0.735928 0.703460
vt 0.737907 0.669477
vt 0.737802 0.707631
vt 0.736011 0.673483
vt 0.736522 0.711122
vt 0.740089 0.711085
vt 0.741010 0.698697
vt 0.741751 0.703426
vt 0.744103 0.666199
vt 0.742858 0.669448
vt 0.742753 0.707602
vt 0.741834 0.673450
vt 0.743978 0.711063
vt 0.741067 0.678049
vt 0.906597 0.806492
vt 0.911027 0.804585
vt 0.740589 0.683070
vt 0.915470 0.802880
vt 0.740418 0.688320
vt 0.726138 0.810951
vt 0.740561 0.693597
vt 0.698805 0.719891
vt 0.702453 0.721629
vt 0.745519 0.663827
vt 0.910509 0.802422
vt 0.915206 0.801778
vt 0.747764 0.683057
vt 0.747734 0.688307
vt 0.725888 0.810448
vt 0.747735 0.693583
vt 0.730372 0.810080
vt 0.729882 0.809093
vt 0.747769 0.698685
vt 0.748318 0.663822
vt 0.748167 0.666191
vt 0.747833 0.703415
vt 0.748031 0.669439
vt 0.747925 0.707592
vt 0.747916 0.673438
vt 0.748043 0.711056
vt 0.747826 0.678036
vt 0.905846 0.803354
vt 0.752249 0.666200
vt 0.753226 0.669448
vt 0.753942 0.703426
vt 0.753121 0.707602
vt 0.754025 0.673450
vt 0.752125 0.711063
vt 0.754614 0.678049
vt 0.905575 0.800196
vt 0.910322 0.800247
vt 0.754971 0.683071
vt 0.915110 0.800669
vt 0.755081 0.688320
vt 0.725489 0.809945
vt 0.754942 0.693597
vt 0.729101 0.808107
vt 0.754557 0.698698
vt 0.751130 0.663827
vt 0.761931 0.683110
vt 0.762178 0.688361
vt 0.724957 0.809463
vt 0.915188 0.799596
vt 0.761902 0.693637
vt 0.728056 0.807160
vt 0.761114 0.698735
vt 0.753846 0.663843
vt 0.756192 0.666222
vt 0.759843 0.703460
vt 0.758245 0.669478
vt 0.758140 0.707631
vt 0.759926 0.673483
vt 0.756068 0.711085
vt 0.761171 0.678087
vt 0.905795 0.797141
vt 0.910474 0.798144
vt 0.765310 0.703516
vt 0.762788 0.707678
vt 0.762894 0.669524
vt 0.765392 0.673539
vt 0.759720 0.711122
vt 0.767244 0.678148
vt 0.906496 0.794306
vt 0.910958 0.796190
vt 0.768379 0.683175
vt 0.915434 0.798600
vt 0.768752 0.688427
vt 0.724311 0.809019
vt 0.768350 0.693702
vt 0.726788 0.806289
vt 0.767187 0.698797
vt 0.731094 0.804096
vt 0.729254 0.802832
vt 0.759844 0.666259
vt 0.723576 0.808630
vt 0.915841 0.797720
vt 0.774551 0.688516
vt 0.774037 0.693789
vt 0.725347 0.805527
vt 0.772545 0.698879
vt 0.727161 0.801725
vt 0.770131 0.703590
vt 0.731612 0.798779
vt 0.728949 0.797371
vt 0.766888 0.707740
vt 0.766994 0.669587
vt 0.770214 0.673612
vt 0.845414 0.869942
vt 0.842531 0.865398
vt 0.845414 0.863468
vt 0.847679 0.868426
vt 0.772602 0.678230
vt 0.848390 0.873922
vt 0.849950 0.872877
vt 0.774066 0.683262
vt 0.911754 0.794464
vt 0.730640 0.792633
vt 0.726066 0.796218
vt 0.727251 0.791277
vt 0.848561 0.861884
vt 0.850152 0.867181
vt 0.732172 0.787691
vt 0.728406 0.786184
vt 0.851653 0.872020
vt 0.777036 0.678330
vt 0.778774 0.683369
vt 0.912835 0.793031
vt 0.916391 0.796990
vt 0.779351 0.688624
vt 0.722781 0.808312
vt 0.778745 0.693895
vt 0.723787 0.804902
vt 0.776979 0.698978
vt 0.724897 0.800819
vt 0.774122 0.703680
vt 0.843241 0.858195
vt 0.846943 0.856332
vt 0.843869 0.845321
vt 0.842531 0.840285
vt 0.847186 0.838620
vt 0.848434 0.843688
vt 0.721955 0.808076
vt 0.722168 0.804441
vt 0.845358 0.850739
vt 0.849659 0.849202
vt 0.722547 0.800149
vt 0.850813 0.854948
vt 0.723076 0.795365
vt 0.851853 0.860707
vt 0.723734 0.790273
vt 0.852738 0.866256
vt 0.724498 0.785069
vt 0.853435 0.871383
vt 0.729486 0.781138
vt 0.725338 0.779954
vt 0.914156 0.791945
vt 0.917064 0.796436
vt 0.730450 0.776329
vt 0.726221 0.775122
vt 0.855163 0.859982
vt 0.855339 0.865686
vt 0.720225 0.789661
vt 0.720600 0.784389
vt 0.855226 0.870991
vt 0.721199 0.779231
vt 0.915668 0.791249
vt 0.917835 0.796081
vt 0.722000 0.774386
vt 0.721132 0.807933
vt 0.851866 0.837595
vt 0.853025 0.842683
vt 0.720553 0.804159
vt 0.853983 0.848255
vt 0.720202 0.799739
vt 0.854705 0.854096
vt 0.720091 0.794843
vt 0.857463 0.842344
vt 0.858163 0.847935
vt 0.719004 0.804068
vt 0.717953 0.799607
vt 0.858467 0.853808
vt 0.717228 0.794676
vt 0.858362 0.859737
vt 0.716859 0.789463
vt 0.857853 0.865494
vt 0.716859 0.784168
vt 0.856958 0.870858
vt 0.717228 0.778997
vt 0.917312 0.790969
vt 0.918674 0.795939
vt 0.717952 0.774148
vt 0.720342 0.807886
vt 0.856392 0.837249
vt 0.503545 0.724891
vt 0.504823 0.721495
vt 0.506959 0.721726
vt 0.505016 0.725051
vt 0.767048 0.789770
vt 0.767623 0.784492
vt 0.771389 0.784561
vt 0.771046 0.789844
vt 0.502540 0.729015
vt 0.503291 0.729096
vt 0.766806 0.794984
vt 0.770882 0.795058
vt 0.829960 0.853897
vt 0.829308 0.859807
vt 0.829091 0.853968
vt 0.501849 0.733706
vt 0.766905 0.799933
vt 0.770903 0.800007
vt 0.830222 0.848019
vt 0.828519 0.848159
vt 0.767342 0.804428
vt 0.771107 0.804497
vt 0.830085 0.842398
vt 0.827613 0.842601
vt 0.768100 0.808296
vt 0.771489 0.808358
vt 0.829554 0.837249
vt 0.826408 0.837508
vt 0.769149 0.811387
vt 0.772032 0.811440
vt 0.768508 0.779353
vt 0.769669 0.774551
vt 0.772552 0.774603
vt 0.771897 0.779415
vt 0.506326 0.718955
vt 0.509045 0.719250
vt 0.511587 0.720213
vt 0.508957 0.722483
vt 0.775440 0.779256
vt 0.775326 0.784384
vt 0.506392 0.725572
vt 0.775226 0.789655
vt 0.503992 0.729362
vt 0.775143 0.794866
vt 0.828224 0.854260
vt 0.775082 0.799818
vt 0.826819 0.848731
vt 0.775044 0.804319
vt 0.825144 0.843432
vt 0.775032 0.808198
vt 0.823266 0.838566
vt 0.775045 0.811304
vt 0.775565 0.774467
vt 0.827392 0.854762
vt 0.825186 0.849715
vt 0.779282 0.799374
vt 0.779001 0.803901
vt 0.822775 0.844860
vt 0.778593 0.807821
vt 0.820251 0.840383
vt 0.575355 0.778393
vt 0.580984 0.775332
vt 0.580755 0.777458
vt 0.575161 0.780202
vt 0.778593 0.774148
vt 0.779001 0.778879
vt 0.513854 0.721809
vt 0.510738 0.723737
vt 0.779283 0.783965
vt 0.507619 0.726436
vt 0.779426 0.789211
vt 0.504617 0.729802
vt 0.779426 0.794414
vt 0.615882 0.775548
vt 0.622433 0.777632
vt 0.622227 0.780469
vt 0.615653 0.778701
vt 0.512234 0.725440
vt 0.508650 0.727609
vt 0.608805 0.774253
vt 0.608562 0.777601
vt 0.505143 0.730400
vt 0.601473 0.773795
vt 0.601226 0.777208
vt 0.826627 0.855453
vt 0.594170 0.774192
vt 0.593927 0.777540
vt 0.823685 0.851071
vt 0.587174 0.775429
vt 0.586945 0.778582
vt 0.820595 0.846829
vt 0.580550 0.780296
vt 0.817475 0.842889
vt 0.574986 0.782615
vt 0.628206 0.780422
vt 0.628031 0.782835
vt 0.515759 0.723976
vt 0.593720 0.781597
vt 0.586751 0.782404
vt 0.822372 0.852749
vt 0.818688 0.849264
vt 0.580375 0.783736
vt 0.815049 0.845988
vt 0.574837 0.785540
vt 0.627882 0.785761
vt 0.622052 0.783909
vt 0.570467 0.785450
vt 0.570350 0.787749
vt 0.615459 0.782523
vt 0.513389 0.727525
vt 0.509445 0.729045
vt 0.608355 0.781658
vt 0.505549 0.731133
vt 0.601015 0.781345
vt 0.825957 0.856308
vt 0.514158 0.729913
vt 0.509974 0.730690
vt 0.615306 0.786867
vt 0.608193 0.786269
vt 0.505818 0.731971
vt 0.600850 0.786046
vt 0.825410 0.857294
vt 0.593558 0.786208
vt 0.821297 0.854682
vt 0.586598 0.786748
vt 0.817128 0.852071
vt 0.580237 0.787645
vt 0.632724 0.788008
vt 0.632632 0.790620
vt 0.627765 0.789085
vt 0.574720 0.788865
vt 0.621914 0.787818
vt 0.570258 0.790361
vt 0.586493 0.791447
vt 0.580142 0.791874
vt 0.632569 0.793445
vt 0.627684 0.792681
vt 0.574639 0.792461
vt 0.621819 0.792047
vt 0.570195 0.793186
vt 0.615200 0.791566
vt 0.514510 0.732513
vt 0.510217 0.732481
vt 0.608081 0.791258
vt 0.505942 0.732884
vt 0.600736 0.791132
vt 0.825005 0.858373
vt 0.593446 0.791196
vt 0.820503 0.856797
vt 0.815975 0.855141
vt 0.510164 0.734348
vt 0.505915 0.733836
vt 0.608024 0.796430
vt 0.600678 0.796407
vt 0.824758 0.859502
vt 0.593390 0.796370
vt 0.820019 0.859013
vt 0.586439 0.796320
vt 0.815273 0.858359
vt 0.580094 0.796260
vt 0.632537 0.796376
vt 0.627643 0.796411
vt 0.574598 0.796191
vt 0.621771 0.796433
vt 0.570163 0.796116
vt 0.615147 0.796439
vt 0.514433 0.735224
vt 0.632537 0.799298
vt 0.627643 0.800131
vt 0.580094 0.800634
vt 0.574598 0.799911
vt 0.621771 0.800807
vt 0.570163 0.799039
vt 0.615147 0.801300
vt 0.513930 0.737942
vt 0.509818 0.736220
vt 0.608024 0.801591
vt 0.505738 0.734790
vt 0.600678 0.801668
vt 0.824679 0.860640
vt 0.593390 0.801530
vt 0.819865 0.861245
vt 0.586439 0.801180
vt 0.815049 0.861599
vt 0.608081 0.806538
vt 0.600736 0.806713
vt 0.824771 0.861741
vt 0.505419 0.735711
vt 0.593447 0.806477
vt 0.820045 0.863406
vt 0.586493 0.805841
vt 0.815312 0.864737
vt 0.580142 0.804828
vt 0.632569 0.802101
vt 0.627684 0.803698
vt 0.574639 0.803478
vt 0.621819 0.805001
vt 0.570195 0.801842
vt 0.615200 0.805960
vt 0.513019 0.740563
vt 0.509190 0.738026
vt 0.580237 0.808682
vt 0.574720 0.806755
vt 0.627765 0.806975
vt 0.621914 0.808855
vt 0.516758 0.743224
vt 0.515126 0.746308
vt 0.511737 0.742985
vt 0.615306 0.810242
vt 0.508307 0.739694
vt 0.608193 0.811084
vt 0.504968 0.736561
vt 0.600850 0.811347
vt 0.825031 0.862765
vt 0.593558 0.811023
vt 0.820554 0.865414
vt 0.586598 0.810123
vt 0.816050 0.867652
vt 0.632632 0.804676
vt 0.825447 0.863671
vt 0.504404 0.737310
vt 0.601015 0.815394
vt 0.593720 0.814992
vt 0.821372 0.867192
vt 0.586751 0.813862
vt 0.817238 0.870233
vt 0.580375 0.812046
vt 0.632724 0.806924
vt 0.627882 0.809837
vt 0.574837 0.809617
vt 0.622052 0.812220
vt 0.513082 0.749020
vt 0.510131 0.745117
vt 0.615459 0.813981
vt 0.507201 0.741162
vt 0.608355 0.815053
vt 0.429474 0.785918
vt 0.431176 0.781176
vt 0.434025 0.782342
vt 0.432824 0.787288
vt 0.510706 0.751258
vt 0.508265 0.746875
vt 0.427950 0.790855
vt 0.431673 0.792377
vt 0.505915 0.742373
vt 0.615653 0.817033
vt 0.608562 0.818292
vt 0.503749 0.737927
vt 0.601226 0.818697
vt 0.826006 0.864426
vt 0.593927 0.818231
vt 0.822467 0.868671
vt 0.586945 0.816913
vt 0.818827 0.872380
vt 0.580550 0.814793
vt 0.432990 0.776814
vt 0.435229 0.777730
vt 0.515940 0.752724
vt 0.513147 0.755355
vt 0.428937 0.806571
vt 0.429691 0.802208
vt 0.433890 0.803426
vt 0.433056 0.807766
vt 0.826684 0.864999
vt 0.823797 0.869795
vt 0.594170 0.820617
vt 0.587174 0.819161
vt 0.820758 0.874011
vt 0.515492 0.759008
vt 0.512073 0.761199
vt 0.510070 0.757327
vt 0.437562 0.778407
vt 0.436994 0.783203
vt 0.508090 0.752935
vt 0.436316 0.788301
vt 0.506209 0.748192
vt 0.435553 0.793503
vt 0.504499 0.743281
vt 0.430615 0.797416
vt 0.434734 0.798611
vt 0.503027 0.738390
vt 0.505332 0.753987
vt 0.504042 0.749019
vt 0.439814 0.788918
vt 0.439440 0.794189
vt 0.503007 0.743850
vt 0.438860 0.799338
vt 0.502266 0.738680
vt 0.438098 0.804169
vt 0.827456 0.865368
vt 0.437182 0.808494
vt 0.825311 0.870519
vt 0.432261 0.811463
vt 0.436148 0.812149
vt 0.437997 0.774096
vt 0.439607 0.774380
vt 0.439899 0.778819
vt 0.508471 0.762574
vt 0.506828 0.758564
vt 0.439969 0.783728
vt 0.441158 0.808727
vt 0.439894 0.812368
vt 0.441158 0.774470
vt 0.442152 0.778951
vt 0.504823 0.763078
vt 0.503545 0.759018
vt 0.442836 0.783896
vt 0.502540 0.754373
vt 0.443185 0.789115
vt 0.501849 0.749322
vt 0.443185 0.794408
vt 0.501496 0.744059
vt 0.442836 0.799571
vt 0.501496 0.738787
vt 0.442152 0.804406
vt 0.828292 0.865520
vt 0.826951 0.870817
vt 0.528310 0.674800
vt 0.529180 0.670391
vt 0.531344 0.670644
vt 0.529800 0.674974
vt 0.905817 0.661209
vt 0.905575 0.655477
vt 0.909785 0.655285
vt 0.910286 0.661005
vt 0.527766 0.679696
vt 0.528525 0.679784
vt 0.906418 0.666532
vt 0.910975 0.666325
vt 0.946516 0.847915
vt 0.947535 0.853655
vt 0.945680 0.848070
vt 0.527567 0.684891
vt 0.907355 0.671242
vt 0.911824 0.671038
vt 0.945170 0.842570
vt 0.943530 0.842875
vt 0.908592 0.675157
vt 0.912801 0.674965
vt 0.907028 0.638054
vt 0.908176 0.632918
vt 0.909920 0.632838
vt 0.909560 0.637940
vt 0.910082 0.678126
vt 0.913870 0.677955
vt 0.906193 0.643673
vt 0.909415 0.643526
vt 0.530343 0.666637
vt 0.531753 0.663685
vt 0.534991 0.664064
vt 0.533097 0.666960
vt 0.905702 0.649556
vt 0.909491 0.649382
vt 0.535742 0.667999
vt 0.533423 0.671461
vt 0.913413 0.648707
vt 0.914143 0.654534
vt 0.531232 0.675538
vt 0.914912 0.660208
vt 0.529255 0.680071
vt 0.915692 0.665513
vt 0.944909 0.848443
vt 0.916451 0.670241
vt 0.942018 0.843606
vt 0.917160 0.674214
vt 0.911725 0.632528
vt 0.912181 0.637489
vt 0.917793 0.677278
vt 0.912751 0.642951
vt 0.538102 0.665287
vt 0.944230 0.849020
vt 0.940688 0.844738
vt 0.807348 0.665261
vt 0.814339 0.663822
vt 0.814083 0.666278
vt 0.807107 0.667575
vt 0.913523 0.631997
vt 0.914790 0.636718
vt 0.800935 0.667583
vt 0.800718 0.669666
vt 0.916072 0.641971
vt 0.540965 0.667307
vt 0.538177 0.669718
vt 0.917319 0.647554
vt 0.535336 0.672810
vt 0.918483 0.653253
vt 0.532550 0.676467
vt 0.919520 0.658848
vt 0.529927 0.680546
vt 0.920389 0.664125
vt 0.921058 0.668880
vt 0.835806 0.667493
vt 0.842382 0.669547
vt 0.842198 0.672347
vt 0.835601 0.670603
vt 0.537010 0.674642
vt 0.533703 0.677728
vt 0.828715 0.666237
vt 0.828496 0.669539
vt 0.530515 0.681189
vt 0.821379 0.665826
vt 0.821158 0.669193
vt 0.943674 0.849779
vt 0.813866 0.669580
vt 0.939594 0.846226
vt 0.806902 0.670685
vt 0.937042 0.840973
vt 0.935454 0.843132
vt 0.800534 0.672465
vt 0.917289 0.635657
vt 0.919252 0.640621
vt 0.795162 0.672471
vt 0.795005 0.674852
vt 0.921058 0.645967
vt 0.540308 0.672048
vt 0.813695 0.673600
vt 0.806741 0.674472
vt 0.938778 0.848012
vt 0.934269 0.845726
vt 0.800389 0.675873
vt 0.848034 0.674702
vt 0.852885 0.677577
vt 0.852788 0.679855
vt 0.847911 0.677600
vt 0.794881 0.677750
vt 0.842053 0.675755
vt 0.542053 0.674900
vt 0.538381 0.676883
vt 0.835440 0.674391
vt 0.534648 0.679272
vt 0.828326 0.673559
vt 0.530996 0.681977
vt 0.820983 0.673292
vt 0.943257 0.850689
vt 0.539396 0.679449
vt 0.535347 0.681039
vt 0.835329 0.678709
vt 0.828208 0.678144
vt 0.531353 0.682877
vt 0.820863 0.677966
vt 0.942998 0.851717
vt 0.813577 0.678184
vt 0.938270 0.850028
vt 0.806630 0.678790
vt 0.933531 0.848653
vt 0.800289 0.679760
vt 0.852721 0.682451
vt 0.847826 0.680905
vt 0.794797 0.681055
vt 0.841954 0.679642
vt 0.543346 0.678166
vt 0.806573 0.683474
vt 0.800237 0.683974
vt 0.852687 0.685268
vt 0.847783 0.684490
vt 0.794754 0.684640
vt 0.841902 0.683857
vt 0.790366 0.682628
vt 0.790332 0.685444
vt 0.835273 0.683393
vt 0.540017 0.682240
vt 0.535774 0.682963
vt 0.828148 0.683116
vt 0.531571 0.683858
vt 0.820802 0.683036
vt 0.942907 0.852823
vt 0.813517 0.683157
vt 0.938090 0.852197
vt 0.933270 0.851802
vt 0.535913 0.684966
vt 0.531642 0.684879
vt 0.828148 0.688284
vt 0.820802 0.688306
vt 0.942986 0.853964
vt 0.813518 0.688326
vt 0.938245 0.854435
vt 0.806574 0.688343
vt 0.933495 0.855052
vt 0.800238 0.688357
vt 0.852687 0.688196
vt 0.847783 0.688217
vt 0.794754 0.688367
vt 0.841903 0.688239
vt 0.790331 0.688372
vt 0.835273 0.688262
vt 0.540219 0.685151
vt 0.852721 0.691123
vt 0.847826 0.691942
vt 0.800289 0.692737
vt 0.794797 0.692092
vt 0.841954 0.692620
vt 0.790366 0.691300
vt 0.835329 0.693129
vt 0.539993 0.688067
vt 0.535758 0.686976
vt 0.828208 0.693452
vt 0.531563 0.685904
vt 0.820863 0.693574
vt 0.943232 0.855096
vt 0.813577 0.693493
vt 0.938730 0.856656
vt 0.806630 0.693210
vt 0.934199 0.858277
vt 0.828326 0.698419
vt 0.820984 0.698639
vt 0.943638 0.856177
vt 0.531337 0.686891
vt 0.813695 0.698460
vt 0.939525 0.858776
vt 0.806741 0.697889
vt 0.935353 0.861354
vt 0.800388 0.696948
vt 0.852789 0.693936
vt 0.847911 0.695523
vt 0.794882 0.695673
vt 0.842053 0.696830
vt 0.790433 0.694113
vt 0.835440 0.697808
vt 0.539351 0.690879
vt 0.535316 0.688913
vt 0.800533 0.700827
vt 0.795005 0.698972
vt 0.848035 0.698822
vt 0.842198 0.700709
vt 0.543288 0.692714
vt 0.541970 0.696022
vt 0.538315 0.693477
vt 0.835601 0.702118
vt 0.534603 0.690702
vt 0.828497 0.702994
vt 0.530973 0.687803
vt 0.821158 0.703304
vt 0.944186 0.857164
vt 0.813866 0.703035
vt 0.940600 0.860712
vt 0.806902 0.702199
vt 0.936914 0.864164
vt 0.852885 0.696528
vt 0.944856 0.858019
vt 0.530485 0.688605
vt 0.821380 0.707390
vt 0.814084 0.707044
vt 0.941913 0.862390
vt 0.807107 0.705975
vt 0.938821 0.866600
vt 0.800718 0.704225
vt 0.933270 0.867387
vt 0.935697 0.870488
vt 0.795162 0.701861
vt 0.848192 0.701711
vt 0.842383 0.704107
vt 0.540201 0.698929
vt 0.536926 0.695762
vt 0.835807 0.705894
vt 0.533646 0.692276
vt 0.828715 0.707002
vt 0.848376 0.704081
vt 0.842600 0.706894
vt 0.538052 0.701326
vt 0.535237 0.697645
vt 0.836047 0.708990
vt 0.532482 0.693574
vt 0.828970 0.710289
vt 0.529892 0.689267
vt 0.821640 0.710742
vt 0.945621 0.858710
vt 0.814338 0.710331
vt 0.943415 0.863746
vt 0.807348 0.709071
vt 0.941001 0.868568
vt 0.800936 0.707012
vt 0.938472 0.872992
vt 0.543346 0.701655
vt 0.540818 0.704475
vt 0.743281 0.799359
vt 0.743157 0.794325
vt 0.747476 0.794694
vt 0.747518 0.799722
vt 0.946454 0.859211
vt 0.945048 0.864727
vt 0.743526 0.803996
vt 0.747516 0.804337
vt 0.943371 0.869993
vt 0.743880 0.808055
vt 0.747472 0.808363
vt 0.941489 0.874805
vt 0.537938 0.706586
vt 0.535603 0.703121
vt 0.743526 0.778799
vt 0.743882 0.774148
vt 0.746936 0.774409
vt 0.747118 0.779107
vt 0.533313 0.699056
vt 0.743282 0.783844
vt 0.747272 0.784185
vt 0.531157 0.694545
vt 0.743157 0.789085
vt 0.747393 0.789448
vt 0.529217 0.689762
vt 0.532949 0.704244
vt 0.531228 0.699938
vt 0.750675 0.779233
vt 0.751225 0.784324
vt 0.529720 0.695153
vt 0.751589 0.789596
vt 0.528484 0.690072
vt 0.751754 0.794845
vt 0.947320 0.859501
vt 0.751713 0.799870
vt 0.946747 0.865296
vt 0.751468 0.804477
vt 0.945839 0.870818
vt 0.751029 0.808489
vt 0.944630 0.875856
vt 0.534817 0.707906
vt 0.749961 0.774516
vt 0.755707 0.799797
vt 0.755231 0.804409
vt 0.948450 0.865431
vt 0.948310 0.871014
vt 0.754415 0.808428
vt 0.947775 0.876105
vt 0.531575 0.708387
vt 0.530192 0.704653
vt 0.752841 0.774464
vt 0.754061 0.779172
vt 0.529061 0.700259
vt 0.754987 0.784257
vt 0.528228 0.695374
vt 0.755583 0.789524
vt 0.527724 0.690184
vt 0.755826 0.794772
vt 0.948188 0.859569
vt 0.920969 0.716186
vt 0.920023 0.721509
vt 0.917594 0.721170
vt 0.919296 0.715953
vt 0.664784 0.743821
vt 0.664443 0.738573
vt 0.668185 0.738284
vt 0.668756 0.743513
vt 0.921550 0.710452
vt 0.920697 0.710334
vt 0.665480 0.749081
vt 0.669530 0.748767
vt 0.695670 0.808165
vt 0.694443 0.804965
vt 0.696413 0.808109
vt 0.921747 0.704529
vt 0.666504 0.754151
vt 0.670476 0.753843
vt 0.666682 0.721575
vt 0.668035 0.719143
vt 0.668825 0.719081
vt 0.668232 0.721454
vt 0.667818 0.758838
vt 0.671559 0.758548
vt 0.665612 0.724874
vt 0.667862 0.724700
vt 0.669370 0.762959
vt 0.672737 0.762698
vt 0.664865 0.728914
vt 0.667729 0.728693
vt 0.918750 0.726216
vt 0.917200 0.730128
vt 0.913565 0.729622
vt 0.915659 0.725786
vt 0.664471 0.733541
vt 0.667838 0.733279
vt 0.912686 0.724550
vt 0.915258 0.720200
vt 0.671349 0.732871
vt 0.672087 0.737829
vt 0.917687 0.715285
vt 0.672898 0.743031
vt 0.919878 0.709993
vt 0.673753 0.748276
vt 0.697085 0.807916
vt 0.674618 0.753362
vt 0.698552 0.810370
vt 0.699869 0.809994
vt 0.675461 0.758094
vt 0.669848 0.721266
vt 0.670208 0.724427
vt 0.676248 0.762289
vt 0.670715 0.728345
vt 0.910070 0.728169
vt 0.697659 0.807597
vt 0.700997 0.809367
vt 0.678771 0.752724
vt 0.679372 0.757493
vt 0.671469 0.721017
vt 0.672561 0.724066
vt 0.679768 0.761749
vt 0.673709 0.727885
vt 0.906848 0.725825
vt 0.909947 0.722556
vt 0.674870 0.732330
vt 0.913106 0.718634
vt 0.675998 0.737229
vt 0.916204 0.714205
vt 0.677050 0.742393
vt 0.919121 0.709443
vt 0.677987 0.747626
vt 0.678263 0.731678
vt 0.679768 0.736505
vt 0.911219 0.716530
vt 0.914905 0.712757
vt 0.428576 0.683323
vt 0.430409 0.678265
vt 0.434501 0.678229
vt 0.432920 0.683285
vt 0.918459 0.708704
vt 0.427950 0.688589
vt 0.432379 0.688550
vt 0.698115 0.807161
vt 0.428556 0.693860
vt 0.432900 0.693822
vt 0.701891 0.808512
vt 0.430371 0.698935
vt 0.434461 0.698899
vt 0.673030 0.720718
vt 0.674828 0.723630
vt 0.433323 0.703617
vt 0.437005 0.703585
vt 0.676595 0.727331
vt 0.437301 0.707728
vt 0.440432 0.707700
vt 0.907546 0.719881
vt 0.438284 0.693791
vt 0.439534 0.698870
vt 0.444695 0.666177
vt 0.449474 0.663713
vt 0.451575 0.663701
vt 0.447745 0.666159
vt 0.441569 0.703558
vt 0.440503 0.669507
vt 0.444386 0.669485
vt 0.444314 0.707677
vt 0.437061 0.673577
vt 0.441626 0.673551
vt 0.905575 0.716626
vt 0.909671 0.713974
vt 0.439573 0.678200
vt 0.913838 0.710995
vt 0.438304 0.683254
vt 0.917915 0.707806
vt 0.437869 0.688518
vt 0.698434 0.806627
vt 0.702518 0.807464
vt 0.908521 0.711060
vt 0.913045 0.708988
vt 0.445431 0.678178
vt 0.444523 0.683231
vt 0.917511 0.706783
vt 0.444209 0.688494
vt 0.698605 0.806014
vt 0.444503 0.693768
vt 0.702852 0.806262
vt 0.445392 0.698847
vt 0.454001 0.663692
vt 0.451267 0.666146
vt 0.446842 0.703539
vt 0.448870 0.669469
vt 0.448797 0.707661
vt 0.446898 0.673531
vt 0.447661 0.711069
vt 0.451183 0.711055
vt 0.451810 0.698834
vt 0.452618 0.703526
vt 0.455127 0.666138
vt 0.453781 0.669458
vt 0.453709 0.707650
vt 0.452674 0.673519
vt 0.455043 0.711047
vt 0.451849 0.678165
vt 0.907812 0.707900
vt 0.912558 0.706813
vt 0.451336 0.683216
vt 0.917263 0.705674
vt 0.451157 0.688480
vt 0.698621 0.805346
vt 0.451316 0.693753
vt 0.702882 0.804951
vt 0.456660 0.663687
vt 0.912392 0.704552
vt 0.917179 0.704522
vt 0.458483 0.683212
vt 0.458443 0.688475
vt 0.698480 0.804649
vt 0.458463 0.693748
vt 0.702607 0.803584
vt 0.458542 0.698829
vt 0.459448 0.663684
vt 0.459175 0.666135
vt 0.458677 0.703522
vt 0.458935 0.669455
vt 0.458862 0.707647
vt 0.458733 0.673515
vt 0.459091 0.711045
vt 0.458581 0.678160
vt 0.907573 0.704619
vt 0.463256 0.666138
vt 0.464128 0.669458
vt 0.464785 0.703527
vt 0.464056 0.707651
vt 0.464841 0.673519
vt 0.463172 0.711047
vt 0.465368 0.678165
vt 0.907812 0.701339
vt 0.912557 0.702293
vt 0.465688 0.683217
vt 0.917263 0.703371
vt 0.465789 0.688480
vt 0.698190 0.803949
vt 0.465669 0.693754
vt 0.702036 0.802212
vt 0.465329 0.698834
vt 0.462260 0.663687
vt 0.472675 0.683231
vt 0.472913 0.688495
vt 0.697759 0.803274
vt 0.917511 0.702264
vt 0.472655 0.693769
vt 0.701193 0.800887
vt 0.471910 0.698848
vt 0.705836 0.799818
vt 0.704611 0.797895
vt 0.470708 0.703539
vt 0.467215 0.666147
vt 0.469166 0.669469
vt 0.469094 0.707661
vt 0.470765 0.673532
vt 0.467130 0.711056
vt 0.471949 0.678179
vt 0.908521 0.698190
vt 0.913045 0.700123
vt 0.476219 0.703559
vt 0.473780 0.707678
vt 0.473852 0.669485
vt 0.476275 0.673552
vt 0.470811 0.711069
vt 0.478072 0.678201
vt 0.909671 0.695290
vt 0.913838 0.698125
vt 0.479174 0.683255
vt 0.917915 0.701245
vt 0.479540 0.688519
vt 0.697206 0.802650
vt 0.479155 0.693793
vt 0.700108 0.799661
vt 0.478033 0.698870
vt 0.703037 0.796115
vt 0.470896 0.666160
vt 0.696552 0.802099
vt 0.918459 0.700354
vt 0.485417 0.688552
vt 0.484918 0.693824
vt 0.698824 0.798581
vt 0.483462 0.698900
vt 0.701173 0.794547
vt 0.481104 0.703586
vt 0.705880 0.792148
vt 0.703508 0.790153
vt 0.477935 0.707701
vt 0.478007 0.669509
vt 0.481161 0.673579
vt 0.905575 0.692845
vt 0.907546 0.689614
vt 0.911219 0.692751
vt 0.483501 0.678231
vt 0.914905 0.696377
vt 0.484938 0.683287
vt 0.705739 0.785567
vt 0.700859 0.788504
vt 0.702624 0.783627
vt 0.909947 0.686967
vt 0.913106 0.690670
vt 0.485235 0.673612
vt 0.488027 0.678266
vt 0.916204 0.694944
vt 0.489743 0.683325
vt 0.919121 0.699624
vt 0.490316 0.688591
vt 0.695821 0.801644
vt 0.489723 0.693862
vt 0.697391 0.797689
vt 0.487989 0.698937
vt 0.699092 0.793252
vt 0.485178 0.703619
vt 0.962110 0.662867
vt 0.960328 0.657609
vt 0.964104 0.656378
vt 0.965321 0.661820
vt 0.961916 0.644866
vt 0.961029 0.639238
vt 0.965756 0.638135
vt 0.966552 0.643783
vt 0.695042 0.801302
vt 0.695863 0.797018
vt 0.962954 0.650653
vt 0.967321 0.649634
vt 0.696874 0.792277
vt 0.968035 0.655461
vt 0.698035 0.787265
vt 0.968664 0.661041
vt 0.699304 0.782170
vt 0.966560 0.666771
vt 0.969186 0.666158
vt 0.704319 0.778810
vt 0.700630 0.777190
vt 0.915258 0.689129
vt 0.917687 0.693882
vt 0.705880 0.774235
vt 0.701964 0.772516
vt 0.919877 0.699083
vt 0.960328 0.633987
vt 0.964965 0.632905
vt 0.972009 0.660555
vt 0.971814 0.665778
vt 0.695906 0.781250
vt 0.696854 0.776168
vt 0.917594 0.688187
vt 0.919296 0.693233
vt 0.697955 0.771431
vt 0.920697 0.698751
vt 0.969605 0.632233
vt 0.970487 0.637449
vt 0.694245 0.801085
vt 0.971192 0.643112
vt 0.694299 0.796595
vt 0.971692 0.649000
vt 0.694603 0.791663
vt 0.971968 0.654891
vt 0.695146 0.786482
vt 0.975658 0.642877
vt 0.975899 0.648779
vt 0.692759 0.796435
vt 0.692367 0.791432
vt 0.975754 0.654691
vt 0.692300 0.786187
vt 0.975229 0.660386
vt 0.692560 0.780903
vt 0.974344 0.665645
vt 0.693137 0.775782
vt 0.920023 0.687879
vt 0.920969 0.693021
vt 0.694008 0.771022
vt 0.921551 0.698643
vt 0.974071 0.631997
vt 0.975041 0.637210
vt 0.693460 0.801005
vt 0.920969 0.768186
vt 0.920024 0.773509
vt 0.917595 0.773172
vt 0.919296 0.767955
vt 0.528361 0.793553
vt 0.528020 0.788305
vt 0.531762 0.788015
vt 0.532333 0.793245
vt 0.921551 0.762454
vt 0.920698 0.762335
vt 0.529056 0.798812
vt 0.533107 0.798499
vt 0.841118 0.808310
vt 0.839891 0.805111
vt 0.841861 0.808253
vt 0.921748 0.756531
vt 0.530081 0.803883
vt 0.534053 0.803576
vt 0.530259 0.771306
vt 0.531612 0.768874
vt 0.532402 0.768813
vt 0.531809 0.771186
vt 0.531394 0.808569
vt 0.535136 0.808279
vt 0.529189 0.774606
vt 0.531439 0.774432
vt 0.532947 0.812691
vt 0.536314 0.812430
vt 0.528442 0.778646
vt 0.531306 0.778424
vt 0.918751 0.778217
vt 0.917201 0.782129
vt 0.913566 0.781623
vt 0.915660 0.777787
vt 0.528048 0.783272
vt 0.531415 0.783010
vt 0.912687 0.776551
vt 0.915259 0.772201
vt 0.534926 0.782602
vt 0.535663 0.787561
vt 0.917687 0.767286
vt 0.536475 0.792763
vt 0.919878 0.761994
vt 0.537330 0.798007
vt 0.842532 0.808062
vt 0.538195 0.803094
vt 0.844000 0.810515
vt 0.845317 0.810138
vt 0.539038 0.807825
vt 0.533425 0.770998
vt 0.533786 0.774158
vt 0.539825 0.812021
vt 0.534292 0.778077
vt 0.910070 0.780171
vt 0.843107 0.807743
vt 0.846444 0.809512
vt 0.542347 0.802456
vt 0.542949 0.807225
vt 0.535045 0.770749
vt 0.536138 0.773798
vt 0.543345 0.811481
vt 0.537286 0.777617
vt 0.906849 0.777826
vt 0.909948 0.774558
vt 0.538446 0.782062
vt 0.913107 0.770635
vt 0.539575 0.786961
vt 0.916204 0.766206
vt 0.540627 0.792125
vt 0.919122 0.761443
vt 0.541563 0.797357
vt 0.541840 0.781410
vt 0.543345 0.786236
vt 0.911220 0.768533
vt 0.914905 0.764758
vt 0.570789 0.683462
vt 0.572621 0.678403
vt 0.576713 0.678368
vt 0.575132 0.683423
vt 0.918460 0.760706
vt 0.570163 0.688727
vt 0.574592 0.688688
vt 0.843563 0.807307
vt 0.570769 0.693999
vt 0.575113 0.693961
vt 0.847338 0.808658
vt 0.572583 0.699073
vt 0.576675 0.699037
vt 0.536607 0.770449
vt 0.538405 0.773361
vt 0.575535 0.703755
vt 0.579218 0.703723
vt 0.540172 0.777062
vt 0.579513 0.707866
vt 0.582645 0.707838
vt 0.907546 0.771882
vt 0.580497 0.693929
vt 0.581747 0.699007
vt 0.586907 0.666315
vt 0.591685 0.663851
vt 0.593787 0.663838
vt 0.589957 0.666297
vt 0.583783 0.703696
vt 0.582716 0.669646
vt 0.586598 0.669623
vt 0.586527 0.707815
vt 0.579273 0.673715
vt 0.583839 0.673689
vt 0.905575 0.768626
vt 0.909672 0.765975
vt 0.581785 0.678338
vt 0.913838 0.762997
vt 0.580516 0.683392
vt 0.917916 0.759808
vt 0.580082 0.688657
vt 0.843882 0.806772
vt 0.847965 0.807610
vt 0.908521 0.763060
vt 0.913045 0.760989
vt 0.587643 0.678316
vt 0.586735 0.683368
vt 0.917512 0.758785
vt 0.586422 0.688632
vt 0.844053 0.806159
vt 0.586715 0.693905
vt 0.848300 0.806407
vt 0.587605 0.698986
vt 0.596213 0.663829
vt 0.593479 0.666284
vt 0.589055 0.703677
vt 0.591081 0.669607
vt 0.591010 0.707798
vt 0.589110 0.673668
vt 0.589874 0.711207
vt 0.593397 0.711193
vt 0.594022 0.698972
vt 0.594831 0.703664
vt 0.597339 0.666276
vt 0.595993 0.669596
vt 0.595923 0.707788
vt 0.594886 0.673657
vt 0.597256 0.711185
vt 0.594060 0.678302
vt 0.907812 0.759902
vt 0.912558 0.758814
vt 0.593548 0.683354
vt 0.917263 0.757675
vt 0.593369 0.688618
vt 0.844069 0.805492
vt 0.593529 0.693891
vt 0.848330 0.805096
vt 0.598872 0.663824
vt 0.912393 0.756553
vt 0.917179 0.756522
vt 0.600695 0.683349
vt 0.600656 0.688613
vt 0.843928 0.804794
vt 0.600676 0.693886
vt 0.848055 0.803729
vt 0.600755 0.698967
vt 0.601660 0.663822
vt 0.601387 0.666272
vt 0.600889 0.703660
vt 0.601145 0.669592
vt 0.601075 0.707784
vt 0.600944 0.673652
vt 0.601304 0.711182
vt 0.600793 0.678298
vt 0.907574 0.756620
vt 0.605468 0.666276
vt 0.606340 0.669596
vt 0.606998 0.703665
vt 0.606270 0.707788
vt 0.607053 0.673657
vt 0.605386 0.711185
vt 0.607580 0.678303
vt 0.907813 0.753340
vt 0.912558 0.754295
vt 0.607901 0.683354
vt 0.917263 0.755371
vt 0.608002 0.688617
vt 0.843637 0.804095
vt 0.607881 0.693891
vt 0.847485 0.802356
vt 0.607542 0.698972
vt 0.604472 0.663824
vt 0.614887 0.683369
vt 0.615126 0.688632
vt 0.843207 0.803419
vt 0.917512 0.754265
vt 0.614867 0.693906
vt 0.846640 0.801032
vt 0.614123 0.698986
vt 0.851284 0.799963
vt 0.850059 0.798040
vt 0.612921 0.703677
vt 0.609426 0.666284
vt 0.611377 0.669607
vt 0.611307 0.707798
vt 0.612976 0.673669
vt 0.609344 0.711194
vt 0.614161 0.678316
vt 0.908521 0.750190
vt 0.913045 0.752125
vt 0.618431 0.703696
vt 0.615993 0.707816
vt 0.616064 0.669623
vt 0.618487 0.673689
vt 0.613025 0.711207
vt 0.620284 0.678338
vt 0.909671 0.747291
vt 0.913838 0.750127
vt 0.621387 0.683392
vt 0.917916 0.753246
vt 0.621753 0.688657
vt 0.842654 0.802795
vt 0.621367 0.693929
vt 0.845556 0.799806
vt 0.620246 0.699008
vt 0.848485 0.796261
vt 0.613108 0.666297
vt 0.842000 0.802244
vt 0.918459 0.752355
vt 0.627629 0.688689
vt 0.627131 0.693961
vt 0.844272 0.798727
vt 0.625675 0.699037
vt 0.846621 0.794693
vt 0.623318 0.703724
vt 0.851327 0.792294
vt 0.848956 0.790298
vt 0.620149 0.707838
vt 0.620219 0.669646
vt 0.623372 0.673715
vt 0.905575 0.744847
vt 0.907546 0.741616
vt 0.911219 0.744752
vt 0.625713 0.678368
vt 0.914905 0.748379
vt 0.627150 0.683424
vt 0.851187 0.785712
vt 0.846307 0.788649
vt 0.848072 0.783772
vt 0.909947 0.738968
vt 0.913107 0.742671
vt 0.627446 0.673748
vt 0.630239 0.678404
vt 0.916204 0.746945
vt 0.631956 0.683462
vt 0.919122 0.751625
vt 0.632529 0.688728
vt 0.841269 0.801789
vt 0.631936 0.693999
vt 0.842839 0.797834
vt 0.630202 0.699074
vt 0.844541 0.793397
vt 0.627391 0.703756
vt 0.962541 0.871842
vt 0.960759 0.866584
vt 0.964535 0.865353
vt 0.965752 0.870795
vt 0.962346 0.853841
vt 0.961460 0.848213
vt 0.966187 0.847110
vt 0.966982 0.852758
vt 0.840490 0.801447
vt 0.841311 0.797163
vt 0.963385 0.859628
vt 0.967752 0.858608
vt 0.842322 0.792423
vt 0.968465 0.864435
vt 0.843484 0.787410
vt 0.969095 0.870015
vt 0.844752 0.782315
vt 0.966991 0.875746
vt 0.969617 0.875133
vt 0.849768 0.778955
vt 0.846078 0.777335
vt 0.915259 0.741131
vt 0.917687 0.745884
vt 0.851327 0.774381
vt 0.847411 0.772661
vt 0.919878 0.751084
vt 0.960759 0.842962
vt 0.965395 0.841879
vt 0.972440 0.869531
vt 0.972245 0.874752
vt 0.841354 0.781395
vt 0.842303 0.776312
vt 0.917595 0.740187
vt 0.919296 0.745234
vt 0.843403 0.771576
vt 0.920698 0.750752
vt 0.970035 0.841208
vt 0.970918 0.846424
vt 0.839693 0.801231
vt 0.971622 0.852086
vt 0.839747 0.796740
vt 0.972123 0.857976
vt 0.840051 0.791809
vt 0.972398 0.863865
vt 0.840594 0.786627
vt 0.976089 0.851851
vt 0.976329 0.857753
vt 0.838207 0.796580
vt 0.837816 0.791577
vt 0.976185 0.863666
vt 0.837748 0.786333
vt 0.975660 0.869361
vt 0.838008 0.781048
vt 0.974775 0.874619
vt 0.838585 0.775928
vt 0.920023 0.739880
vt 0.920969 0.745022
vt 0.839456 0.771167
vt 0.921551 0.750644
vt 0.974501 0.840972
vt 0.975471 0.846185
vt 0.838908 0.801150
s 0
usemtl fence
f 84/1/1 37/2/1 8/3/1 59/4/1
f 75/5/2 51/6/2 38/7/2 92/8/2
f 50/9/3 22/10/3 9/11/3 36/12/3
f 63/13/4 10/14/4 24/15/4 74/16/4
f 66/17/5 23/18/5 52/19/5 83/20/5
f 1/21/6 4/22/6 5/23/6 7/24/6
f 2/25/7 6/26/7 5/23/7 4/22/7
f 3/27/8 7/24/8 5/23/8 6/26/8
f 8/28/9 11/29/9 12/30/9 14/31/9
f 9/32/10 13/33/10 12/30/10 11/29/10
f 10/14/11 14/31/11 12/30/11 13/33/11
f 15/34/12 18/35/12 19/36/12 21/37/12
f 16/38/13 20/39/13 19/36/13 18/35/13
f 17/40/14 21/37/14 19/36/14 20/39/14
f 22/41/15 25/42/15 26/43/15 28/44/15
f 23/45/16 27/46/16 26/43/16 25/42/16
f 24/15/17 28/44/17 26/43/17 27/46/17
f 29/47/18 32/48/18 33/49/18 35/50/18
f 30/51/19 34/52/19 33/49/19 32/48/19
f 31/53/20 35/50/20 33/49/20 34/52/20
f 36/54/21 39/55/21 40/56/21 42/57/21
f 37/58/22 41/59/22 40/56/22 39/55/22
f 38/7/23 42/57/23 40/56/23 41/59/23
f 43/60/24 46/61/24 47/62/24 49/63/24
f 44/64/25 48/65/25 47/62/25 46/61/25
f 45/66/26 49/63/26 47/62/26 48/65/26
f 50/67/27 53/68/27 54/69/27 56/70/27
f 51/6/28 55/71/28 54/69/28 53/68/28
f 52/72/29 56/70/29 54/69/29 55/71/29
f 15/34/30 1/21/30 7/24/30 18/35/30
f 18/35/31 7/24/31 3/27/31 16/38/31
f 59/73/32 8/28/32 14/31/32 60/74/32
f 60/74/33 14/31/33 10/14/33 63/13/33
f 9/32/34 22/41/34 28/44/34 13/33/34
f 13/33/35 28/44/35 24/15/35 10/14/35
f 68/75/36 17/40/36 20/39/36 69/76/36
f 69/76/37 20/39/37 16/38/37 72/77/37
f 43/78/38 15/79/38 21/80/38 46/81/38
f 46/82/39 21/83/39 17/84/39 44/85/39
f 22/10/40 50/9/40 56/86/40 25/87/40
f 25/88/41 56/89/41 52/19/41 23/18/41
f 77/90/42 45/66/42 48/65/42 78/91/42
f 78/91/43 48/65/43 44/64/43 81/92/43
f 29/47/44 43/60/44 49/63/44 32/48/44
f 32/48/45 49/63/45 45/66/45 30/51/45
f 50/67/46 36/54/46 42/57/46 53/68/46
f 53/68/47 42/57/47 38/7/47 51/6/47
f 86/93/48 31/53/48 34/52/48 87/94/48
f 87/94/49 34/52/49 30/51/49 90/95/49
f 1/96/50 29/97/50 35/98/50 4/99/50
f 4/100/51 35/101/51 31/102/51 2/103/51
f 36/12/52 9/11/52 11/104/52 39/105/52
f 39/106/53 11/107/53 8/3/53 37/2/53
f 15/79/54 43/78/54 29/97/54 1/96/54
f 41/59/55 89/108/55 92/8/55 38/7/55
f 89/108/56 88/109/56 91/110/56 92/8/56
f 88/109/57 87/94/57 90/95/57 91/110/57
f 37/58/58 84/111/58 89/108/58 41/59/58
f 84/111/59 85/112/59 88/109/59 89/108/59
f 85/112/60 86/93/60 87/94/60 88/109/60
f 55/71/61 80/113/61 83/114/61 52/72/61
f 80/113/62 79/115/62 82/116/62 83/114/62
f 79/115/63 78/91/63 81/92/63 82/116/63
f 51/6/64 75/5/64 80/113/64 55/71/64
f 75/5/65 76/117/65 79/115/65 80/113/65
f 76/117/66 77/90/66 78/91/66 79/115/66
f 27/46/37 71/118/37 74/16/37 24/15/37
f 71/118/67 70/119/67 73/120/67 74/16/67
f 70/119/68 69/76/68 72/77/68 73/120/68
f 23/45/36 66/121/36 71/118/36 27/46/36
f 66/121/69 67/122/69 70/119/69 71/118/69
f 67/122/70 68/75/70 69/76/70 70/119/70
f 6/26/71 62/123/71 65/124/71 3/27/71
f 62/123/72 61/125/72 64/126/72 65/124/72
f 61/125/73 60/74/73 63/13/73 64/126/73
f 2/25/74 57/127/74 62/123/74 6/26/74
f 57/127/75 58/128/75 61/125/75 62/123/75
f 58/128/76 59/73/76 60/74/76 61/125/76
f 17/84/77 68/129/77 81/130/77 44/85/77
f 68/129/78 67/131/78 82/132/78 81/130/78
f 67/131/79 66/17/79 83/20/79 82/132/79
f 3/27/4 65/124/4 72/77/4 16/38/4
f 65/124/80 64/126/80 73/120/80 72/77/80
f 64/126/81 63/13/81 74/16/81 73/120/81
f 45/66/2 77/90/2 90/95/2 30/51/2
f 77/90/82 76/117/82 91/110/82 90/95/82
f 76/117/83 75/5/83 92/8/83 91/110/83
f 31/102/84 86/133/84 57/134/84 2/103/84
f 86/133/85 85/135/85 58/136/85 57/134/85
f 85/135/86 84/1/86 59/4/86 58/136/86
f 176/137/87 129/138/87 100/139/87 151/140/87
f 167/141/88 143/142/88 130/143/88 184/144/88
f 142/145/89 114/146/89 101/147/89 128/148/89
f 155/149/90 102/150/90 116/151/90 166/152/90
f 158/153/91 115/154/91 144/155/91 175/156/91
f 93/157/92 96/158/92 97/159/92 99/160/92
f 94/161/93 98/162/93 97/163/93 96/164/93
f 95/165/94 99/166/94 97/167/94 98/168/94
f 100/139/95 103/169/95 104/170/95 106/171/95
f 101/147/96 105/172/96 104/173/96 103/174/96
f 102/150/97 106/175/97 104/176/97 105/177/97
f 107/178/98 110/179/98 111/180/98 113/181/98
f 108/182/99 112/183/99 111/184/99 110/185/99
f 109/186/100 113/187/100 111/188/100 112/189/100
f 114/146/101 117/190/101 118/191/101 120/192/101
f 115/154/102 119/193/102 118/194/102 117/195/102
f 116/151/103 120/196/103 118/197/103 119/198/103
f 121/199/104 124/200/104 125/201/104 127/202/104
f 122/203/105 126/204/105 125/205/105 124/206/105
f 123/207/106 127/208/106 125/209/106 126/210/106
f 128/148/107 131/211/107 132/212/107 134/213/107
f 129/138/108 133/214/108 132/215/108 131/216/108
f 130/143/109 134/217/109 132/218/109 133/219/109
f 135/220/110 138/221/110 139/222/110 141/223/110
f 136/224/111 140/225/111 139/226/111 138/227/111
f 137/228/112 141/229/112 139/230/112 140/231/112
f 142/145/113 145/232/113 146/233/113 148/234/113
f 143/142/114 147/235/114 146/236/114 145/237/114
f 144/155/115 148/238/115 146/239/115 147/240/115
f 107/178/116 93/157/116 99/160/116 110/179/116
f 110/185/117 99/166/117 95/165/117 108/182/117
f 151/140/118 100/139/118 106/171/118 152/241/118
f 152/242/119 106/175/119 102/150/119 155/149/119
f 101/147/120 114/146/120 120/192/120 105/172/120
f 105/177/121 120/196/121 116/151/121 102/150/121
f 160/243/122 109/186/122 112/189/122 161/244/122
f 161/245/123 112/183/123 108/182/123 164/246/123
f 135/220/124 107/178/124 113/181/124 138/221/124
f 138/227/125 113/187/125 109/186/125 136/224/125
f 114/146/126 142/145/126 148/234/126 117/190/126
f 117/195/127 148/238/127 144/155/127 115/154/127
f 169/247/128 137/228/128 140/231/128 170/248/128
f 170/249/129 140/225/129 136/224/129 173/250/129
f 121/199/130 135/220/130 141/223/130 124/200/130
f 124/206/131 141/229/131 137/228/131 122/203/131
f 142/145/132 128/148/132 134/213/132 145/232/132
f 145/237/133 134/217/133 130/143/133 143/142/133
f 178/251/134 123/207/134 126/210/134 179/252/134
f 179/253/135 126/204/135 122/203/135 182/254/135
f 93/157/136 121/199/136 127/202/136 96/158/136
f 96/164/137 127/208/137 123/207/137 94/161/137
f 128/148/138 101/147/138 103/174/138 131/211/138
f 131/216/139 103/169/139 100/139/139 129/138/139
f 107/178/140 135/220/140 121/199/140 93/157/140
f 133/219/141 181/255/141 184/144/141 130/143/141
f 181/255/142 180/256/142 183/257/142 184/144/142
f 180/256/143 179/253/143 182/254/143 183/257/143
f 129/138/144 176/137/144 181/258/144 133/214/144
f 176/137/145 177/259/145 180/260/145 181/258/145
f 177/259/146 178/251/146 179/252/146 180/260/146
f 147/240/147 172/261/147 175/156/147 144/155/147
f 172/261/148 171/262/148 174/263/148 175/156/148
f 171/262/149 170/249/149 173/250/149 174/263/149
f 143/142/150 167/141/150 172/264/150 147/235/150
f 167/141/151 168/265/151 171/266/151 172/264/151
f 168/265/152 169/247/152 170/248/152 171/266/152
f 119/198/153 163/267/153 166/152/153 116/151/153
f 163/267/154 162/268/154 165/269/154 166/152/154
f 162/268/155 161/245/155 164/246/155 165/269/155
f 115/154/156 158/153/156 163/270/156 119/193/156
f 158/153/157 159/271/157 162/272/157 163/270/157
f 159/271/158 160/243/158 161/244/158 162/272/158
f 98/168/159 154/273/159 157/274/159 95/165/159
f 154/273/160 153/275/160 156/276/160 157/274/160
f 153/275/161 152/242/161 155/149/161 156/276/161
f 94/161/162 149/277/162 154/278/162 98/162/162
f 149/277/163 150/279/163 153/280/163 154/278/163
f 150/279/164 151/140/164 152/241/164 153/280/164
f 109/186/165 160/243/165 173/250/165 136/224/165
f 160/243/166 159/271/166 174/263/166 173/250/166
f 159/271/167 158/153/167 175/156/167 174/263/167
f 95/165/168 157/274/168 164/246/168 108/182/168
f 157/274/169 156/276/169 165/269/169 164/246/169
f 156/276/170 155/149/170 166/152/170 165/269/170
f 137/228/171 169/247/171 182/254/171 122/203/171
f 169/247/172 168/265/172 183/257/172 182/254/172
f 168/265/173 167/141/173 184/144/173 183/257/173
f 123/207/174 178/251/174 149/277/174 94/161/174
f 178/251/175 177/259/175 150/279/175 149/277/175
f 177/259/176 176/137/176 151/140/176 150/279/176
f 268/281/177 221/282/177 192/283/177 243/284/177
f 259/285/171 235/286/171 222/287/171 276/288/171
f 234/289/89 206/290/89 193/291/89 220/292/89
f 247/293/168 194/294/168 208/295/168 258/296/168
f 250/297/178 207/298/178 236/299/178 267/300/178
f 185/301/92 188/302/92 189/303/92 191/304/92
f 186/305/93 190/306/93 189/307/93 188/308/93
f 187/309/94 191/310/94 189/311/94 190/312/94
f 192/283/95 195/313/95 196/314/95 198/315/95
f 193/291/96 197/316/96 196/317/96 195/318/96
f 194/294/97 198/319/97 196/320/97 197/321/97
f 199/322/98 202/323/98 203/324/98 205/325/98
f 200/326/99 204/327/99 203/328/99 202/329/99
f 201/330/100 205/331/100 203/332/100 204/333/100
f 206/290/179 209/334/179 210/335/179 212/336/179
f 207/298/102 211/337/102 210/338/102 209/339/102
f 208/295/103 212/340/103 210/341/103 211/342/103
f 213/343/104 216/344/104 217/345/104 219/346/104
f 214/347/105 218/348/105 217/349/105 216/350/105
f 215/351/106 219/352/106 217/353/106 218/354/106
f 220/292/107 223/355/107 224/356/107 226/357/107
f 221/282/108 225/358/108 224/359/108 223/360/108
f 222/287/109 226/361/109 224/362/109 225/363/109
f 227/364/110 230/365/110 231/366/110 233/367/110
f 228/368/111 232/369/111 231/370/111 230/371/111
f 229/372/180 233/373/180 231/374/180 232/375/180
f 234/289/181 237/376/181 238/377/181 240/378/181
f 235/286/114 239/379/114 238/380/114 237/381/114
f 236/299/115 240/382/115 238/383/115 239/384/115
f 199/322/116 185/301/116 191/304/116 202/323/116
f 202/329/117 191/310/117 187/309/117 200/326/117
f 243/284/182 192/283/182 198/315/182 244/385/182
f 244/386/183 198/319/183 194/294/183 247/293/183
f 193/291/120 206/290/120 212/336/120 197/316/120
f 197/321/121 212/340/121 208/295/121 194/294/121
f 252/387/184 201/330/184 204/333/184 253/388/184
f 253/389/185 204/327/185 200/326/185 256/390/185
f 227/364/124 199/322/124 205/325/124 230/365/124
f 230/371/125 205/331/125 201/330/125 228/368/125
f 206/290/126 234/289/126 240/378/126 209/334/126
f 209/339/127 240/382/127 236/299/127 207/298/127
f 261/391/186 229/372/186 232/375/186 262/392/186
f 262/393/187 232/369/187 228/368/187 265/394/187
f 213/343/130 227/364/130 233/367/130 216/344/130
f 216/350/131 233/373/131 229/372/131 214/347/131
f 234/289/132 220/292/132 226/357/132 237/376/132
f 237/381/133 226/361/133 222/287/133 235/286/133
f 270/395/188 215/351/188 218/354/188 271/396/188
f 271/397/189 218/348/189 214/347/189 274/398/189
f 185/301/136 213/343/136 219/346/136 188/302/136
f 188/308/137 219/352/137 215/351/137 186/305/137
f 220/292/138 193/291/138 195/318/138 223/355/138
f 223/360/139 195/313/139 192/283/139 221/282/139
f 199/322/140 227/364/140 213/343/140 185/301/140
f 225/363/190 273/399/190 276/288/190 222/287/190
f 273/399/191 272/400/191 275/401/191 276/288/191
f 272/400/192 271/397/192 274/398/192 275/401/192
f 221/282/193 268/281/193 273/402/193 225/358/193
f 268/281/194 269/403/194 272/404/194 273/402/194
f 269/403/195 270/395/195 271/396/195 272/404/195
f 239/384/196 264/405/196 267/300/196 236/299/196
f 264/405/197 263/406/197 266/407/197 267/300/197
f 263/406/198 262/393/198 265/394/198 266/407/198
f 235/286/199 259/285/199 264/408/199 239/379/199
f 259/285/200 260/409/200 263/410/200 264/408/200
f 260/409/201 261/391/201 262/392/201 263/410/201
f 211/342/202 255/411/202 258/296/202 208/295/202
f 255/411/203 254/412/203 257/413/203 258/296/203
f 254/412/204 253/389/204 256/390/204 257/413/204
f 207/298/205 250/297/205 255/414/205 211/337/205
f 250/297/206 251/415/206 254/416/206 255/414/206
f 251/415/207 252/387/207 253/388/207 254/416/207
f 190/312/208 246/417/208 249/418/208 187/309/208
f 246/417/209 245/419/209 248/420/209 249/418/209
f 245/419/210 244/386/210 247/293/210 248/420/210
f 186/305/211 241/421/211 246/422/211 190/306/211
f 241/421/212 242/423/212 245/424/212 246/422/212
f 242/423/213 243/284/213 244/385/213 245/424/213
f 201/330/214 252/387/214 265/394/214 228/368/214
f 252/387/215 251/415/215 266/407/215 265/394/215
f 251/415/216 250/297/216 267/300/216 266/407/216
f 187/309/217 249/418/217 256/390/217 200/326/217
f 249/418/218 248/420/218 257/413/218 256/390/218
f 248/420/219 247/293/219 258/296/219 257/413/219
f 229/372/220 261/391/220 274/398/220 214/347/220
f 261/391/221 260/409/221 275/401/221 274/398/221
f 260/409/222 259/285/222 276/288/222 275/401/222
f 215/351/223 270/395/223 241/421/223 186/305/223
f 270/395/224 269/403/224 242/423/224 241/421/224
f 269/403/225 268/281/225 243/284/225 242/423/225
f 360/425/226 313/426/226 284/427/226 335/428/226
f 351/429/171 327/430/171 314/431/171 368/432/171
f 326/433/227 298/434/227 285/435/227 312/436/227
f 339/437/168 286/438/168 300/439/168 350/440/168
f 342/441/228 299/442/228 328/443/228 359/444/228
f 277/445/229 280/446/229 281/447/229 283/448/229
f 278/449/230 282/450/230 281/447/230 280/446/230
f 279/451/231 283/448/231 281/447/231 282/450/231
f 284/452/232 287/453/232 288/454/232 290/455/232
f 285/456/233 289/457/233 288/454/233 287/453/233
f 286/438/234 290/455/234 288/454/234 289/457/234
f 291/458/235 294/459/235 295/460/235 297/461/235
f 292/462/236 296/463/236 295/460/236 294/459/236
f 293/464/237 297/461/237 295/460/237 296/463/237
f 298/465/238 301/466/238 302/467/238 304/468/238
f 299/469/239 303/470/239 302/467/239 301/466/239
f 300/439/240 304/468/240 302/467/240 303/470/240
f 305/471/241 308/472/241 309/473/241 311/474/241
f 306/475/242 310/476/242 309/473/242 308/472/242
f 307/477/243 311/474/243 309/473/243 310/476/243
f 312/478/244 315/479/244 316/480/244 318/481/244
f 313/482/245 317/483/245 316/480/245 315/479/245
f 314/431/246 318/481/246 316/480/246 317/483/246
f 319/484/247 322/485/247 323/486/247 325/487/247
f 320/488/248 324/489/248 323/486/248 322/485/248
f 321/490/249 325/487/249 323/486/249 324/489/249
f 326/491/250 329/492/250 330/493/250 332/494/250
f 327/430/251 331/495/251 330/493/251 329/492/251
f 328/496/252 332/494/252 330/493/252 331/495/252
f 291/458/253 277/445/253 283/448/253 294/459/253
f 294/459/254 283/448/254 279/451/254 292/462/254
f 335/497/255 284/452/255 290/455/255 336/498/255
f 336/498/256 290/455/256 286/438/256 339/437/256
f 285/456/257 298/465/257 304/468/257 289/457/257
f 289/457/258 304/468/258 300/439/258 286/438/258
f 344/499/259 293/464/259 296/463/259 345/500/259
f 345/500/260 296/463/260 292/462/260 348/501/260
f 319/502/261 291/503/261 297/504/261 322/505/261
f 322/506/262 297/507/262 293/508/262 320/509/262
f 298/434/263 326/433/263 332/510/263 301/511/263
f 301/512/264 332/513/264 328/443/264 299/442/264
f 353/514/265 321/490/265 324/489/265 354/515/265
f 354/515/266 324/489/266 320/488/266 357/516/266
f 305/471/267 319/484/267 325/487/267 308/472/267
f 308/472/268 325/487/268 321/490/268 306/475/268
f 326/491/269 312/478/269 318/481/269 329/492/269
f 329/492/270 318/481/270 314/431/270 327/430/270
f 362/517/271 307/477/271 310/476/271 363/518/271
f 363/518/272 310/476/272 306/475/272 366/519/272
f 277/520/273 305/521/273 311/522/273 280/523/273
f 280/524/274 311/525/274 307/526/274 278/527/274
f 312/436/275 285/435/275 287/528/275 315/529/275
f 315/530/276 287/531/276 284/427/276 313/426/276
f 291/503/277 319/502/277 305/521/277 277/520/277
f 317/483/278 365/532/278 368/432/278 314/431/278
f 365/532/279 364/533/279 367/534/279 368/432/279
f 364/533/280 363/518/280 366/519/280 367/534/280
f 313/482/281 360/535/281 365/532/281 317/483/281
f 360/535/282 361/536/282 364/533/282 365/532/282
f 361/536/283 362/517/283 363/518/283 364/533/283
f 331/495/284 356/537/284 359/538/284 328/496/284
f 356/537/285 355/539/285 358/540/285 359/538/285
f 355/539/286 354/515/286 357/516/286 358/540/286
f 327/430/287 351/429/287 356/537/287 331/495/287
f 351/429/288 352/541/288 355/539/288 356/537/288
f 352/541/289 353/514/289 354/515/289 355/539/289
f 303/470/260 347/542/260 350/440/260 300/439/260
f 347/542/290 346/543/290 349/544/290 350/440/290
f 346/543/291 345/500/291 348/501/291 349/544/291
f 299/469/259 342/545/259 347/542/259 303/470/259
f 342/545/292 343/546/292 346/543/292 347/542/292
f 343/546/293 344/499/293 345/500/293 346/543/293
f 282/450/294 338/547/294 341/548/294 279/451/294
f 338/547/295 337/549/295 340/550/295 341/548/295
f 337/549/296 336/498/296 339/437/296 340/550/296
f 278/449/297 333/551/297 338/547/297 282/450/297
f 333/551/298 334/552/298 337/549/298 338/547/298
f 334/552/299 335/497/299 336/498/299 337/549/299
f 293/508/300 344/553/300 357/554/300 320/509/300
f 344/553/301 343/555/301 358/556/301 357/554/301
f 343/555/302 342/441/302 359/444/302 358/556/302
f 279/451/168 341/548/168 348/501/168 292/462/168
f 341/548/303 340/550/303 349/544/303 348/501/303
f 340/550/304 339/437/304 350/440/304 349/544/304
f 321/490/171 353/514/171 366/519/171 306/475/171
f 353/514/305 352/541/305 367/534/305 366/519/305
f 352/541/306 351/429/306 368/432/306 367/534/306
f 307/526/307 362/557/307 333/558/307 278/527/307
f 362/557/308 361/559/308 334/560/308 333/558/308
f 361/559/309 360/425/309 335/428/309 334/560/309
s 1
f 624/561/310 623/562/311 387/563/312 388/564/313
f 371/565/314 620/566/315 380/567/316 381/568/317
f 625/569/318 624/561/310 388/564/313 389/570/319
f 372/571/320 371/565/314 381/568/317 382/572/321
f 617/573/322 450/574/323 375/575/324
f 616/576/325 625/569/318 389/570/319
f 373/577/326 372/571/320 382/572/321 383/578/327
f 618/579/328 617/573/322 375/575/324 376/580/329
f 621/581/330 373/577/326 383/578/327 384/582/331
f 369/583/332 618/579/328 376/580/329 377/584/333
f 374/585/334 621/581/330 384/582/331 385/586/335
f 619/587/336 369/583/332 377/584/333 378/588/337
f 622/589/338 374/585/334 385/586/335 386/590/339
f 370/591/340 619/587/336 378/588/337 379/592/341
f 623/562/311 622/589/338 386/590/339 387/563/312
f 620/593/315 370/591/340 379/592/341 380/594/316
f 387/563/312 386/590/339 401/595/342 402/596/343
f 380/594/316 379/592/341 394/597/344 395/598/345
f 388/564/313 387/563/312 402/596/343 403/599/346
f 381/568/317 380/567/316 395/600/345 396/601/347
f 389/570/319 388/564/313 403/599/346 404/602/348
f 382/572/321 381/568/317 396/601/347 397/603/349
f 375/575/324 450/574/323 390/604/350
f 616/576/325 389/570/319 404/602/348
f 383/578/327 382/572/321 397/603/349 398/605/351
f 376/580/329 375/575/324 390/604/350 391/606/352
f 384/582/331 383/578/327 398/605/351 399/607/353
f 377/584/333 376/580/329 391/606/352 392/608/354
f 385/586/335 384/582/331 399/607/353 400/609/355
f 378/588/337 377/584/333 392/608/354 393/610/356
f 386/590/339 385/586/335 400/609/355 401/595/342
f 379/592/341 378/588/337 393/610/356 394/597/344
f 391/606/352 390/604/350 405/611/357 406/612/358
f 399/607/353 398/605/351 413/613/359 414/614/360
f 392/608/354 391/606/352 406/612/358 407/615/361
f 400/609/355 399/607/353 414/614/360 415/616/362
f 393/610/356 392/608/354 407/615/361 408/617/363
f 401/595/342 400/609/355 415/616/362 416/618/364
f 394/597/344 393/610/356 408/617/363 409/619/365
f 402/596/343 401/595/342 416/618/364 417/620/366
f 395/621/345 394/622/344 409/623/365 410/624/367
f 403/599/346 402/596/343 417/620/366 418/625/368
f 396/626/347 395/621/345 410/624/367 411/627/369
f 404/602/348 403/599/346 418/625/368 419/628/370
f 397/629/349 396/626/347 411/627/369 412/630/371
f 390/604/350 450/574/323 405/611/357
f 616/576/325 404/602/348 419/628/370
f 398/605/351 397/603/349 412/631/371 413/613/359
f 410/624/367 409/623/365 424/632/372 425/633/373
f 418/625/368 417/620/366 432/634/374 433/635/375
f 411/627/369 410/624/367 425/633/373 426/636/376
f 419/628/370 418/625/368 433/635/375 434/637/377
f 412/630/371 411/627/369 426/636/376 427/638/378
f 405/611/357 450/574/323 420/639/379
f 616/576/325 419/628/370 434/637/377
f 413/640/359 412/630/371 427/638/378 428/641/380
f 406/612/358 405/611/357 420/639/379 421/642/381
f 414/643/360 413/640/359 428/641/380 429/644/382
f 407/615/361 406/612/358 421/642/381 422/645/383
f 415/616/362 414/614/360 429/646/382 430/647/384
f 408/617/363 407/615/361 422/645/383 423/648/385
f 416/618/364 415/616/362 430/647/384 431/649/386
f 409/619/365 408/617/363 423/648/385 424/650/372
f 417/620/366 416/618/364 431/649/386 432/634/374
f 429/644/382 428/641/380 443/651/387 444/652/388
f 422/645/383 421/642/381 436/653/389 437/654/390
f 430/655/384 429/644/382 444/652/388 445/656/391
f 423/648/385 422/645/383 437/654/390 438/657/392
f 431/658/386 430/655/384 445/656/391 446/659/393
f 424/632/372 423/660/385 438/661/392 439/662/394
f 432/634/374 431/649/386 446/663/393 447/664/395
f 425/633/373 424/632/372 439/662/394 440/665/396
f 433/635/375 432/634/374 447/664/395 448/666/397
f 426/636/376 425/633/373 440/665/396 441/667/398
f 434/637/377 433/635/375 448/666/397 449/668/399
f 427/638/378 426/636/376 441/667/398 442/669/400
f 420/639/379 450/574/323 435/670/401
f 616/576/325 434/637/377 449/668/399
f 428/641/380 427/638/378 442/669/400 443/651/387
f 421/642/381 420/639/379 435/670/401 436/653/389
f 448/666/397 447/664/395 463/671/402 464/672/403
f 441/667/398 440/665/396 456/673/404 457/674/405
f 449/668/399 448/666/397 464/672/403 465/675/406
f 442/669/400 441/667/398 457/674/405 458/676/407
f 435/670/401 450/574/323 451/677/408
f 616/576/325 449/668/399 465/675/406
f 443/651/387 442/669/400 458/676/407 459/678/409
f 436/653/389 435/670/401 451/677/408 452/679/410
f 444/652/388 443/651/387 459/678/409 460/680/411
f 437/654/390 436/653/389 452/679/410 453/681/412
f 445/656/391 444/652/388 460/680/411 461/682/413
f 438/657/392 437/654/390 453/681/412 454/683/414
f 446/659/393 445/656/391 461/682/413 462/684/415
f 439/662/394 438/661/392 454/685/414 455/686/416
f 447/687/395 446/659/393 462/684/415 463/688/402
f 440/665/396 439/662/394 455/686/416 456/673/404
f 461/682/413 460/680/411 475/689/417 476/690/418
f 454/685/414 453/691/412 468/692/419 469/693/420
f 462/684/415 461/682/413 476/690/418 477/694/421
f 455/686/416 454/685/414 469/693/420 470/695/422
f 463/688/402 462/684/415 477/694/421 478/696/423
f 456/673/404 455/686/416 470/695/422 471/697/424
f 464/672/403 463/671/402 478/698/423 479/699/425
f 457/674/405 456/673/404 471/697/424 472/700/426
f 465/675/406 464/672/403 479/699/425 480/701/427
f 458/676/407 457/674/405 472/700/426 473/702/428
f 451/677/408 450/574/323 466/703/429
f 616/576/325 465/675/406 480/701/427
f 459/678/409 458/676/407 473/702/428 474/704/430
f 452/679/410 451/677/408 466/703/429 467/705/431
f 460/680/411 459/678/409 474/704/430 475/689/417
f 453/681/412 452/679/410 467/705/431 468/706/419
f 480/701/427 479/699/425 494/707/432 495/708/433
f 473/702/428 472/700/426 487/709/434 488/710/435
f 466/703/429 450/574/323 481/711/436
f 616/576/325 480/701/427 495/708/433
f 474/704/430 473/702/428 488/710/435 489/712/437
f 467/705/431 466/703/429 481/711/436 482/713/438
f 475/689/417 474/704/430 489/712/437 490/714/439
f 468/706/419 467/705/431 482/713/438 483/715/440
f 476/690/418 475/689/417 490/714/439 491/716/441
f 469/693/420 468/692/419 483/717/440 484/718/442
f 477/694/421 476/690/418 491/716/441 492/719/443
f 470/695/422 469/693/420 484/718/442 485/720/444
f 478/696/423 477/694/421 492/719/443 493/721/445
f 471/697/424 470/695/422 485/720/444 486/722/446
f 479/723/425 478/696/423 493/721/445 494/724/432
f 472/700/426 471/697/424 486/722/446 487/709/434
f 484/718/442 483/717/440 498/725/447 499/726/448
f 492/719/443 491/716/441 506/727/449 507/728/450
f 485/720/444 484/718/442 499/726/448 500/729/451
f 493/721/445 492/719/443 507/728/450 508/730/452
f 486/722/446 485/720/444 500/729/451 501/731/453
f 494/724/432 493/721/445 508/730/452 509/732/454
f 487/709/434 486/722/446 501/731/453 502/733/455
f 495/734/433 494/735/432 509/736/454 510/737/456
f 488/710/435 487/709/434 502/733/455 503/738/457
f 481/711/436 450/574/323 496/739/458
f 616/740/325 495/734/433 510/737/456
f 489/712/437 488/710/435 503/738/457 504/741/459
f 482/713/438 481/711/436 496/739/458 497/742/460
f 490/714/439 489/712/437 504/741/459 505/743/461
f 483/715/440 482/713/438 497/742/460 498/744/447
f 491/716/441 490/714/439 505/743/461 506/727/449
f 503/738/457 502/733/455 517/745/462 518/746/463
f 496/739/458 450/574/323 511/747/464
f 616/740/325 510/737/456 525/748/465
f 504/741/459 503/738/457 518/746/463 519/749/466
f 497/742/460 496/739/458 511/747/464 512/750/467
f 505/743/461 504/741/459 519/749/466 520/751/468
f 498/744/447 497/742/460 512/750/467 513/752/469
f 506/727/449 505/743/461 520/751/468 521/753/470
f 499/726/448 498/725/447 513/754/469 514/755/471
f 507/728/450 506/727/449 521/753/470 522/756/472
f 500/729/451 499/726/448 514/755/471 515/757/473
f 508/730/452 507/728/450 522/756/472 523/758/474
f 501/731/453 500/729/451 515/757/473 516/759/475
f 509/736/454 508/760/452 523/761/474 524/762/476
f 502/733/455 501/731/453 516/759/475 517/745/462
f 510/737/456 509/736/454 524/762/476 525/748/465
f 522/756/472 521/753/470 536/763/477 537/764/478
f 515/757/473 514/755/471 529/765/479 530/766/480
f 523/758/474 522/756/472 537/764/478 538/767/481
f 516/759/475 515/757/473 530/766/480 531/768/482
f 524/762/476 523/761/474 538/769/481 539/770/483
f 517/745/462 516/759/475 531/768/482 532/771/484
f 525/748/465 524/762/476 539/770/483 540/772/485
f 518/746/463 517/745/462 532/771/484 533/773/486
f 511/747/464 450/574/323 526/774/487
f 616/740/325 525/748/465 540/772/485
f 519/749/466 518/746/463 533/773/486 534/775/488
f 512/750/467 511/747/464 526/774/487 527/776/489
f 520/751/468 519/749/466 534/775/488 535/777/490
f 513/752/469 512/750/467 527/776/489 528/778/491
f 521/753/470 520/751/468 535/777/490 536/763/477
f 514/755/471 513/754/469 528/779/491 529/765/479
f 526/774/487 450/574/323 541/780/492
f 616/740/325 540/772/485 555/781/493
f 534/775/488 533/773/486 548/782/494 549/783/495
f 527/776/489 526/774/487 541/780/492 542/784/496
f 535/777/490 534/775/488 549/783/495 550/785/497
f 528/778/491 527/776/489 542/784/496 543/786/498
f 536/763/477 535/777/490 550/785/497 551/787/499
f 529/788/479 528/778/491 543/786/498 544/789/500
f 537/764/478 536/763/477 551/787/499 552/790/501
f 530/766/480 529/765/479 544/791/500 545/792/502
f 538/769/481 537/793/478 552/794/501 553/795/503
f 531/768/482 530/766/480 545/792/502 546/796/504
f 539/770/483 538/769/481 553/795/503 554/797/505
f 532/771/484 531/768/482 546/796/504 547/798/506
f 540/772/485 539/770/483 554/797/505 555/781/493
f 533/773/486 532/771/484 547/798/506 548/782/494
f 545/799/502 544/800/500 559/801/507 560/802/508
f 553/795/503 552/794/501 567/803/509 568/804/510
f 546/796/504 545/792/502 560/805/508 561/806/511
f 554/797/505 553/795/503 568/804/510 569/807/512
f 547/798/506 546/796/504 561/806/511 562/808/513
f 555/781/493 554/797/505 569/807/512 570/809/514
f 548/782/494 547/798/506 562/808/513 563/810/515
f 541/780/492 450/574/323 556/811/516
f 616/740/325 555/781/493 570/809/514
f 549/783/495 548/782/494 563/810/515 564/812/517
f 542/784/496 541/780/492 556/811/516 557/813/518
f 550/785/497 549/783/495 564/812/517 565/814/519
f 543/786/498 542/784/496 557/813/518 558/815/520
f 551/787/499 550/785/497 565/814/519 566/816/521
f 544/800/500 543/817/498 558/818/520 559/801/507
f 552/794/501 551/819/499 566/820/521 567/803/509
f 564/821/517 563/822/515 578/823/522 579/824/523
f 557/813/518 556/811/516 571/825/524 572/826/525
f 565/827/519 564/828/517 579/829/523 580/830/526
f 558/815/520 557/813/518 572/826/525 573/831/527
f 566/820/521 565/827/519 580/830/526 581/832/528
f 559/801/507 558/818/520 573/833/527 574/834/529
f 567/803/509 566/820/521 581/832/528 582/835/530
f 560/802/508 559/801/507 574/834/529 575/836/531
f 568/804/510 567/803/509 582/835/530 583/837/532
f 561/838/511 560/802/508 575/836/531 576/839/533
f 569/807/512 568/804/510 583/837/532 584/840/534
f 562/841/513 561/838/511 576/839/533 577/842/535
f 570/809/514 569/807/512 584/840/534 585/843/536
f 563/822/515 562/841/513 577/842/535 578/823/522
f 556/811/516 450/574/323 571/825/524
f 616/740/325 570/809/514 585/843/536
f 583/837/532 582/835/530 597/844/537 598/845/538
f 576/839/533 575/836/531 590/846/539 591/847/540
f 584/840/534 583/837/532 598/845/538 599/848/541
f 577/842/535 576/839/533 591/847/540 592/849/542
f 585/843/536 584/840/534 599/848/541 600/850/543
f 578/823/522 577/842/535 592/849/542 593/851/544
f 571/825/524 450/574/323 586/852/545
f 616/740/325 585/843/536 600/850/543
f 579/824/523 578/823/522 593/851/544 594/853/546
f 572/826/525 571/825/524 586/852/545 587/854/547
f 580/830/526 579/829/523 594/855/546 595/856/548
f 573/831/527 572/826/525 587/854/547 588/857/549
f 581/832/528 580/830/526 595/856/548 596/858/550
f 574/834/529 573/833/527 588/859/549 589/860/551
f 582/835/530 581/832/528 596/858/550 597/844/537
f 575/836/531 574/834/529 589/860/551 590/846/539
f 595/856/548 594/855/546 609/861/552 610/862/553
f 588/857/549 587/854/547 602/863/554 603/864/555
f 596/858/550 595/856/548 610/862/553 611/865/556
f 589/860/551 588/859/549 603/866/555 604/867/557
f 597/844/537 596/858/550 611/865/556 612/868/558
f 590/846/539 589/860/551 604/867/557 605/869/559
f 598/845/538 597/844/537 612/868/558 613/870/560
f 591/847/540 590/846/539 605/869/559 606/871/561
f 599/848/541 598/845/538 613/870/560 614/872/562
f 592/849/542 591/847/540 606/871/561 607/873/563
f 600/850/543 599/848/541 614/872/562 615/874/564
f 593/851/544 592/849/542 607/873/563 608/875/565
f 586/852/545 450/574/323 601/876/566
f 616/740/325 600/850/543 615/874/564
f 594/853/546 593/851/544 608/875/565 609/877/552
f 587/854/547 586/852/545 601/876/566 602/863/554
f 881/878/567 880/879/568 644/880/569 645/881/570
f 628/882/571 877/883/572 637/884/573 638/885/574
f 882/886/575 881/878/567 645/881/570 646/887/576
f 629/888/577 628/882/571 638/885/574 639/889/578
f 874/890/579 707/891/580 632/892/581
f 873/893/582 882/886/575 646/887/576
f 630/894/583 629/888/577 639/889/578 640/895/584
f 875/896/585 874/897/579 632/898/581 633/899/586
f 878/900/587 630/894/583 640/895/584 641/901/588
f 626/902/589 875/896/585 633/899/586 634/903/590
f 631/904/591 878/900/587 641/901/588 642/905/592
f 876/906/593 626/902/589 634/903/590 635/907/594
f 879/908/595 631/909/591 642/910/592 643/911/596
f 627/912/597 876/906/593 635/907/594 636/913/598
f 880/879/568 879/908/595 643/911/596 644/880/569
f 877/883/572 627/912/597 636/913/598 637/884/573
f 644/880/569 643/911/596 658/914/599 659/915/600
f 637/884/573 636/913/598 651/916/601 652/917/602
f 645/881/570 644/880/569 659/915/600 660/918/603
f 638/885/574 637/884/573 652/917/602 653/919/604
f 646/887/576 645/881/570 660/918/603 661/920/605
f 639/889/578 638/885/574 653/919/604 654/921/606
f 632/892/581 707/891/580 647/922/607
f 873/893/582 646/887/576 661/920/605
f 640/895/584 639/889/578 654/921/606 655/923/608
f 633/899/586 632/898/581 647/924/607 648/925/609
f 641/901/588 640/895/584 655/923/608 656/926/610
f 634/903/590 633/899/586 648/925/609 649/927/611
f 642/905/592 641/901/588 656/926/610 657/928/612
f 635/907/594 634/903/590 649/927/611 650/929/613
f 643/911/596 642/910/592 657/930/612 658/914/599
f 636/913/598 635/907/594 650/929/613 651/916/601
f 648/925/609 647/924/607 662/931/614 663/932/615
f 656/926/610 655/923/608 670/933/616 671/934/617
f 649/927/611 648/925/609 663/932/615 664/935/618
f 657/928/612 656/926/610 671/934/617 672/936/619
f 650/929/613 649/927/611 664/935/618 665/937/620
f 658/914/599 657/930/612 672/938/619 673/939/621
f 651/916/601 650/929/613 665/937/620 666/940/622
f 659/915/600 658/914/599 673/939/621 674/941/623
f 652/917/602 651/916/601 666/940/622 667/942/624
f 660/918/603 659/915/600 674/941/623 675/943/625
f 653/919/604 652/917/602 667/942/624 668/944/626
f 661/920/605 660/918/603 675/943/625 676/945/627
f 654/921/606 653/919/604 668/944/626 669/946/628
f 647/922/607 707/891/580 662/947/614
f 873/893/582 661/920/605 676/945/627
f 655/923/608 654/921/606 669/946/628 670/933/616
f 667/942/624 666/940/622 681/948/629 682/949/630
f 675/943/625 674/941/623 689/950/631 690/951/632
f 668/952/626 667/953/624 682/954/630 683/955/633
f 676/945/627 675/943/625 690/951/632 691/956/634
f 669/957/628 668/952/626 683/955/633 684/958/635
f 662/947/614 707/891/580 677/959/636
f 873/893/582 676/945/627 691/956/634
f 670/960/616 669/957/628 684/958/635 685/961/637
f 663/932/615 662/931/614 677/962/636 678/963/638
f 671/964/617 670/960/616 685/961/637 686/965/639
f 664/935/618 663/932/615 678/963/638 679/966/640
f 672/967/619 671/964/617 686/965/639 687/968/641
f 665/937/620 664/935/618 679/966/640 680/969/642
f 673/939/621 672/938/619 687/970/641 688/971/643
f 666/940/622 665/937/620 680/969/642 681/948/629
f 674/941/623 673/939/621 688/971/643 689/950/631
f 686/965/639 685/961/637 700/972/644 701/973/645
f 679/966/640 678/963/638 693/974/646 694/975/647
f 687/968/641 686/965/639 701/973/645 702/976/648
f 680/977/642 679/978/640 694/979/647 695/980/649
f 688/981/643 687/968/641 702/976/648 703/982/650
f 681/983/629 680/977/642 695/980/649 696/984/651
f 689/950/631 688/971/643 703/985/650 704/986/652
f 682/954/630 681/983/629 696/984/651 697/987/653
f 690/951/632 689/950/631 704/986/652 705/988/654
f 683/955/633 682/954/630 697/987/653 698/989/655
f 691/956/634 690/951/632 705/988/654 706/990/656
f 684/958/635 683/955/633 698/989/655 699/991/657
f 677/959/636 707/891/580 692/992/658
f 873/893/582 691/956/634 706/990/656
f 685/961/637 684/958/635 699/991/657 700/972/644
f 678/993/638 677/959/636 692/992/658 693/994/646
f 705/988/654 704/986/652 720/995/659 721/996/660
f 698/989/655 697/987/653 713/997/661 714/998/662
f 706/990/656 705/988/654 721/996/660 722/999/663
f 699/991/657 698/989/655 714/998/662 715/1000/664
f 692/992/658 707/891/580 708/1001/665
f 873/893/582 706/990/656 722/999/663
f 700/972/644 699/991/657 715/1000/664 716/1002/666
f 693/994/646 692/992/658 708/1001/665 709/1003/667
f 701/973/645 700/972/644 716/1002/666 717/1004/668
f 694/979/647 693/1005/646 709/1006/667 710/1007/669
f 702/976/648 701/973/645 717/1004/668 718/1008/670
f 695/980/649 694/979/647 710/1007/669 711/1009/671
f 703/982/650 702/976/648 718/1008/670 719/1010/672
f 696/984/651 695/980/649 711/1009/671 712/1011/673
f 704/986/652 703/985/650 719/1012/672 720/995/659
f 697/987/653 696/984/651 712/1011/673 713/997/661
f 718/1008/670 717/1004/668 732/1013/674 733/1014/675
f 711/1009/671 710/1007/669 725/1015/676 726/1016/677
f 719/1010/672 718/1008/670 733/1014/675 734/1017/678
f 712/1011/673 711/1009/671 726/1016/677 727/1018/679
f 720/1019/659 719/1010/672 734/1017/678 735/1020/680
f 713/997/661 712/1011/673 727/1018/679 728/1021/681
f 721/996/660 720/995/659 735/1022/680 736/1023/682
f 714/998/662 713/997/661 728/1021/681 729/1024/683
f 722/999/663 721/996/660 736/1023/682 737/1025/684
f 715/1000/664 714/998/662 729/1024/683 730/1026/685
f 708/1001/665 707/891/580 723/1027/686
f 873/893/582 722/999/663 737/1025/684
f 716/1002/666 715/1000/664 730/1026/685 731/1028/687
f 709/1003/667 708/1001/665 723/1027/686 724/1029/688
f 717/1004/668 716/1002/666 731/1028/687 732/1013/674
f 710/1007/669 709/1006/667 724/1030/688 725/1015/676
f 737/1025/684 736/1023/682 751/1031/689 752/1032/690
f 730/1026/685 729/1024/683 744/1033/691 745/1034/171
f 723/1027/686 707/891/580 738/1035/692
f 873/893/582 737/1025/684 752/1032/690
f 731/1028/687 730/1026/685 745/1034/171 746/1036/693
f 724/1029/688 723/1027/686 738/1035/692 739/1037/694
f 732/1013/674 731/1028/687 746/1036/693 747/1038/695
f 725/1015/676 724/1030/688 739/1039/694 740/1040/696
f 733/1014/675 732/1013/674 747/1038/695 748/1041/697
f 726/1016/677 725/1015/676 740/1040/696 741/1042/698
f 734/1017/678 733/1014/675 748/1041/697 749/1043/699
f 727/1018/679 726/1016/677 741/1042/698 742/1044/700
f 735/1020/680 734/1017/678 749/1043/699 750/1045/701
f 728/1021/681 727/1018/679 742/1044/700 743/1046/702
f 736/1023/682 735/1022/680 750/1047/701 751/1031/689
f 729/1024/683 728/1021/681 743/1046/702 744/1033/691
f 741/1042/698 740/1040/696 755/1048/703 756/1049/704
f 749/1043/699 748/1041/697 763/1050/705 764/1051/706
f 742/1044/700 741/1042/698 756/1049/704 757/1052/707
f 750/1045/701 749/1043/699 764/1051/706 765/1053/708
f 743/1046/702 742/1044/700 757/1052/707 758/1054/709
f 751/1031/689 750/1047/701 765/1055/708 766/1056/710
f 744/1033/691 743/1046/702 758/1054/709 759/1057/711
f 752/1032/690 751/1031/689 766/1056/710 767/1058/712
f 745/1034/171 744/1033/691 759/1057/711 760/1059/713
f 738/1035/692 707/891/580 753/1060/714
f 873/893/582 752/1032/690 767/1058/712
f 746/1036/693 745/1034/171 760/1059/713 761/1061/715
f 739/1037/694 738/1035/692 753/1060/714 754/1062/716
f 747/1038/695 746/1036/693 761/1061/715 762/1063/717
f 740/1040/696 739/1039/694 754/1064/716 755/1048/703
f 748/1041/697 747/1038/695 762/1063/717 763/1050/705
f 760/1059/713 759/1057/711 774/1065/718 775/1066/719
f 753/1060/714 707/891/580 768/1067/720
f 873/893/582 767/1058/712 782/1068/721
f 761/1061/715 760/1059/713 775/1066/719 776/1069/722
f 754/1062/716 753/1060/714 768/1067/720 769/1070/723
f 762/1063/717 761/1061/715 776/1069/722 777/1071/724
f 755/1072/703 754/1062/716 769/1070/723 770/1073/725
f 763/1050/705 762/1063/717 777/1071/724 778/1074/726
f 756/1049/704 755/1048/703 770/1075/725 771/1076/727
f 764/1051/706 763/1050/705 778/1074/726 779/1077/728
f 757/1052/707 756/1049/704 771/1076/727 772/1078/729
f 765/1053/708 764/1051/706 779/1077/728 780/1079/730
f 758/1054/709 757/1052/707 772/1078/729 773/1080/731
f 766/1056/710 765/1055/708 780/1081/730 781/1082/732
f 759/1057/711 758/1054/709 773/1080/731 774/1065/718
f 767/1058/712 766/1056/710 781/1082/732 782/1068/721
f 779/1077/728 778/1074/726 793/1083/733 794/1084/734
f 772/1078/729 771/1076/727 786/1085/735 787/1086/736
f 780/1079/730 779/1077/728 794/1084/734 795/1087/737
f 773/1080/731 772/1078/729 787/1086/736 788/1088/738
f 781/1082/732 780/1081/730 795/1089/737 796/1090/739
f 774/1065/718 773/1080/731 788/1088/738 789/1091/740
f 782/1068/721 781/1082/732 796/1090/739 797/1092/741
f 775/1066/719 774/1065/718 789/1091/740 790/1093/742
f 768/1067/720 707/891/580 783/1094/743
f 873/893/582 782/1068/721 797/1092/741
f 776/1069/722 775/1066/719 790/1093/742 791/1095/744
f 769/1070/723 768/1067/720 783/1094/743 784/1096/745
f 777/1071/724 776/1069/722 791/1095/744 792/1097/746
f 770/1073/725 769/1070/723 784/1096/745 785/1098/747
f 778/1074/726 777/1071/724 792/1097/746 793/1083/733
f 771/1076/727 770/1075/725 785/1099/747 786/1085/735
f 783/1094/743 707/891/580 798/1100/748
f 873/893/582 797/1092/741 812/1101/749
f 791/1095/744 790/1093/742 805/1102/750 806/1103/751
f 784/1096/745 783/1094/743 798/1100/748 799/1104/752
f 792/1097/746 791/1095/744 806/1103/751 807/1105/753
f 785/1098/747 784/1096/745 799/1104/752 800/1106/754
f 793/1083/733 792/1097/746 807/1105/753 808/1107/755
f 786/1108/735 785/1098/747 800/1106/754 801/1109/756
f 794/1084/734 793/1083/733 808/1107/755 809/1110/757
f 787/1086/736 786/1085/735 801/1111/756 802/1112/758
f 795/1087/737 794/1084/734 809/1110/757 810/1113/759
f 788/1088/738 787/1086/736 802/1112/758 803/1114/760
f 796/1090/739 795/1089/737 810/1115/759 811/1116/761
f 789/1091/740 788/1088/738 803/1114/760 804/1117/762
f 797/1092/741 796/1090/739 811/1116/761 812/1101/749
f 790/1093/742 789/1091/740 804/1117/762 805/1102/750
f 802/1118/758 801/1109/756 816/1119/763 817/1120/764
f 810/1121/759 809/1122/757 824/1123/765 825/1124/766
f 803/1114/760 802/1112/758 817/1125/764 818/1126/767
f 811/1116/761 810/1115/759 825/1127/766 826/1128/768
f 804/1117/762 803/1114/760 818/1126/767 819/1129/769
f 812/1101/749 811/1116/761 826/1128/768 827/1130/770
f 805/1102/750 804/1117/762 819/1129/769 820/1131/771
f 798/1100/748 707/891/580 813/1132/772
f 873/893/582 812/1101/749 827/1130/770
f 806/1103/751 805/1102/750 820/1131/771 821/1133/773
f 799/1104/752 798/1100/748 813/1132/772 814/1134/774
f 807/1105/753 806/1103/751 821/1133/773 822/1135/775
f 800/1106/754 799/1104/752 814/1134/774 815/1136/776
f 808/1107/755 807/1105/753 822/1135/775 823/1137/777
f 801/1109/756 800/1106/754 815/1136/776 816/1119/763
f 809/1122/757 808/1138/755 823/1139/777 824/1123/765
f 821/1140/773 820/1141/771 835/1142/778 836/1143/779
f 814/1134/774 813/1132/772 828/1144/780 829/1145/781
f 822/1146/775 821/1140/773 836/1143/779 837/1147/782
f 815/1136/776 814/1134/774 829/1145/781 830/1148/783
f 823/1139/777 822/1146/775 837/1147/782 838/1149/784
f 816/1119/763 815/1136/776 830/1148/783 831/1150/785
f 824/1123/765 823/1139/777 838/1149/784 839/1151/786
f 817/1120/764 816/1119/763 831/1150/785 832/1152/787
f 825/1124/766 824/1123/765 839/1151/786 840/1153/788
f 818/1154/767 817/1120/764 832/1152/787 833/1155/789
f 826/1128/768 825/1127/766 840/1156/788 841/1157/790
f 819/1158/769 818/1154/767 833/1155/789 834/1159/791
f 827/1130/770 826/1128/768 841/1157/790 842/1160/792
f 820/1141/771 819/1161/769 834/1162/791 835/1142/778
f 813/1132/772 707/891/580 828/1144/780
f 873/893/582 827/1130/770 842/1160/792
f 840/1153/788 839/1151/786 854/1163/793 855/1164/794
f 833/1155/789 832/1152/787 847/1165/795 848/1166/796
f 841/1157/790 840/1156/788 855/1167/794 856/1168/797
f 834/1159/791 833/1155/789 848/1166/796 849/1169/798
f 842/1160/792 841/1157/790 856/1168/797 857/1170/799
f 835/1142/778 834/1162/791 849/1171/798 850/1172/800
f 828/1144/780 707/891/580 843/1173/801
f 873/893/582 842/1160/792 857/1170/799
f 836/1143/779 835/1142/778 850/1172/800 851/1174/802
f 829/1145/781 828/1144/780 843/1173/801 844/1175/803
f 837/1147/782 836/1143/779 851/1174/802 852/1176/804
f 830/1148/783 829/1145/781 844/1175/803 845/1177/805
f 838/1149/784 837/1147/782 852/1176/804 853/1178/806
f 831/1150/785 830/1148/783 845/1177/805 846/1179/807
f 839/1151/786 838/1149/784 853/1178/806 854/1163/793
f 832/1152/787 831/1150/785 846/1179/807 847/1165/795
f 852/1176/804 851/1174/802 866/1180/808 867/1181/809
f 845/1177/805 844/1175/803 859/1182/810 860/1183/811
f 853/1178/806 852/1176/804 867/1181/809 868/1184/812
f 846/1179/807 845/1177/805 860/1183/811 861/1185/813
f 854/1163/793 853/1178/806 868/1184/812 869/1186/814
f 847/1165/795 846/1179/807 861/1185/813 862/1187/815
f 855/1164/794 854/1163/793 869/1186/814 870/1188/816
f 848/1166/796 847/1165/795 862/1187/815 863/1189/817
f 856/1168/797 855/1167/794 870/1190/816 871/1191/818
f 849/1169/798 848/1166/796 863/1189/817 864/1192/819
f 857/1170/799 856/1168/797 871/1191/818 872/1193/820
f 850/1172/800 849/1171/798 864/1194/819 865/1195/821
f 843/1173/801 707/891/580 858/1196/822
f 873/893/582 857/1170/799 872/1193/820
f 851/1174/802 850/1172/800 865/1195/821 866/1180/808
f 844/1175/803 843/1173/801 858/1196/822 859/1182/810
f 1138/1197/823 1137/1198/824 901/1199/825 902/1200/826
f 885/1201/827 1134/1202/828 894/1203/829 895/1204/830
f 1139/1205/831 1138/1197/823 902/1200/826 903/1206/832
f 886/1207/833 885/1201/827 895/1204/830 896/1208/834
f 1131/1209/835 964/1210/836 889/1211/837
f 1130/1212/838 1139/1205/831 903/1206/832
f 887/1213/839 886/1207/833 896/1208/834 897/1214/840
f 1132/1215/841 1131/1209/835 889/1211/837 890/1216/842
f 1135/1217/843 887/1213/839 897/1214/840 898/1218/844
f 883/1219/845 1132/1215/841 890/1216/842 891/1220/846
f 888/1221/847 1135/1222/843 898/1223/844 899/1224/848
f 1133/1225/849 883/1226/845 891/1227/846 892/1228/850
f 1136/1229/851 888/1221/847 899/1224/848 900/1230/852
f 884/1231/853 1133/1225/849 892/1228/850 893/1232/854
f 1137/1198/824 1136/1229/851 900/1230/852 901/1199/825
f 1134/1202/828 884/1231/853 893/1232/854 894/1203/829
f 901/1199/825 900/1230/852 915/1233/855 916/1234/856
f 894/1203/829 893/1232/854 908/1235/857 909/1236/858
f 902/1200/826 901/1199/825 916/1234/856 917/1237/859
f 895/1204/830 894/1203/829 909/1236/858 910/1238/860
f 903/1206/832 902/1200/826 917/1237/859 918/1239/861
f 896/1208/834 895/1204/830 910/1238/860 911/1240/862
f 889/1211/837 964/1210/836 904/1241/863
f 1130/1212/838 903/1206/832 918/1239/861
f 897/1214/840 896/1208/834 911/1240/862 912/1242/864
f 890/1216/842 889/1211/837 904/1241/863 905/1243/865
f 898/1218/844 897/1214/840 912/1242/864 913/1244/866
f 891/1220/846 890/1216/842 905/1243/865 906/1245/867
f 899/1224/848 898/1223/844 913/1246/866 914/1247/868
f 892/1228/850 891/1227/846 906/1248/867 907/1249/869
f 900/1230/852 899/1224/848 914/1247/868 915/1233/855
f 893/1232/854 892/1228/850 907/1249/869 908/1235/857
f 905/1243/865 904/1241/863 919/1250/870 920/1251/871
f 913/1244/866 912/1242/864 927/1252/872 928/1253/873
f 906/1245/867 905/1243/865 920/1251/871 921/1254/874
f 914/1247/868 913/1246/866 928/1255/873 929/1256/875
f 907/1249/869 906/1248/867 921/1257/874 922/1258/876
f 915/1233/855 914/1247/868 929/1256/875 930/1259/877
f 908/1235/857 907/1249/869 922/1258/876 923/1260/878
f 916/1234/856 915/1233/855 930/1259/877 931/1261/879
f 909/1236/858 908/1235/857 923/1260/878 924/1262/880
f 917/1237/859 916/1234/856 931/1261/879 932/1263/881
f 910/1238/860 909/1236/858 924/1262/880 925/1264/882
f 918/1239/861 917/1237/859 932/1263/881 933/1265/883
f 911/1240/862 910/1238/860 925/1264/882 926/1266/884
f 904/1241/863 964/1210/836 919/1250/870
f 1130/1212/838 918/1239/861 933/1265/883
f 912/1242/864 911/1240/862 926/1266/884 927/1252/872
f 924/1267/880 923/1268/878 938/1269/885 939/1270/886
f 932/1263/881 931/1261/879 946/1271/887 947/1272/888
f 925/1273/882 924/1267/880 939/1270/886 940/1274/889
f 933/1265/883 932/1263/881 947/1272/888 948/1275/890
f 926/1276/884 925/1273/882 940/1274/889 941/1277/891
f 919/1250/870 964/1210/836 934/1278/892
f 1130/1212/838 933/1265/883 948/1275/890
f 927/1279/872 926/1276/884 941/1277/891 942/1280/893
f 920/1251/871 919/1250/870 934/1278/892 935/1281/894
f 928/1282/873 927/1279/872 942/1280/893 943/1283/895
f 921/1254/874 920/1251/871 935/1281/894 936/1284/896
f 929/1285/875 928/1282/873 943/1283/895 944/1286/897
f 922/1258/876 921/1257/874 936/1287/896 937/1288/898
f 930/1259/877 929/1256/875 944/1289/897 945/1290/899
f 923/1268/878 922/1291/876 937/1292/898 938/1269/885
f 931/1261/879 930/1259/877 945/1290/899 946/1271/887
f 943/1283/895 942/1280/893 957/1293/900 958/1294/901
f 936/1284/896 935/1281/894 950/1295/902 951/1296/903
f 944/1286/897 943/1283/895 958/1294/901 959/1297/904
f 937/1292/898 936/1298/896 951/1299/903 952/1300/905
f 945/1301/899 944/1286/897 959/1297/904 960/1302/906
f 938/1269/885 937/1292/898 952/1300/905 953/1303/907
f 946/1271/887 945/1290/899 960/1304/906 961/1305/908
f 939/1270/886 938/1269/885 953/1303/907 954/1306/909
f 947/1272/888 946/1271/887 961/1305/908 962/1307/910
f 940/1274/889 939/1270/886 954/1306/909 955/1308/911
f 948/1275/890 947/1272/888 962/1307/910 963/1309/912
f 941/1277/891 940/1274/889 955/1308/911 956/1310/913
f 934/1278/892 964/1210/836 949/1311/914
f 1130/1212/838 948/1275/890 963/1309/912
f 942/1280/893 941/1277/891 956/1310/913 957/1293/900
f 935/1281/894 934/1278/892 949/1311/914 950/1295/902
f 962/1307/910 961/1305/908 977/1312/915 978/1313/916
f 955/1308/911 954/1306/909 970/1314/917 971/1315/918
f 963/1309/912 962/1307/910 978/1313/916 979/1316/919
f 956/1310/913 955/1308/911 971/1315/918 972/1317/920
f 949/1311/914 964/1210/836 965/1318/921
f 1130/1212/838 963/1309/912 979/1316/919
f 957/1293/900 956/1310/913 972/1317/920 973/1319/922
f 950/1295/902 949/1311/914 965/1318/921 966/1320/923
f 958/1294/901 957/1293/900 973/1319/922 974/1321/924
f 951/1296/903 950/1295/902 966/1320/923 967/1322/925
f 959/1297/904 958/1294/901 974/1321/924 975/1323/926
f 952/1300/905 951/1299/903 967/1324/925 968/1325/927
f 960/1302/906 959/1297/904 975/1323/926 976/1326/928
f 953/1303/907 952/1300/905 968/1325/927 969/1327/929
f 961/1328/908 960/1302/906 976/1326/928 977/1329/915
f 954/1306/909 953/1303/907 969/1327/929 970/1314/917
f 975/1323/926 974/1321/924 989/1330/930 990/1331/931
f 968/1325/927 967/1324/925 982/1332/932 983/1333/933
f 976/1326/928 975/1323/926 990/1331/931 991/1334/934
f 969/1327/929 968/1325/927 983/1333/933 984/1335/935
f 977/1329/915 976/1326/928 991/1334/934 992/1336/936
f 970/1314/917 969/1327/929 984/1335/935 985/1337/937
f 978/1313/916 977/1312/915 992/1338/936 993/1339/938
f 971/1315/918 970/1314/917 985/1337/937 986/1340/939
f 979/1316/919 978/1313/916 993/1339/938 994/1341/940
f 972/1317/920 971/1315/918 986/1340/939 987/1342/941
f 965/1318/921 964/1210/836 980/1343/942
f 1130/1212/838 979/1316/919 994/1341/940
f 973/1319/922 972/1317/920 987/1342/941 988/1344/943
f 966/1320/923 965/1318/921 980/1343/942 981/1345/944
f 974/1321/924 973/1319/922 988/1344/943 989/1330/930
f 967/1322/925 966/1320/923 981/1345/944 982/1346/932
f 994/1341/940 993/1339/938 1008/1347/945 1009/1348/946
f 987/1342/941 986/1340/939 1001/1349/947 1002/1350/435
f 980/1343/942 964/1210/836 995/1351/948
f 1130/1212/838 994/1341/940 1009/1348/946
f 988/1344/943 987/1342/941 1002/1350/435 1003/1352/949
f 981/1345/944 980/1343/942 995/1351/948 996/1353/950
f 989/1330/930 988/1344/943 1003/1352/949 1004/1354/951
f 982/1346/932 981/1345/944 996/1353/950 997/1355/952
f 990/1331/931 989/1330/930 1004/1354/951 1005/1356/953
f 983/1333/933 982/1332/932 997/1357/952 998/1358/954
f 991/1334/934 990/1331/931 1005/1356/953 1006/1359/955
f 984/1335/935 983/1333/933 998/1358/954 999/1360/956
f 992/1336/936 991/1334/934 1006/1359/955 1007/1361/957
f 985/1337/937 984/1335/935 999/1360/956 1000/1362/958
f 993/1339/938 992/1338/936 1007/1363/957 1008/1347/945
f 986/1340/939 985/1337/937 1000/1362/958 1001/1349/947
f 998/1358/954 997/1357/952 1012/1364/959 1013/1365/960
f 1006/1359/955 1005/1356/953 1020/1366/961 1021/1367/962
f 999/1360/956 998/1358/954 1013/1365/960 1014/1368/963
f 1007/1361/957 1006/1359/955 1021/1367/962 1022/1369/964
f 1000/1362/958 999/1360/956 1014/1368/963 1015/1370/965
f 1008/1371/945 1007/1372/957 1022/1373/964 1023/1374/966
f 1001/1349/947 1000/1362/958 1015/1370/965 1016/1375/967
f 1009/1348/946 1008/1347/945 1023/1376/966 1024/1377/968
f 1002/1350/435 1001/1349/947 1016/1375/967 1017/1378/969
f 995/1351/948 964/1210/836 1010/1379/970
f 1130/1212/838 1009/1348/946 1024/1377/968
f 1003/1352/949 1002/1350/435 1017/1378/969 1018/1380/971
f 996/1353/950 995/1351/948 1010/1379/970 1011/1381/972
f 1004/1354/951 1003/1352/949 1018/1380/971 1019/1382/973
f 997/1355/952 996/1353/950 1011/1381/972 1012/1383/959
f 1005/1356/953 1004/1354/951 1019/1382/973 1020/1366/961
f 1017/1378/969 1016/1375/967 1031/1384/974 1032/1385/975
f 1010/1379/970 964/1210/836 1025/1386/976
f 1130/1212/838 1024/1377/968 1039/1387/977
f 1018/1380/971 1017/1378/969 1032/1385/975 1033/1388/978
f 1011/1381/972 1010/1379/970 1025/1386/976 1026/1389/979
f 1019/1382/973 1018/1380/971 1033/1388/978 1034/1390/980
f 1012/1383/959 1011/1381/972 1026/1389/979 1027/1391/981
f 1020/1366/961 1019/1382/973 1034/1390/980 1035/1392/982
f 1013/1365/960 1012/1364/959 1027/1393/981 1028/1394/983
f 1021/1367/962 1020/1366/961 1035/1392/982 1036/1395/984
f 1014/1368/963 1013/1365/960 1028/1394/983 1029/1396/985
f 1022/1369/964 1021/1367/962 1036/1395/984 1037/1397/986
f 1015/1370/965 1014/1368/963 1029/1396/985 1030/1398/987
f 1023/1374/966 1022/1373/964 1037/1399/986 1038/1400/988
f 1016/1375/967 1015/1370/965 1030/1398/987 1031/1384/974
f 1024/1401/968 1023/1374/966 1038/1400/988 1039/1402/977
f 1036/1395/984 1035/1392/982 1050/1403/989 1051/1404/990
f 1029/1396/985 1028/1394/983 1043/1405/991 1044/1406/992
f 1037/1397/986 1036/1395/984 1051/1404/990 1052/1407/993
f 1030/1398/987 1029/1396/985 1044/1406/992 1045/1408/994
f 1038/1400/988 1037/1399/986 1052/1409/993 1053/1410/995
f 1031/1384/974 1030/1398/987 1045/1408/994 1046/1411/996
f 1039/1402/977 1038/1400/988 1053/1410/995 1054/1412/997
f 1032/1385/975 1031/1384/974 1046/1411/996 1047/1413/998
f 1025/1386/976 964/1210/836 1040/1414/999
f 1130/1415/838 1039/1402/977 1054/1412/997
f 1033/1388/978 1032/1385/975 1047/1413/998 1048/1416/1000
f 1026/1389/979 1025/1386/976 1040/1414/999 1041/1417/1001
f 1034/1390/980 1033/1388/978 1048/1416/1000 1049/1418/1002
f 1027/1391/981 1026/1389/979 1041/1417/1001 1042/1419/1003
f 1035/1392/982 1034/1390/980 1049/1418/1002 1050/1403/989
f 1028/1420/983 1027/1391/981 1042/1419/1003 1043/1421/991
f 1040/1414/999 964/1210/836 1055/1422/1004
f 1130/1415/838 1054/1412/997 1069/1423/1005
f 1048/1416/1000 1047/1413/998 1062/1424/1006 1063/1425/1007
f 1041/1417/1001 1040/1414/999 1055/1422/1004 1056/1426/1008
f 1049/1418/1002 1048/1416/1000 1063/1425/1007 1064/1427/1009
f 1042/1419/1003 1041/1417/1001 1056/1426/1008 1057/1428/1010
f 1050/1403/989 1049/1418/1002 1064/1427/1009 1065/1429/1011
f 1043/1421/991 1042/1419/1003 1057/1428/1010 1058/1430/1012
f 1051/1404/990 1050/1403/989 1065/1429/1011 1066/1431/1013
f 1044/1406/992 1043/1405/991 1058/1432/1012 1059/1433/1014
f 1052/1409/993 1051/1434/990 1066/1435/1013 1067/1436/1015
f 1045/1408/994 1044/1406/992 1059/1433/1014 1060/1437/1016
f 1053/1410/995 1052/1409/993 1067/1436/1015 1068/1438/1017
f 1046/1411/996 1045/1408/994 1060/1437/1016 1061/1439/1018
f 1054/1412/997 1053/1410/995 1068/1438/1017 1069/1423/1005
f 1047/1413/998 1046/1411/996 1061/1439/1018 1062/1424/1006
f 1059/1440/1014 1058/1430/1012 1073/1441/1019 1074/1442/1020
f 1067/1436/1015 1066/1435/1013 1081/1443/1021 1082/1444/1022
f 1060/1437/1016 1059/1433/1014 1074/1445/1020 1075/1446/1023
f 1068/1438/1017 1067/1436/1015 1082/1444/1022 1083/1447/1024
f 1061/1439/1018 1060/1437/1016 1075/1446/1023 1076/1448/1025
f 1069/1423/1005 1068/1438/1017 1083/1447/1024 1084/1449/1026
f 1062/1424/1006 1061/1439/1018 1076/1448/1025 1077/1450/1027
f 1055/1422/1004 964/1210/836 1070/1451/1028
f 1130/1415/838 1069/1423/1005 1084/1449/1026
f 1063/1425/1007 1062/1424/1006 1077/1450/1027 1078/1452/1029
f 1056/1426/1008 1055/1422/1004 1070/1451/1028 1071/1453/1030
f 1064/1427/1009 1063/1425/1007 1078/1452/1029 1079/1454/1031
f 1057/1428/1010 1056/1426/1008 1071/1453/1030 1072/1455/1032
f 1065/1456/1011 1064/1457/1009 1079/1458/1031 1080/1459/1033
f 1058/1430/1012 1057/1428/1010 1072/1455/1032 1073/1441/1019
f 1066/1435/1013 1065/1456/1011 1080/1459/1033 1081/1443/1021
f 1078/1452/1029 1077/1450/1027 1092/1460/1034 1093/1461/1035
f 1071/1453/1030 1070/1451/1028 1085/1462/1036 1086/1463/1037
f 1079/1458/1031 1078/1464/1029 1093/1465/1035 1094/1466/1038
f 1072/1455/1032 1071/1453/1030 1086/1463/1037 1087/1467/1039
f 1080/1459/1033 1079/1458/1031 1094/1466/1038 1095/1468/1040
f 1073/1441/1019 1072/1455/1032 1087/1467/1039 1088/1469/1041
f 1081/1443/1021 1080/1459/1033 1095/1468/1040 1096/1470/1042
f 1074/1442/1020 1073/1441/1019 1088/1469/1041 1089/1471/1043
f 1082/1444/1022 1081/1443/1021 1096/1470/1042 1097/1472/1044
f 1075/1473/1023 1074/1442/1020 1089/1471/1043 1090/1474/1045
f 1083/1447/1024 1082/1444/1022 1097/1472/1044 1098/1475/1046
f 1076/1448/1025 1075/1446/1023 1090/1476/1045 1091/1477/1047
f 1084/1449/1026 1083/1447/1024 1098/1475/1046 1099/1478/1048
f 1077/1450/1027 1076/1448/1025 1091/1477/1047 1092/1460/1034
f 1070/1451/1028 964/1210/836 1085/1462/1036
f 1130/1415/838 1084/1449/1026 1099/1478/1048
f 1097/1472/1044 1096/1470/1042 1111/1479/1049 1112/1480/1050
f 1090/1474/1045 1089/1471/1043 1104/1481/1051 1105/1482/1052
f 1098/1475/1046 1097/1472/1044 1112/1480/1050 1113/1483/1053
f 1091/1484/1047 1090/1474/1045 1105/1482/1052 1106/1485/1054
f 1099/1478/1048 1098/1475/1046 1113/1483/1053 1114/1486/1055
f 1092/1487/1034 1091/1488/1047 1106/1489/1054 1107/1490/1056
f 1085/1462/1036 964/1210/836 1100/1491/1057
f 1130/1415/838 1099/1478/1048 1114/1486/1055
f 1093/1465/1035 1092/1487/1034 1107/1490/1056 1108/1492/1058
f 1086/1463/1037 1085/1462/1036 1100/1491/1057 1101/1493/1059
f 1094/1466/1038 1093/1465/1035 1108/1492/1058 1109/1494/1060
f 1087/1467/1039 1086/1463/1037 1101/1493/1059 1102/1495/1061
f 1095/1468/1040 1094/1466/1038 1109/1494/1060 1110/1496/1062
f 1088/1469/1041 1087/1467/1039 1102/1495/1061 1103/1497/1063
f 1096/1470/1042 1095/1468/1040 1110/1496/1062 1111/1479/1049
f 1089/1471/1043 1088/1469/1041 1103/1497/1063 1104/1481/1051
f 1109/1494/1060 1108/1492/1058 1123/1498/1064 1124/1499/1065
f 1102/1495/1061 1101/1493/1059 1116/1500/1066 1117/1501/1067
f 1110/1496/1062 1109/1494/1060 1124/1499/1065 1125/1502/1068
f 1103/1497/1063 1102/1495/1061 1117/1501/1067 1118/1503/1069
f 1111/1479/1049 1110/1496/1062 1125/1502/1068 1126/1504/1070
f 1104/1481/1051 1103/1497/1063 1118/1503/1069 1119/1505/1071
f 1112/1480/1050 1111/1479/1049 1126/1504/1070 1127/1506/1072
f 1105/1482/1052 1104/1481/1051 1119/1505/1071 1120/1507/1073
f 1113/1483/1053 1112/1480/1050 1127/1506/1072 1128/1508/1074
f 1106/1485/1054 1105/1482/1052 1120/1507/1073 1121/1509/1075
f 1114/1486/1055 1113/1483/1053 1128/1508/1074 1129/1510/1076
f 1107/1490/1056 1106/1489/1054 1121/1511/1075 1122/1512/1077
f 1100/1491/1057 964/1210/836 1115/1513/1078
f 1130/1415/838 1114/1486/1055 1129/1510/1076
f 1108/1492/1058 1107/1490/1056 1122/1512/1077 1123/1498/1064
f 1101/1493/1059 1100/1491/1057 1115/1513/1078 1116/1500/1066
f 1395/1514/1079 1394/1515/1080 1158/1516/1081 1159/1517/1082
f 1142/1518/827 1391/1519/828 1151/1520/1083 1152/1521/830
f 1396/1522/1084 1395/1514/1079 1159/1517/1082 1160/1523/1085
f 1143/1524/1086 1142/1518/827 1152/1521/830 1153/1525/1087
f 1388/1526/1088 1221/1527/836 1146/1528/1089
f 1387/1529/838 1396/1522/1084 1160/1523/1085
f 1144/1530/839 1143/1524/1086 1153/1525/1087 1154/1531/840
f 1389/1532/1090 1388/1526/1088 1146/1528/1089 1147/1533/1091
f 1392/1534/843 1144/1530/839 1154/1531/840 1155/1535/1092
f 1140/1536/1093 1389/1532/1090 1147/1533/1091 1148/1537/846
f 1145/1538/847 1392/1539/843 1155/1540/1092 1156/1541/848
f 1390/1542/849 1140/1543/1093 1148/1544/846 1149/1545/1094
f 1393/1546/851 1145/1538/847 1156/1541/848 1157/1547/1095
f 1141/1548/1096 1390/1542/849 1149/1545/1094 1150/1549/1097
f 1394/1515/1080 1393/1546/851 1157/1547/1095 1158/1516/1081
f 1391/1519/828 1141/1548/1096 1150/1549/1097 1151/1520/1083
f 1158/1516/1081 1157/1547/1095 1172/1550/1098 1173/1551/1099
f 1151/1520/1083 1150/1549/1097 1165/1552/857 1166/1553/858
f 1159/1517/1082 1158/1516/1081 1173/1551/1099 1174/1554/1100
f 1152/1521/830 1151/1520/1083 1166/1553/858 1167/1555/860
f 1160/1523/1085 1159/1517/1082 1174/1554/1100 1175/1556/1101
f 1153/1525/1087 1152/1521/830 1167/1555/860 1168/1557/862
f 1146/1528/1089 1221/1527/836 1161/1558/1102
f 1387/1529/838 1160/1523/1085 1175/1556/1101
f 1154/1531/840 1153/1525/1087 1168/1557/862 1169/1559/864
f 1147/1533/1091 1146/1528/1089 1161/1558/1102 1162/1560/865
f 1155/1535/1092 1154/1531/840 1169/1559/864 1170/1561/1103
f 1148/1537/846 1147/1533/1091 1162/1560/865 1163/1562/1104
f 1156/1541/848 1155/1540/1092 1170/1563/1103 1171/1564/868
f 1149/1545/1094 1148/1544/846 1163/1565/1104 1164/1566/1105
f 1157/1547/1095 1156/1541/848 1171/1564/868 1172/1550/1098
f 1150/1549/1097 1149/1545/1094 1164/1566/1105 1165/1552/857
f 1162/1560/865 1161/1558/1102 1176/1567/1106 1177/1568/1107
f 1170/1561/1103 1169/1559/864 1184/1569/872 1185/1570/873
f 1163/1562/1104 1162/1560/865 1177/1568/1107 1178/1571/1108
f 1171/1564/868 1170/1563/1103 1185/1572/873 1186/1573/875
f 1164/1566/1105 1163/1565/1104 1178/1574/1108 1179/1575/876
f 1172/1550/1098 1171/1564/868 1186/1573/875 1187/1576/1109
f 1165/1552/857 1164/1566/1105 1179/1575/876 1180/1577/878
f 1173/1551/1099 1172/1550/1098 1187/1576/1109 1188/1578/879
f 1166/1553/858 1165/1552/857 1180/1577/878 1181/1579/880
f 1174/1554/1100 1173/1551/1099 1188/1578/879 1189/1580/1110
f 1167/1555/860 1166/1553/858 1181/1579/880 1182/1581/1111
f 1175/1556/1101 1174/1554/1100 1189/1580/1110 1190/1582/1112
f 1168/1557/862 1167/1555/860 1182/1581/1111 1183/1583/884
f 1161/1558/1102 1221/1527/836 1176/1567/1106
f 1387/1529/838 1175/1556/1101 1190/1582/1112
f 1169/1559/864 1168/1557/862 1183/1583/884 1184/1569/872
f 1181/1584/880 1180/1585/878 1195/1586/885 1196/1587/886
f 1189/1580/1110 1188/1578/879 1203/1588/1113 1204/1589/1114
f 1182/1590/1111 1181/1584/880 1196/1587/886 1197/1591/889
f 1190/1582/1112 1189/1580/1110 1204/1589/1114 1205/1592/1115
f 1183/1593/884 1182/1590/1111 1197/1591/889 1198/1594/1116
f 1176/1567/1106 1221/1527/836 1191/1595/1117
f 1387/1529/838 1190/1582/1112 1205/1592/1115
f 1184/1596/872 1183/1593/884 1198/1594/1116 1199/1597/893
f 1177/1568/1107 1176/1567/1106 1191/1595/1117 1192/1598/1118
f 1185/1599/873 1184/1596/872 1199/1597/893 1200/1600/895
f 1178/1571/1108 1177/1568/1107 1192/1598/1118 1193/1601/1119
f 1186/1602/875 1185/1599/873 1200/1600/895 1201/1603/897
f 1179/1575/876 1178/1574/1108 1193/1604/1119 1194/1605/898
f 1187/1576/1109 1186/1573/875 1201/1606/897 1202/1607/899
f 1180/1585/878 1179/1608/876 1194/1609/898 1195/1586/885
f 1188/1578/879 1187/1576/1109 1202/1607/899 1203/1588/1113
f 1200/1600/895 1199/1597/893 1214/1610/1120 1215/1611/1121
f 1193/1601/1119 1192/1598/1118 1207/1612/1122 1208/1613/1123
f 1201/1603/897 1200/1600/895 1215/1611/1121 1216/1614/1124
f 1194/1609/898 1193/1615/1119 1208/1616/1123 1209/1617/905
f 1202/1618/899 1201/1603/897 1216/1614/1124 1217/1619/906
f 1195/1586/885 1194/1609/898 1209/1617/905 1210/1620/1125
f 1203/1588/1113 1202/1607/899 1217/1621/906 1218/1622/1126
f 1196/1587/886 1195/1586/885 1210/1620/1125 1211/1623/909
f 1204/1589/1114 1203/1588/1113 1218/1622/1126 1219/1624/1127
f 1197/1591/889 1196/1587/886 1211/1623/909 1212/1625/911
f 1205/1592/1115 1204/1589/1114 1219/1624/1127 1220/1626/1128
f 1198/1594/1116 1197/1591/889 1212/1625/911 1213/1627/913
f 1191/1595/1117 1221/1527/836 1206/1628/1129
f 1387/1529/838 1205/1592/1115 1220/1626/1128
f 1199/1597/893 1198/1594/1116 1213/1627/913 1214/1610/1120
f 1192/1598/1118 1191/1595/1117 1206/1628/1129 1207/1612/1122
f 1219/1624/1127 1218/1622/1126 1234/1629/1130 1235/1630/1131
f 1212/1625/911 1211/1623/909 1227/1631/917 1228/1632/918
f 1220/1626/1128 1219/1624/1127 1235/1630/1131 1236/1633/919
f 1213/1627/913 1212/1625/911 1228/1632/918 1229/1634/920
f 1206/1628/1129 1221/1527/836 1222/1635/1132
f 1387/1529/838 1220/1626/1128 1236/1633/919
f 1214/1610/1120 1213/1627/913 1229/1634/920 1230/1636/922
f 1207/1612/1122 1206/1628/1129 1222/1635/1132 1223/1637/923
f 1215/1611/1121 1214/1610/1120 1230/1636/922 1231/1638/1133
f 1208/1613/1123 1207/1612/1122 1223/1637/923 1224/1639/1134
f 1216/1614/1124 1215/1611/1121 1231/1638/1133 1232/1640/926
f 1209/1617/905 1208/1616/1123 1224/1641/1134 1225/1642/927
f 1217/1619/906 1216/1614/1124 1232/1640/926 1233/1643/1135
f 1210/1620/1125 1209/1617/905 1225/1642/927 1226/1644/929
f 1218/1645/1126 1217/1619/906 1233/1643/1135 1234/1646/1130
f 1211/1623/909 1210/1620/1125 1226/1644/929 1227/1631/917
f 1232/1640/926 1231/1638/1133 1246/1647/930 1247/1648/931
f 1225/1642/927 1224/1641/1134 1239/1649/932 1240/1650/933
f 1233/1643/1135 1232/1640/926 1247/1648/931 1248/1651/934
f 1226/1644/929 1225/1642/927 1240/1650/933 1241/1652/935
f 1234/1646/1130 1233/1643/1135 1248/1651/934 1249/1653/936
f 1227/1631/917 1226/1644/929 1241/1652/935 1242/1654/937
f 1235/1630/1131 1234/1629/1130 1249/1655/936 1250/1656/938
f 1228/1632/918 1227/1631/917 1242/1654/937 1243/1657/939
f 1236/1633/919 1235/1630/1131 1250/1656/938 1251/1658/1136
f 1229/1634/920 1228/1632/918 1243/1657/939 1244/1659/941
f 1222/1635/1132 1221/1527/836 1237/1660/1137
f 1387/1529/838 1236/1633/919 1251/1658/1136
f 1230/1636/922 1229/1634/920 1244/1659/941 1245/1661/943
f 1223/1637/923 1222/1635/1132 1237/1660/1137 1238/1662/944
f 1231/1638/1133 1230/1636/922 1245/1661/943 1246/1647/930
f 1224/1639/1134 1223/1637/923 1238/1662/944 1239/1663/932
f 1251/1658/1136 1250/1656/938 1265/1664/945 1266/1665/1138
f 1244/1659/941 1243/1657/939 1258/1666/947 1259/1667/435
f 1237/1660/1137 1221/1527/836 1252/1668/948
f 1387/1529/838 1251/1658/1136 1266/1665/1138
f 1245/1661/943 1244/1659/941 1259/1667/435 1260/1669/949
f 1238/1662/944 1237/1660/1137 1252/1668/948 1253/1670/950
f 1246/1647/930 1245/1661/943 1260/1669/949 1261/1671/951
f 1239/1663/932 1238/1662/944 1253/1670/950 1254/1672/952
f 1247/1648/931 1246/1647/930 1261/1671/951 1262/1673/953
f 1240/1650/933 1239/1649/932 1254/1674/952 1255/1675/954
f 1248/1651/934 1247/1648/931 1262/1673/953 1263/1676/955
f 1241/1652/935 1240/1650/933 1255/1675/954 1256/1677/956
f 1249/1653/936 1248/1651/934 1263/1676/955 1264/1678/957
f 1242/1654/937 1241/1652/935 1256/1677/956 1257/1679/958
f 1250/1656/938 1249/1655/936 1264/1680/957 1265/1664/945
f 1243/1657/939 1242/1654/937 1257/1679/958 1258/1666/947
f 1255/1675/954 1254/1674/952 1269/1681/1139 1270/1682/960
f 1263/1676/955 1262/1673/953 1277/1683/961 1278/1684/962
f 1256/1677/956 1255/1675/954 1270/1682/960 1271/1685/963
f 1264/1678/957 1263/1676/955 1278/1684/962 1279/1686/964
f 1257/1679/958 1256/1677/956 1271/1685/963 1272/1687/965
f 1265/1688/945 1264/1689/957 1279/1690/964 1280/1691/1140
f 1258/1666/947 1257/1679/958 1272/1687/965 1273/1692/967
f 1266/1665/1138 1265/1664/945 1280/1693/1140 1281/1694/1141
f 1259/1667/435 1258/1666/947 1273/1692/967 1274/1695/969
f 1252/1668/948 1221/1527/836 1267/1696/970
f 1387/1529/838 1266/1665/1138 1281/1694/1141
f 1260/1669/949 1259/1667/435 1274/1695/969 1275/1697/971
f 1253/1670/950 1252/1668/948 1267/1696/970 1268/1698/1142
f 1261/1671/951 1260/1669/949 1275/1697/971 1276/1699/973
f 1254/1672/952 1253/1670/950 1268/1698/1142 1269/1700/1139
f 1262/1673/953 1261/1671/951 1276/1699/973 1277/1683/961
f 1274/1695/969 1273/1692/967 1288/1701/1143 1289/1702/975
f 1267/1696/970 1221/1527/836 1282/1703/1144
f 1387/1529/838 1281/1694/1141 1296/1704/1145
f 1275/1697/971 1274/1695/969 1289/1702/975 1290/1705/978
f 1268/1698/1142 1267/1696/970 1282/1703/1144 1283/1706/1146
f 1276/1699/973 1275/1697/971 1290/1705/978 1291/1707/980
f 1269/1700/1139 1268/1698/1142 1283/1706/1146 1284/1708/981
f 1277/1683/961 1276/1699/973 1291/1707/980 1292/1709/982
f 1270/1682/960 1269/1681/1139 1284/1710/981 1285/1711/983
f 1278/1684/962 1277/1683/961 1292/1709/982 1293/1712/984
f 1271/1685/963 1270/1682/960 1285/1711/983 1286/1713/1147
f 1279/1686/964 1278/1684/962 1293/1712/984 1294/1714/986
f 1272/1687/965 1271/1685/963 1286/1713/1147 1287/1715/987
f 1280/1691/1140 1279/1690/964 1294/1716/986 1295/1717/1148
f 1273/1692/967 1272/1687/965 1287/1715/987 1288/1701/1143
f 1281/1718/1141 1280/1691/1140 1295/1717/1148 1296/1719/1145
f 1293/1712/984 1292/1709/982 1307/1720/989 1308/1721/990
f 1286/1713/1147 1285/1711/983 1300/1722/991 1301/1723/1149
f 1294/1714/986 1293/1712/984 1308/1721/990 1309/1724/993
f 1287/1715/987 1286/1713/1147 1301/1723/1149 1302/1725/1150
f 1295/1717/1148 1294/1716/986 1309/1726/993 1310/1727/995
f 1288/1701/1143 1287/1715/987 1302/1725/1150 1303/1728/996
f 1296/1719/1145 1295/1717/1148 1310/1727/995 1311/1729/1151
f 1289/1702/975 1288/1701/1143 1303/1728/996 1304/1730/1152
f 1282/1703/1144 1221/1527/836 1297/1731/1153
f 1387/1732/838 1296/1719/1145 1311/1729/1151
f 1290/1705/978 1289/1702/975 1304/1730/1152 1305/1733/1000
f 1283/1706/1146 1282/1703/1144 1297/1731/1153 1298/1734/1154
f 1291/1707/980 1290/1705/978 1305/1733/1000 1306/1735/1002
f 1284/1708/981 1283/1706/1146 1298/1734/1154 1299/1736/1003
f 1292/1709/982 1291/1707/980 1306/1735/1002 1307/1720/989
f 1285/1737/983 1284/1708/981 1299/1736/1003 1300/1738/991
f 1297/1731/1153 1221/1527/836 1312/1739/1155
f 1387/1732/838 1311/1729/1151 1326/1740/1005
f 1305/1733/1000 1304/1730/1152 1319/1741/1006 1320/1742/1007
f 1298/1734/1154 1297/1731/1153 1312/1739/1155 1313/1743/1156
f 1306/1735/1002 1305/1733/1000 1320/1742/1007 1321/1744/1009
f 1299/1736/1003 1298/1734/1154 1313/1743/1156 1314/1745/1010
f 1307/1720/989 1306/1735/1002 1321/1744/1009 1322/1746/1157
f 1300/1738/991 1299/1736/1003 1314/1745/1010 1315/1747/1012
f 1308/1721/990 1307/1720/989 1322/1746/1157 1323/1748/1013
f 1301/1723/1149 1300/1722/991 1315/1749/1012 1316/1750/1158
f 1309/1726/993 1308/1751/990 1323/1752/1013 1324/1753/1015
f 1302/1725/1150 1301/1723/1149 1316/1750/1158 1317/1754/1016
f 1310/1727/995 1309/1726/993 1324/1753/1015 1325/1755/1017
f 1303/1728/996 1302/1725/1150 1317/1754/1016 1318/1756/1018
f 1311/1729/1151 1310/1727/995 1325/1755/1017 1326/1740/1005
f 1304/1730/1152 1303/1728/996 1318/1756/1018 1319/1741/1006
f 1316/1757/1158 1315/1747/1012 1330/1758/1019 1331/1759/1159
f 1324/1753/1015 1323/1752/1013 1338/1760/1021 1339/1761/1022
f 1317/1754/1016 1316/1750/1158 1331/1762/1159 1332/1763/1023
f 1325/1755/1017 1324/1753/1015 1339/1761/1022 1340/1764/1160
f 1318/1756/1018 1317/1754/1016 1332/1763/1023 1333/1765/1025
f 1326/1740/1005 1325/1755/1017 1340/1764/1160 1341/1766/1161
f 1319/1741/1006 1318/1756/1018 1333/1765/1025 1334/1767/1162
f 1312/1739/1155 1221/1527/836 1327/1768/1163
f 1387/1732/838 1326/1740/1005 1341/1766/1161
f 1320/1742/1007 1319/1741/1006 1334/1767/1162 1335/1769/1164
f 1313/1743/1156 1312/1739/1155 1327/1768/1163 1328/1770/1030
f 1321/1744/1009 1320/1742/1007 1335/1769/1164 1336/1771/1031
f 1314/1745/1010 1313/1743/1156 1328/1770/1030 1329/1772/1032
f 1322/1773/1157 1321/1774/1009 1336/1775/1031 1337/1776/1033
f 1315/1747/1012 1314/1745/1010 1329/1772/1032 1330/1758/1019
f 1323/1752/1013 1322/1773/1157 1337/1776/1033 1338/1760/1021
f 1335/1769/1164 1334/1767/1162 1349/1777/1034 1350/1778/1035
f 1328/1770/1030 1327/1768/1163 1342/1779/1036 1343/1780/1037
f 1336/1775/1031 1335/1781/1164 1350/1782/1035 1351/1783/1038
f 1329/1772/1032 1328/1770/1030 1343/1780/1037 1344/1784/1039
f 1337/1776/1033 1336/1775/1031 1351/1783/1038 1352/1785/1040
f 1330/1758/1019 1329/1772/1032 1344/1784/1039 1345/1786/1041
f 1338/1760/1021 1337/1776/1033 1352/1785/1040 1353/1787/1165
f 1331/1759/1159 1330/1758/1019 1345/1786/1041 1346/1788/1166
f 1339/1761/1022 1338/1760/1021 1353/1787/1165 1354/1789/1044
f 1332/1790/1023 1331/1759/1159 1346/1788/1166 1347/1791/1167
f 1340/1764/1160 1339/1761/1022 1354/1789/1044 1355/1792/1046
f 1333/1765/1025 1332/1763/1023 1347/1793/1167 1348/1794/1168
f 1341/1766/1161 1340/1764/1160 1355/1792/1046 1356/1795/1169
f 1334/1767/1162 1333/1765/1025 1348/1794/1168 1349/1777/1034
f 1327/1768/1163 1221/1527/836 1342/1779/1036
f 1387/1732/838 1341/1766/1161 1356/1795/1169
f 1354/1789/1044 1353/1787/1165 1368/1796/1049 1369/1797/1050
f 1347/1791/1167 1346/1788/1166 1361/1798/1051 1362/1799/1170
f 1355/1792/1046 1354/1789/1044 1369/1797/1050 1370/1800/1171
f 1348/1801/1168 1347/1791/1167 1362/1799/1170 1363/1802/1054
f 1356/1795/1169 1355/1792/1046 1370/1800/1171 1371/1803/1172
f 1349/1804/1034 1348/1805/1168 1363/1806/1054 1364/1807/1173
f 1342/1779/1036 1221/1527/836 1357/1808/1174
f 1387/1732/838 1356/1795/1169 1371/1803/1172
f 1350/1782/1035 1349/1804/1034 1364/1807/1173 1365/1809/1058
f 1343/1780/1037 1342/1779/1036 1357/1808/1174 1358/1810/1175
f 1351/1783/1038 1350/1782/1035 1365/1809/1058 1366/1811/1176
f 1344/1784/1039 1343/1780/1037 1358/1810/1175 1359/1812/1177
f 1352/1785/1040 1351/1783/1038 1366/1811/1176 1367/1813/1062
f 1345/1786/1041 1344/1784/1039 1359/1812/1177 1360/1814/1178
f 1353/1787/1165 1352/1785/1040 1367/1813/1062 1368/1796/1049
f 1346/1788/1166 1345/1786/1041 1360/1814/1178 1361/1798/1051
f 1366/1811/1176 1365/1809/1058 1380/1815/1179 1381/1816/1065
f 1359/1812/1177 1358/1810/1175 1373/1817/1180 1374/1818/1181
f 1367/1813/1062 1366/1811/1176 1381/1816/1065 1382/1819/1068
f 1360/1814/1178 1359/1812/1177 1374/1818/1181 1375/1820/1182
f 1368/1796/1049 1367/1813/1062 1382/1819/1068 1383/1821/1070
f 1361/1798/1051 1360/1814/1178 1375/1820/1182 1376/1822/1183
f 1369/1797/1050 1368/1796/1049 1383/1821/1070 1384/1823/1072
f 1362/1799/1170 1361/1798/1051 1376/1822/1183 1377/1824/1184
f 1370/1800/1171 1369/1797/1050 1384/1823/1072 1385/1825/1185
f 1363/1802/1054 1362/1799/1170 1377/1824/1184 1378/1826/1186
f 1371/1803/1172 1370/1800/1171 1385/1825/1185 1386/1827/1187
f 1364/1807/1173 1363/1806/1054 1378/1828/1186 1379/1829/1188
f 1357/1808/1174 1221/1527/836 1372/1830/1189
f 1387/1732/838 1371/1803/1172 1386/1827/1187
f 1365/1809/1058 1364/1807/1173 1379/1829/1188 1380/1815/1179
f 1358/1810/1175 1357/1808/1174 1372/1830/1189 1373/1817/1180
f 1652/1831/1190 1651/1832/1191 1415/1833/1192 1416/1834/1193
f 1399/1835/1194 1648/1836/1195 1408/1837/1196 1409/1838/1197
f 1653/1839/1198 1652/1831/1190 1416/1834/1193 1417/1840/1199
f 1400/1841/1200 1399/1835/1194 1409/1838/1197 1410/1842/1201
f 1645/1843/1202 1478/1844/1203 1403/1845/1204
f 1644/1846/1205 1653/1839/1198 1417/1840/1199
f 1401/1847/1206 1400/1841/1200 1410/1842/1201 1411/1848/1207
f 1646/1849/1208 1645/1843/1202 1403/1845/1204 1404/1850/1209
f 1649/1851/1210 1401/1847/1206 1411/1848/1207 1412/1852/1211
f 1397/1853/1212 1646/1849/1208 1404/1850/1209 1405/1854/1213
f 1402/1855/1214 1649/1856/1210 1412/1857/1211 1413/1858/1215
f 1647/1859/1216 1397/1853/1212 1405/1854/1213 1406/1860/1217
f 1650/1861/1218 1402/1855/1214 1413/1858/1215 1414/1862/1219
f 1398/1863/1220 1647/1859/1216 1406/1860/1217 1407/1864/1221
f 1651/1832/1191 1650/1861/1218 1414/1862/1219 1415/1833/1192
f 1648/1836/1195 1398/1863/1220 1407/1864/1221 1408/1837/1196
f 1415/1833/1192 1414/1862/1219 1429/1865/1222 1430/1866/1223
f 1408/1837/1196 1407/1864/1221 1422/1867/1224 1423/1868/1225
f 1416/1834/1193 1415/1833/1192 1430/1866/1223 1431/1869/1226
f 1409/1838/1197 1408/1837/1196 1423/1868/1225 1424/1870/1227
f 1417/1840/1199 1416/1834/1193 1431/1869/1226 1432/1871/1228
f 1410/1842/1201 1409/1838/1197 1424/1870/1227 1425/1872/1229
f 1403/1845/1204 1478/1844/1203 1418/1873/1230
f 1644/1846/1205 1417/1840/1199 1432/1871/1228
f 1411/1848/1207 1410/1842/1201 1425/1872/1229 1426/1874/1231
f 1404/1850/1209 1403/1845/1204 1418/1873/1230 1419/1875/1232
f 1412/1852/1211 1411/1848/1207 1426/1874/1231 1427/1876/1233
f 1405/1854/1213 1404/1850/1209 1419/1875/1232 1420/1877/1234
f 1413/1858/1215 1412/1857/1211 1427/1878/1233 1428/1879/1235
f 1406/1860/1217 1405/1854/1213 1420/1877/1234 1421/1880/1236
f 1414/1862/1219 1413/1858/1215 1428/1879/1235 1429/1865/1222
f 1407/1864/1221 1406/1860/1217 1421/1880/1236 1422/1867/1224
f 1419/1875/1232 1418/1873/1230 1433/1881/1237 1434/1882/1238
f 1427/1876/1233 1426/1874/1231 1441/1883/1239 1442/1884/1240
f 1420/1877/1234 1419/1875/1232 1434/1882/1238 1435/1885/1241
f 1428/1879/1235 1427/1878/1233 1442/1886/1240 1443/1887/1242
f 1421/1880/1236 1420/1877/1234 1435/1885/1241 1436/1888/1243
f 1429/1865/1222 1428/1879/1235 1443/1887/1242 1444/1889/1244
f 1422/1867/1224 1421/1880/1236 1436/1888/1243 1437/1890/1245
f 1430/1866/1223 1429/1865/1222 1444/1889/1244 1445/1891/1246
f 1423/1868/1225 1422/1867/1224 1437/1890/1245 1438/1892/1247
f 1431/1869/1226 1430/1866/1223 1445/1891/1246 1446/1893/1248
f 1424/1870/1227 1423/1868/1225 1438/1892/1247 1439/1894/1249
f 1432/1871/1228 1431/1869/1226 1446/1893/1248 1447/1895/1250
f 1425/1872/1229 1424/1870/1227 1439/1894/1249 1440/1896/1251
f 1418/1873/1230 1478/1844/1203 1433/1881/1237
f 1644/1846/1205 1432/1871/1228 1447/1895/1250
f 1426/1874/1231 1425/1872/1229 1440/1896/1251 1441/1883/1239
f 1438/1892/1247 1437/1890/1245 1452/1897/1252 1453/1898/1253
f 1446/1893/1248 1445/1891/1246 1460/1899/1254 1461/1900/1255
f 1439/1901/1249 1438/1902/1247 1453/1903/1253 1454/1904/1256
f 1447/1895/1250 1446/1893/1248 1461/1900/1255 1462/1905/1257
f 1440/1906/1251 1439/1901/1249 1454/1904/1256 1455/1907/1258
f 1433/1881/1237 1478/1844/1203 1448/1908/1259
f 1644/1846/1205 1447/1895/1250 1462/1905/1257
f 1441/1909/1239 1440/1906/1251 1455/1907/1258 1456/1910/1260
f 1434/1882/1238 1433/1881/1237 1448/1908/1259 1449/1911/1261
f 1442/1912/1240 1441/1909/1239 1456/1910/1260 1457/1913/1262
f 1435/1885/1241 1434/1882/1238 1449/1911/1261 1450/1914/1263
f 1443/1915/1242 1442/1912/1240 1457/1913/1262 1458/1916/1264
f 1436/1888/1243 1435/1885/1241 1450/1914/1263 1451/1917/1265
f 1444/1889/1244 1443/1887/1242 1458/1918/1264 1459/1919/1266
f 1437/1890/1245 1436/1888/1243 1451/1917/1265 1452/1897/1252
f 1445/1891/1246 1444/1889/1244 1459/1919/1266 1460/1899/1254
f 1457/1913/1262 1456/1910/1260 1471/1920/1267 1472/1921/1268
f 1450/1914/1263 1449/1911/1261 1464/1922/1269 1465/1923/1270
f 1458/1916/1264 1457/1913/1262 1472/1921/1268 1473/1924/1271
f 1451/1917/1265 1450/1914/1263 1465/1923/1270 1466/1925/1272
f 1459/1926/1266 1458/1916/1264 1473/1924/1271 1474/1927/1273
f 1452/1928/1252 1451/1929/1265 1466/1930/1272 1467/1931/1274
f 1460/1899/1254 1459/1919/1266 1474/1932/1273 1475/1933/1275
f 1453/1903/1253 1452/1928/1252 1467/1931/1274 1468/1934/1276
f 1461/1900/1255 1460/1899/1254 1475/1933/1275 1476/1935/1277
f 1454/1904/1256 1453/1903/1253 1468/1934/1276 1469/1936/1278
f 1462/1905/1257 1461/1900/1255 1476/1935/1277 1477/1937/1279
f 1455/1907/1258 1454/1904/1256 1469/1936/1278 1470/1938/1280
f 1448/1908/1259 1478/1844/1203 1463/1939/1281
f 1644/1846/1205 1462/1905/1257 1477/1937/1279
f 1456/1910/1260 1455/1907/1258 1470/1938/1280 1471/1920/1267
f 1449/1911/1261 1448/1908/1259 1463/1939/1281 1464/1922/1269
f 1476/1935/1277 1475/1933/1275 1491/1940/1282 1492/1941/1283
f 1469/1936/1278 1468/1934/1276 1484/1942/1284 1485/1943/1285
f 1477/1937/1279 1476/1935/1277 1492/1941/1283 1493/1944/1286
f 1470/1938/1280 1469/1936/1278 1485/1943/1285 1486/1945/1287
f 1463/1946/1281 1478/1947/1203 1479/1948/1288
f 1644/1846/1205 1477/1937/1279 1493/1944/1286
f 1471/1920/1267 1470/1938/1280 1486/1945/1287 1487/1949/1289
f 1464/1922/1269 1463/1939/1281 1479/1950/1288 1480/1951/1290
f 1472/1921/1268 1471/1920/1267 1487/1949/1289 1488/1952/1291
f 1465/1953/1270 1464/1954/1269 1480/1955/1290 1481/1956/1292
f 1473/1924/1271 1472/1921/1268 1488/1952/1291 1489/1957/1293
f 1466/1930/1272 1465/1953/1270 1481/1956/1292 1482/1958/1294
f 1474/1927/1273 1473/1924/1271 1489/1957/1293 1490/1959/1295
f 1467/1931/1274 1466/1930/1272 1482/1958/1294 1483/1960/1296
f 1475/1961/1275 1474/1927/1273 1490/1959/1295 1491/1962/1282
f 1468/1934/1276 1467/1931/1274 1483/1960/1296 1484/1942/1284
f 1489/1957/1293 1488/1952/1291 1503/1963/1297 1504/1964/1298
f 1482/1958/1294 1481/1956/1292 1496/1965/1299 1497/1966/1300
f 1490/1959/1295 1489/1957/1293 1504/1964/1298 1505/1967/1301
f 1483/1960/1296 1482/1958/1294 1497/1966/1300 1498/1968/1302
f 1491/1962/1282 1490/1959/1295 1505/1967/1301 1506/1969/1303
f 1484/1942/1284 1483/1960/1296 1498/1968/1302 1499/1970/1304
f 1492/1941/1283 1491/1940/1282 1506/1971/1303 1507/1972/1305
f 1485/1943/1285 1484/1942/1284 1499/1970/1304 1500/1973/1306
f 1493/1944/1286 1492/1941/1283 1507/1972/1305 1508/1974/1307
f 1486/1945/1287 1485/1943/1285 1500/1973/1306 1501/1975/1308
f 1479/1948/1288 1478/1947/1203 1494/1976/1309
f 1644/1846/1205 1493/1944/1286 1508/1974/1307
f 1487/1949/1289 1486/1945/1287 1501/1975/1308 1502/1977/1310
f 1480/1951/1290 1479/1950/1288 1494/1978/1309 1495/1979/1311
f 1488/1952/1291 1487/1949/1289 1502/1977/1310 1503/1963/1297
f 1481/1956/1292 1480/1955/1290 1495/1980/1311 1496/1965/1299
f 1508/1974/1307 1507/1972/1305 1522/1981/1312 1523/1982/1313
f 1501/1975/1308 1500/1973/1306 1515/1983/1314 1516/1984/435
f 1494/1976/1309 1478/1947/1203 1509/1985/1315
f 1644/1846/1205 1508/1974/1307 1523/1982/1313
f 1502/1977/1310 1501/1975/1308 1516/1984/435 1517/1986/1316
f 1495/1987/1311 1494/1976/1309 1509/1985/1315 1510/1988/1317
f 1503/1963/1297 1502/1977/1310 1517/1986/1316 1518/1989/1318
f 1496/1965/1299 1495/1980/1311 1510/1990/1317 1511/1991/1319
f 1504/1964/1298 1503/1963/1297 1518/1989/1318 1519/1992/1320
f 1497/1966/1300 1496/1965/1299 1511/1991/1319 1512/1993/1321
f 1505/1967/1301 1504/1964/1298 1519/1992/1320 1520/1994/1322
f 1498/1968/1302 1497/1966/1300 1512/1993/1321 1513/1995/1323
f 1506/1969/1303 1505/1967/1301 1520/1994/1322 1521/1996/1324
f 1499/1970/1304 1498/1968/1302 1513/1995/1323 1514/1997/1325
f 1507/1972/1305 1506/1971/1303 1521/1998/1324 1522/1981/1312
f 1500/1973/1306 1499/1970/1304 1514/1997/1325 1515/1983/1314
f 1512/1993/1321 1511/1991/1319 1526/1999/1326 1527/2000/1327
f 1520/1994/1322 1519/1992/1320 1534/2001/1328 1535/2002/1329
f 1513/1995/1323 1512/1993/1321 1527/2000/1327 1528/2003/1330
f 1521/1996/1324 1520/1994/1322 1535/2002/1329 1536/2004/1331
f 1514/1997/1325 1513/1995/1323 1528/2003/1330 1529/2005/1332
f 1522/1981/1312 1521/1998/1324 1536/2006/1331 1537/2007/1333
f 1515/1983/1314 1514/1997/1325 1529/2005/1332 1530/2008/1334
f 1523/1982/1313 1522/1981/1312 1537/2007/1333 1538/2009/1335
f 1516/1984/435 1515/1983/1314 1530/2008/1334 1531/2010/1336
f 1509/1985/1315 1478/1947/1203 1524/2011/1337
f 1644/1846/1205 1523/1982/1313 1538/2009/1335
f 1517/1986/1316 1516/1984/435 1531/2010/1336 1532/2012/1338
f 1510/1988/1317 1509/1985/1315 1524/2011/1337 1525/2013/1339
f 1518/1989/1318 1517/1986/1316 1532/2012/1338 1533/2014/1340
f 1511/1991/1319 1510/1990/1317 1525/2015/1339 1526/1999/1326
f 1519/1992/1320 1518/1989/1318 1533/2014/1340 1534/2001/1328
f 1531/2010/1336 1530/2008/1334 1545/2016/1341 1546/2017/1342
f 1524/2011/1337 1478/1947/1203 1539/2018/1343
f 1644/1846/1205 1538/2009/1335 1553/2019/1344
f 1532/2012/1338 1531/2010/1336 1546/2017/1342 1547/2020/1345
f 1525/2013/1339 1524/2011/1337 1539/2018/1343 1540/2021/1346
f 1533/2014/1340 1532/2012/1338 1547/2020/1345 1548/2022/1347
f 1526/1999/1326 1525/2015/1339 1540/2023/1346 1541/2024/1348
f 1534/2001/1328 1533/2014/1340 1548/2022/1347 1549/2025/1349
f 1527/2000/1327 1526/1999/1326 1541/2024/1348 1542/2026/1350
f 1535/2002/1329 1534/2001/1328 1549/2025/1349 1550/2027/1351
f 1528/2003/1330 1527/2000/1327 1542/2026/1350 1543/2028/1352
f 1536/2004/1331 1535/2002/1329 1550/2027/1351 1551/2029/1353
f 1529/2005/1332 1528/2003/1330 1543/2028/1352 1544/2030/1354
f 1537/2007/1333 1536/2006/1331 1551/2031/1353 1552/2032/1355
f 1530/2008/1334 1529/2005/1332 1544/2030/1354 1545/2016/1341
f 1538/2009/1335 1537/2007/1333 1552/2032/1355 1553/2019/1344
f 1550/2027/1351 1549/2025/1349 1564/2033/1356 1565/2034/1357
f 1543/2028/1352 1542/2026/1350 1557/2035/1358 1558/2036/1359
f 1551/2029/1353 1550/2027/1351 1565/2034/1357 1566/2037/1360
f 1544/2030/1354 1543/2028/1352 1558/2036/1359 1559/2038/1361
f 1552/2032/1355 1551/2031/1353 1566/2039/1360 1567/2040/1362
f 1545/2016/1341 1544/2030/1354 1559/2038/1361 1560/2041/1363
f 1553/2019/1344 1552/2032/1355 1567/2040/1362 1568/2042/1364
f 1546/2017/1342 1545/2016/1341 1560/2041/1363 1561/2043/1365
f 1539/2018/1343 1478/1947/1203 1554/2044/1366
f 1644/1846/1205 1553/2019/1344 1568/2042/1364
f 1547/2020/1345 1546/2017/1342 1561/2043/1365 1562/2045/1367
f 1540/2021/1346 1539/2018/1343 1554/2044/1366 1555/2046/1368
f 1548/2022/1347 1547/2020/1345 1562/2045/1367 1563/2047/1369
f 1541/2048/1348 1540/2021/1346 1555/2046/1368 1556/2049/1370
f 1549/2025/1349 1548/2022/1347 1563/2047/1369 1564/2033/1356
f 1542/2026/1350 1541/2024/1348 1556/2050/1370 1557/2035/1358
f 1554/2044/1366 1478/1947/1203 1569/2051/1371
f 1644/1846/1205 1568/2042/1364 1583/2052/1372
f 1562/2045/1367 1561/2043/1365 1576/2053/1373 1577/2054/1374
f 1555/2046/1368 1554/2044/1366 1569/2051/1371 1570/2055/1375
f 1563/2047/1369 1562/2045/1367 1577/2054/1374 1578/2056/1376
f 1556/2049/1370 1555/2046/1368 1570/2055/1375 1571/2057/1377
f 1564/2033/1356 1563/2047/1369 1578/2056/1376 1579/2058/1378
f 1557/2059/1358 1556/2049/1370 1571/2057/1377 1572/2060/1379
f 1565/2034/1357 1564/2033/1356 1579/2058/1378 1580/2061/1380
f 1558/2036/1359 1557/2035/1358 1572/2062/1379 1573/2063/1381
f 1566/2064/1360 1565/2065/1357 1580/2066/1380 1581/2067/1382
f 1559/2038/1361 1558/2036/1359 1573/2063/1381 1574/2068/1383
f 1567/2069/1362 1566/2064/1360 1581/2067/1382 1582/2070/1384
f 1560/2041/1363 1559/2038/1361 1574/2068/1383 1575/2071/1385
f 1568/2042/1364 1567/2040/1362 1582/2072/1384 1583/2052/1372
f 1561/2043/1365 1560/2041/1363 1575/2071/1385 1576/2053/1373
f 1573/2073/1381 1572/2060/1379 1587/2074/1386 1588/2075/1387
f 1581/2067/1382 1580/2066/1380 1595/2076/1388 1596/2077/1389
f 1574/2078/1383 1573/2073/1381 1588/2075/1387 1589/2079/1390
f 1582/2070/1384 1581/2067/1382 1596/2077/1389 1597/2080/1391
f 1575/2071/1385 1574/2068/1383 1589/2081/1390 1590/2082/1392
f 1583/2052/1372 1582/2072/1384 1597/2083/1391 1598/2084/1393
f 1576/2053/1373 1575/2071/1385 1590/2082/1392 1591/2085/1394
f 1569/2051/1371 1478/1947/1203 1584/2086/1395
f 1644/1846/1205 1583/2052/1372 1598/2084/1393
f 1577/2054/1374 1576/2053/1373 1591/2085/1394 1592/2087/1396
f 1570/2055/1375 1569/2051/1371 1584/2086/1395 1585/2088/1397
f 1578/2056/1376 1577/2054/1374 1592/2087/1396 1593/2089/1398
f 1571/2057/1377 1570/2055/1375 1585/2088/1397 1586/2090/1399
f 1579/2058/1378 1578/2056/1376 1593/2089/1398 1594/2091/1400
f 1572/2060/1379 1571/2057/1377 1586/2090/1399 1587/2074/1386
f 1580/2066/1380 1579/2092/1378 1594/2093/1400 1595/2076/1388
f 1592/2094/1396 1591/2095/1394 1606/2096/1401 1607/2097/1402
f 1585/2088/1397 1584/2086/1395 1599/2098/1403 1600/2099/1404
f 1593/2100/1398 1592/2094/1396 1607/2097/1402 1608/2101/1405
f 1586/2090/1399 1585/2088/1397 1600/2099/1404 1601/2102/1406
f 1594/2093/1400 1593/2100/1398 1608/2101/1405 1609/2103/1407
f 1587/2074/1386 1586/2090/1399 1601/2102/1406 1602/2104/1408
f 1595/2076/1388 1594/2093/1400 1609/2103/1407 1610/2105/1409
f 1588/2075/1387 1587/2074/1386 1602/2104/1408 1603/2106/1410
f 1596/2077/1389 1595/2076/1388 1610/2105/1409 1611/2107/1411
f 1589/2079/1390 1588/2075/1387 1603/2106/1410 1604/2108/1412
f 1597/2080/1391 1596/2077/1389 1611/2107/1411 1612/2109/1413
f 1590/2110/1392 1589/2079/1390 1604/2108/1412 1605/2111/1414
f 1598/2084/1393 1597/2083/1391 1612/2112/1413 1613/2113/1415
f 1591/2114/1394 1590/2110/1392 1605/2111/1414 1606/2115/1401
f 1584/2086/1395 1478/1947/1203 1599/2098/1403
f 1644/1846/1205 1598/2084/1393 1613/2113/1415
f 1611/2107/1411 1610/2105/1409 1625/2116/1416 1626/2117/1417
f 1604/2108/1412 1603/2106/1410 1618/2118/1418 1619/2119/1419
f 1612/2109/1413 1611/2107/1411 1626/2117/1417 1627/2120/1420
f 1605/2111/1414 1604/2108/1412 1619/2119/1419 1620/2121/1421
f 1613/2113/1415 1612/2112/1413 1627/2122/1420 1628/2123/1422
f 1606/2115/1401 1605/2111/1414 1620/2121/1421 1621/2124/1423
f 1599/2098/1403 1478/1947/1203 1614/2125/1424
f 1644/1846/1205 1613/2113/1415 1628/2123/1422
f 1607/2097/1402 1606/2096/1401 1621/2126/1423 1622/2127/1425
f 1600/2099/1404 1599/2098/1403 1614/2125/1424 1615/2128/1426
f 1608/2101/1405 1607/2097/1402 1622/2127/1425 1623/2129/1427
f 1601/2102/1406 1600/2099/1404 1615/2128/1426 1616/2130/1428
f 1609/2103/1407 1608/2101/1405 1623/2129/1427 1624/2131/1429
f 1602/2104/1408 1601/2102/1406 1616/2130/1428 1617/2132/1430
f 1610/2105/1409 1609/2103/1407 1624/2131/1429 1625/2116/1416
f 1603/2106/1410 1602/2104/1408 1617/2132/1430 1618/2118/1418
f 1623/2129/1427 1622/2127/1425 1637/2133/1431 1638/2134/1432
f 1616/2130/1428 1615/2128/1426 1630/2135/1433 1631/2136/1434
f 1624/2131/1429 1623/2129/1427 1638/2134/1432 1639/2137/1435
f 1617/2132/1430 1616/2130/1428 1631/2136/1434 1632/2138/1436
f 1625/2116/1416 1624/2131/1429 1639/2137/1435 1640/2139/1437
f 1618/2118/1418 1617/2132/1430 1632/2138/1436 1633/2140/1438
f 1626/2117/1417 1625/2116/1416 1640/2139/1437 1641/2141/1439
f 1619/2119/1419 1618/2118/1418 1633/2140/1438 1634/2142/1440
f 1627/2120/1420 1626/2117/1417 1641/2141/1439 1642/2143/1441
f 1620/2121/1421 1619/2119/1419 1634/2142/1440 1635/2144/1442
f 1628/2123/1422 1627/2122/1420 1642/2145/1441 1643/2146/1443
f 1621/2124/1423 1620/2121/1421 1635/2144/1442 1636/2147/1444
f 1614/2125/1424 1478/1947/1203 1629/2148/1445
f 1644/1846/1205 1628/2123/1422 1643/2146/1443
f 1622/2127/1425 1621/2126/1423 1636/2149/1444 1637/2133/1431
f 1615/2128/1426 1614/2125/1424 1629/2148/1445 1630/2135/1433
f 1909/2150/1446 1908/2151/1447 1672/2152/1448 1673/2153/1449
f 1656/2154/1450 1905/2155/1451 1665/2156/1452 1666/2157/1453
f 1910/2158/1454 1909/2150/1446 1673/2153/1449 1674/2159/1455
f 1657/2160/1456 1656/2154/1450 1666/2157/1453 1667/2161/1457
f 1902/2162/1458 1735/2163/1459 1660/2164/1460
f 1901/2165/1461 1910/2158/1454 1674/2159/1455
f 1658/2166/1462 1657/2160/1456 1667/2161/1457 1668/2167/1463
f 1903/2168/1464 1902/2162/1458 1660/2164/1460 1661/2169/1465
f 1906/2170/1466 1658/2166/1462 1668/2167/1463 1669/2171/1467
f 1654/2172/1468 1903/2168/1464 1661/2169/1465 1662/2173/1469
f 1659/2174/1470 1906/2170/1466 1669/2171/1467 1670/2175/1471
f 1904/2176/1472 1654/2172/1468 1662/2173/1469 1663/2177/1473
f 1907/2178/1474 1659/2174/1470 1670/2175/1471 1671/2179/1475
f 1655/2180/1476 1904/2181/1472 1663/2182/1473 1664/2183/1477
f 1908/2151/1447 1907/2184/1474 1671/2185/1475 1672/2152/1448
f 1905/2155/1451 1655/2180/1476 1664/2183/1477 1665/2156/1452
f 1672/2152/1448 1671/2185/1475 1686/2186/1478 1687/2187/1479
f 1665/2156/1452 1664/2183/1477 1679/2188/1480 1680/2189/1481
f 1673/2153/1449 1672/2152/1448 1687/2187/1479 1688/2190/1482
f 1666/2157/1453 1665/2156/1452 1680/2189/1481 1681/2191/1483
f 1674/2159/1455 1673/2153/1449 1688/2190/1482 1689/2192/1484
f 1667/2161/1457 1666/2157/1453 1681/2191/1483 1682/2193/1485
f 1660/2164/1460 1735/2163/1459 1675/2194/1486
f 1901/2165/1461 1674/2159/1455 1689/2192/1484
f 1668/2167/1463 1667/2161/1457 1682/2193/1485 1683/2195/1487
f 1661/2169/1465 1660/2164/1460 1675/2194/1486 1676/2196/1488
f 1669/2171/1467 1668/2167/1463 1683/2195/1487 1684/2197/1489
f 1662/2173/1469 1661/2169/1465 1676/2196/1488 1677/2198/1490
f 1670/2175/1471 1669/2171/1467 1684/2197/1489 1685/2199/1491
f 1663/2177/1473 1662/2173/1469 1677/2198/1490 1678/2200/1492
f 1671/2179/1475 1670/2175/1471 1685/2199/1491 1686/2201/1478
f 1664/2183/1477 1663/2182/1473 1678/2202/1492 1679/2188/1480
f 1676/2196/1488 1675/2194/1486 1690/2203/1493 1691/2204/1494
f 1684/2197/1489 1683/2195/1487 1698/2205/1495 1699/2206/1496
f 1677/2198/1490 1676/2196/1488 1691/2204/1494 1692/2207/1497
f 1685/2199/1491 1684/2197/1489 1699/2206/1496 1700/2208/1498
f 1678/2200/1492 1677/2198/1490 1692/2207/1497 1693/2209/1499
f 1686/2210/1478 1685/2211/1491 1700/2212/1498 1701/2213/1500
f 1679/2188/1480 1678/2202/1492 1693/2214/1499 1694/2215/1501
f 1687/2187/1479 1686/2186/1478 1701/2216/1500 1702/2217/1502
f 1680/2189/1481 1679/2188/1480 1694/2215/1501 1695/2218/1503
f 1688/2190/1482 1687/2187/1479 1702/2217/1502 1703/2219/1504
f 1681/2191/1483 1680/2189/1481 1695/2218/1503 1696/2220/1505
f 1689/2192/1484 1688/2190/1482 1703/2219/1504 1704/2221/1506
f 1682/2193/1485 1681/2191/1483 1696/2220/1505 1697/2222/1507
f 1675/2194/1486 1735/2163/1459 1690/2203/1493
f 1901/2165/1461 1689/2192/1484 1704/2221/1506
f 1683/2195/1487 1682/2193/1485 1697/2222/1507 1698/2205/1495
f 1695/2223/1503 1694/2224/1501 1709/2225/1508 1710/2226/1509
f 1703/2219/1504 1702/2217/1502 1717/2227/1510 1718/2228/1511
f 1696/2229/1505 1695/2223/1503 1710/2226/1509 1711/2230/1512
f 1704/2221/1506 1703/2219/1504 1718/2228/1511 1719/2231/1513
f 1697/2232/1507 1696/2229/1505 1711/2230/1512 1712/2233/1514
f 1690/2203/1493 1735/2163/1459 1705/2234/1515
f 1901/2165/1461 1704/2221/1506 1719/2231/1513
f 1698/2235/1495 1697/2232/1507 1712/2233/1514 1713/2236/1516
f 1691/2204/1494 1690/2203/1493 1705/2234/1515 1706/2237/1517
f 1699/2238/1496 1698/2235/1495 1713/2236/1516 1714/2239/1518
f 1692/2207/1497 1691/2204/1494 1706/2237/1517 1707/2240/1519
f 1700/2212/1498 1699/2238/1496 1714/2239/1518 1715/2241/1520
f 1693/2209/1499 1692/2207/1497 1707/2240/1519 1708/2242/1521
f 1701/2213/1500 1700/2212/1498 1715/2241/1520 1716/2243/1522
f 1694/2224/1501 1693/2244/1499 1708/2245/1521 1709/2225/1508
f 1702/2217/1502 1701/2216/1500 1716/2246/1522 1717/2227/1510
f 1714/2239/1518 1713/2236/1516 1728/2247/1523 1729/2248/1524
f 1707/2240/1519 1706/2237/1517 1721/2249/1525 1722/2250/1526
f 1715/2241/1520 1714/2239/1518 1729/2248/1524 1730/2251/1527
f 1708/2242/1521 1707/2240/1519 1722/2250/1526 1723/2252/1528
f 1716/2243/1522 1715/2241/1520 1730/2251/1527 1731/2253/1529
f 1709/2225/1508 1708/2245/1521 1723/2254/1528 1724/2255/1530
f 1717/2256/1510 1716/2243/1522 1731/2253/1529 1732/2257/1531
f 1710/2226/1509 1709/2225/1508 1724/2255/1530 1725/2258/1532
f 1718/2228/1511 1717/2227/1510 1732/2259/1531 1733/2260/1533
f 1711/2230/1512 1710/2226/1509 1725/2258/1532 1726/2261/1534
f 1719/2231/1513 1718/2228/1511 1733/2260/1533 1734/2262/1535
f 1712/2233/1514 1711/2230/1512 1726/2261/1534 1727/2263/1536
f 1705/2234/1515 1735/2163/1459 1720/2264/1537
f 1901/2165/1461 1719/2231/1513 1734/2262/1535
f 1713/2236/1516 1712/2233/1514 1727/2263/1536 1728/2247/1523
f 1706/2237/1517 1705/2234/1515 1720/2264/1537 1721/2249/1525
f 1733/2260/1533 1732/2259/1531 1748/2265/1538 1749/2266/1539
f 1726/2261/1534 1725/2258/1532 1741/2267/1540 1742/2268/1541
f 1734/2262/1535 1733/2260/1533 1749/2266/1539 1750/2269/1542
f 1727/2263/1536 1726/2261/1534 1742/2268/1541 1743/2270/1543
f 1720/2264/1537 1735/2163/1459 1736/2271/1544
f 1901/2165/1461 1734/2262/1535 1750/2269/1542
f 1728/2247/1523 1727/2263/1536 1743/2270/1543 1744/2272/1545
f 1721/2249/1525 1720/2264/1537 1736/2271/1544 1737/2273/1546
f 1729/2248/1524 1728/2247/1523 1744/2272/1545 1745/2274/1547
f 1722/2250/1526 1721/2249/1525 1737/2273/1546 1738/2275/1548
f 1730/2251/1527 1729/2248/1524 1745/2274/1547 1746/2276/1549
f 1723/2254/1528 1722/2277/1526 1738/2278/1548 1739/2279/1550
f 1731/2253/1529 1730/2251/1527 1746/2276/1549 1747/2280/1551
f 1724/2255/1530 1723/2254/1528 1739/2279/1550 1740/2281/1552
f 1732/2257/1531 1731/2253/1529 1747/2280/1551 1748/2282/1538
f 1725/2258/1532 1724/2255/1530 1740/2281/1552 1741/2267/1540
f 1746/2276/1549 1745/2274/1547 1760/2283/1553 1761/2284/1554
f 1739/2279/1550 1738/2278/1548 1753/2285/1555 1754/2286/1556
f 1747/2280/1551 1746/2276/1549 1761/2284/1554 1762/2287/1557
f 1740/2281/1552 1739/2279/1550 1754/2286/1556 1755/2288/1558
f 1748/2282/1538 1747/2280/1551 1762/2287/1557 1763/2289/1559
f 1741/2267/1540 1740/2281/1552 1755/2288/1558 1756/2290/1560
f 1749/2266/1539 1748/2265/1538 1763/2291/1559 1764/2292/1561
f 1742/2268/1541 1741/2267/1540 1756/2290/1560 1757/2293/1562
f 1750/2269/1542 1749/2266/1539 1764/2292/1561 1765/2294/1563
f 1743/2270/1543 1742/2268/1541 1757/2293/1562 1758/2295/1564
f 1736/2271/1544 1735/2163/1459 1751/2296/1565
f 1901/2165/1461 1750/2269/1542 1765/2294/1563
f 1744/2272/1545 1743/2270/1543 1758/2295/1564 1759/2297/1566
f 1737/2273/1546 1736/2271/1544 1751/2296/1565 1752/2298/1567
f 1745/2274/1547 1744/2272/1545 1759/2297/1566 1760/2283/1553
f 1738/2275/1548 1737/2273/1546 1752/2298/1567 1753/2299/1555
f 1765/2294/1563 1764/2292/1561 1779/2300/1568 1780/2301/1569
f 1758/2295/1564 1757/2293/1562 1772/2302/1570 1773/2303/171
f 1751/2296/1565 1735/2163/1459 1766/2304/1571
f 1901/2165/1461 1765/2294/1563 1780/2301/1569
f 1759/2297/1566 1758/2295/1564 1773/2303/171 1774/2305/1572
f 1752/2298/1567 1751/2296/1565 1766/2304/1571 1767/2306/1573
f 1760/2283/1553 1759/2297/1566 1774/2305/1572 1775/2307/1574
f 1753/2299/1555 1752/2298/1567 1767/2306/1573 1768/2308/1575
f 1761/2284/1554 1760/2283/1553 1775/2307/1574 1776/2309/1576
f 1754/2286/1556 1753/2285/1555 1768/2310/1575 1769/2311/1577
f 1762/2287/1557 1761/2284/1554 1776/2309/1576 1777/2312/1578
f 1755/2288/1558 1754/2286/1556 1769/2311/1577 1770/2313/1579
f 1763/2289/1559 1762/2287/1557 1777/2312/1578 1778/2314/1580
f 1756/2290/1560 1755/2288/1558 1770/2313/1579 1771/2315/1581
f 1764/2292/1561 1763/2291/1559 1778/2316/1580 1779/2300/1568
f 1757/2293/1562 1756/2290/1560 1771/2315/1581 1772/2302/1570
f 1769/2311/1577 1768/2310/1575 1783/2317/1582 1784/2318/1583
f 1777/2312/1578 1776/2309/1576 1791/2319/1584 1792/2320/1585
f 1770/2313/1579 1769/2311/1577 1784/2318/1583 1785/2321/1586
f 1778/2314/1580 1777/2312/1578 1792/2320/1585 1793/2322/1587
f 1771/2315/1581 1770/2313/1579 1785/2321/1586 1786/2323/1588
f 1779/2300/1568 1778/2316/1580 1793/2324/1587 1794/2325/1589
f 1772/2302/1570 1771/2315/1581 1786/2323/1588 1787/2326/1590
f 1780/2301/1569 1779/2300/1568 1794/2325/1589 1795/2327/1591
f 1773/2303/171 1772/2302/1570 1787/2326/1590 1788/2328/1592
f 1766/2304/1571 1735/2163/1459 1781/2329/1593
f 1901/2165/1461 1780/2301/1569 1795/2327/1591
f 1774/2305/1572 1773/2303/171 1788/2328/1592 1789/2330/1594
f 1767/2306/1573 1766/2304/1571 1781/2329/1593 1782/2331/1595
f 1775/2307/1574 1774/2305/1572 1789/2330/1594 1790/2332/1596
f 1768/2308/1575 1767/2306/1573 1782/2331/1595 1783/2333/1582
f 1776/2309/1576 1775/2307/1574 1790/2332/1596 1791/2319/1584
f 1788/2328/1592 1787/2326/1590 1802/2334/1597 1803/2335/1598
f 1781/2329/1593 1735/2163/1459 1796/2336/1599
f 1901/2165/1461 1795/2327/1591 1810/2337/1600
f 1789/2330/1594 1788/2328/1592 1803/2335/1598 1804/2338/1601
f 1782/2331/1595 1781/2329/1593 1796/2336/1599 1797/2339/1602
f 1790/2332/1596 1789/2330/1594 1804/2338/1601 1805/2340/1603
f 1783/2333/1582 1782/2331/1595 1797/2339/1602 1798/2341/1604
f 1791/2319/1584 1790/2332/1596 1805/2340/1603 1806/2342/1605
f 1784/2318/1583 1783/2317/1582 1798/2343/1604 1799/2344/1606
f 1792/2320/1585 1791/2319/1584 1806/2342/1605 1807/2345/1607
f 1785/2321/1586 1784/2318/1583 1799/2344/1606 1800/2346/1608
f 1793/2322/1587 1792/2320/1585 1807/2345/1607 1808/2347/1609
f 1786/2323/1588 1785/2321/1586 1800/2346/1608 1801/2348/1610
f 1794/2325/1589 1793/2324/1587 1808/2349/1609 1809/2350/1611
f 1787/2326/1590 1786/2323/1588 1801/2348/1610 1802/2334/1597
f 1795/2327/1591 1794/2325/1589 1809/2350/1611 1810/2337/1600
f 1807/2345/1607 1806/2342/1605 1821/2351/1612 1822/2352/1613
f 1800/2346/1608 1799/2344/1606 1814/2353/1614 1815/2354/1615
f 1808/2349/1609 1807/2355/1607 1822/2356/1613 1823/2357/1616
f 1801/2348/1610 1800/2346/1608 1815/2354/1615 1816/2358/1617
f 1809/2350/1611 1808/2349/1609 1823/2357/1616 1824/2359/1618
f 1802/2334/1597 1801/2348/1610 1816/2358/1617 1817/2360/1619
f 1810/2337/1600 1809/2350/1611 1824/2359/1618 1825/2361/1620
f 1803/2335/1598 1802/2334/1597 1817/2360/1619 1818/2362/1621
f 1796/2336/1599 1735/2163/1459 1811/2363/1622
f 1901/2165/1461 1810/2337/1600 1825/2361/1620
f 1804/2338/1601 1803/2335/1598 1818/2362/1621 1819/2364/1623
f 1797/2339/1602 1796/2336/1599 1811/2363/1622 1812/2365/1624
f 1805/2340/1603 1804/2338/1601 1819/2364/1623 1820/2366/1625
f 1798/2341/1604 1797/2339/1602 1812/2365/1624 1813/2367/1626
f 1806/2342/1605 1805/2340/1603 1820/2366/1625 1821/2351/1612
f 1799/2344/1606 1798/2343/1604 1813/2368/1626 1814/2353/1614
f 1811/2363/1622 1735/2163/1459 1826/2369/1627
f 1901/2165/1461 1825/2361/1620 1840/2370/1628
f 1819/2364/1623 1818/2362/1621 1833/2371/1629 1834/2372/1630
f 1812/2365/1624 1811/2363/1622 1826/2369/1627 1827/2373/1631
f 1820/2366/1625 1819/2364/1623 1834/2372/1630 1835/2374/1632
f 1813/2367/1626 1812/2365/1624 1827/2373/1631 1828/2375/1633
f 1821/2351/1612 1820/2366/1625 1835/2374/1632 1836/2376/1634
f 1814/2353/1614 1813/2368/1626 1828/2377/1633 1829/2378/1635
f 1822/2352/1613 1821/2351/1612 1836/2376/1634 1837/2379/1636
f 1815/2354/1615 1814/2353/1614 1829/2378/1635 1830/2380/1637
f 1823/2357/1616 1822/2356/1613 1837/2381/1636 1838/2382/1638
f 1816/2358/1617 1815/2354/1615 1830/2380/1637 1831/2383/1639
f 1824/2359/1618 1823/2357/1616 1838/2382/1638 1839/2384/1640
f 1817/2360/1619 1816/2358/1617 1831/2383/1639 1832/2385/1641
f 1825/2361/1620 1824/2359/1618 1839/2384/1640 1840/2370/1628
f 1818/2362/1621 1817/2360/1619 1832/2385/1641 1833/2371/1629
f 1830/2386/1637 1829/2387/1635 1844/2388/1642 1845/2389/1643
f 1838/2382/1638 1837/2381/1636 1852/2390/1644 1853/2391/1645
f 1831/2392/1639 1830/2386/1637 1845/2389/1643 1846/2393/1646
f 1839/2384/1640 1838/2382/1638 1853/2391/1645 1854/2394/1647
f 1832/2385/1641 1831/2383/1639 1846/2395/1646 1847/2396/1648
f 1840/2370/1628 1839/2384/1640 1854/2394/1647 1855/2397/1649
f 1833/2371/1629 1832/2385/1641 1847/2396/1648 1848/2398/1650
f 1826/2369/1627 1735/2163/1459 1841/2399/1651
f 1901/2165/1461 1840/2370/1628 1855/2397/1649
f 1834/2372/1630 1833/2371/1629 1848/2398/1650 1849/2400/1652
f 1827/2373/1631 1826/2369/1627 1841/2399/1651 1842/2401/1653
f 1835/2374/1632 1834/2372/1630 1849/2400/1652 1850/2402/1654
f 1828/2375/1633 1827/2373/1631 1842/2401/1653 1843/2403/1655
f 1836/2376/1634 1835/2374/1632 1850/2402/1654 1851/2404/1656
f 1829/2387/1635 1828/2405/1633 1843/2406/1655 1844/2388/1642
f 1837/2381/1636 1836/2407/1634 1851/2408/1656 1852/2390/1644
f 1849/2409/1652 1848/2410/1650 1863/2411/1657 1864/2412/1658
f 1842/2401/1653 1841/2399/1651 1856/2413/1659 1857/2414/1660
f 1850/2402/1654 1849/2400/1652 1864/2415/1658 1865/2416/1661
f 1843/2403/1655 1842/2401/1653 1857/2414/1660 1858/2417/1662
f 1851/2408/1656 1850/2418/1654 1865/2419/1661 1866/2420/1663
f 1844/2388/1642 1843/2406/1655 1858/2421/1662 1859/2422/1664
f 1852/2390/1644 1851/2408/1656 1866/2420/1663 1867/2423/1665
f 1845/2389/1643 1844/2388/1642 1859/2422/1664 1860/2424/1666
f 1853/2391/1645 1852/2390/1644 1867/2423/1665 1868/2425/1667
f 1846/2393/1646 1845/2389/1643 1860/2424/1666 1861/2426/1668
f 1854/2394/1647 1853/2391/1645 1868/2425/1667 1869/2427/1669
f 1847/2428/1648 1846/2393/1646 1861/2426/1668 1862/2429/1670
f 1855/2397/1649 1854/2394/1647 1869/2427/1669 1870/2430/1671
f 1848/2410/1650 1847/2428/1648 1862/2429/1670 1863/2411/1657
f 1841/2399/1651 1735/2163/1459 1856/2413/1659
f 1901/2165/1461 1855/2397/1649 1870/2430/1671
f 1868/2425/1667 1867/2423/1665 1882/2431/1672 1883/2432/1673
f 1861/2426/1668 1860/2424/1666 1875/2433/1674 1876/2434/1675
f 1869/2427/1669 1868/2425/1667 1883/2432/1673 1884/2435/1676
f 1862/2429/1670 1861/2426/1668 1876/2434/1675 1877/2436/1677
f 1870/2430/1671 1869/2427/1669 1884/2435/1676 1885/2437/1678
f 1863/2411/1657 1862/2429/1670 1877/2436/1677 1878/2438/1679
f 1856/2413/1659 1735/2163/1459 1871/2439/1680
f 1901/2165/1461 1870/2430/1671 1885/2437/1678
f 1864/2412/1658 1863/2411/1657 1878/2438/1679 1879/2440/1681
f 1857/2414/1660 1856/2413/1659 1871/2439/1680 1872/2441/1682
f 1865/2442/1661 1864/2412/1658 1879/2440/1681 1880/2443/1683
f 1858/2421/1662 1857/2444/1660 1872/2445/1682 1873/2446/1684
f 1866/2420/1663 1865/2419/1661 1880/2447/1683 1881/2448/1685
f 1859/2422/1664 1858/2421/1662 1873/2446/1684 1874/2449/1686
f 1867/2423/1665 1866/2420/1663 1881/2448/1685 1882/2431/1672
f 1860/2424/1666 1859/2422/1664 1874/2449/1686 1875/2433/1674
f 1880/2443/1683 1879/2440/1681 1894/2450/1687 1895/2451/1688
f 1873/2446/1684 1872/2445/1682 1887/2452/1689 1888/2453/1690
f 1881/2448/1685 1880/2447/1683 1895/2454/1688 1896/2455/1691
f 1874/2449/1686 1873/2446/1684 1888/2453/1690 1889/2456/1692
f 1882/2431/1672 1881/2448/1685 1896/2455/1691 1897/2457/1693
f 1875/2433/1674 1874/2449/1686 1889/2456/1692 1890/2458/1694
f 1883/2432/1673 1882/2431/1672 1897/2457/1693 1898/2459/1695
f 1876/2434/1675 1875/2433/1674 1890/2458/1694 1891/2460/1696
f 1884/2435/1676 1883/2432/1673 1898/2459/1695 1899/2461/1697
f 1877/2436/1677 1876/2434/1675 1891/2460/1696 1892/2462/1698
f 1885/2437/1678 1884/2435/1676 1899/2461/1697 1900/2463/1699
f 1878/2438/1679 1877/2436/1677 1892/2462/1698 1893/2464/1700
f 1871/2439/1680 1735/2163/1459 1886/2465/1701
f 1901/2165/1461 1885/2437/1678 1900/2463/1699
f 1879/2440/1681 1878/2438/1679 1893/2464/1700 1894/2450/1687
f 1872/2441/1682 1871/2439/1680 1886/2465/1701 1887/2466/1689
f 2166/2467/1702 2165/2468/1703 1929/2469/1704 1930/2470/1705
f 1913/2471/1706 2162/2472/1707 1922/2473/1708 1923/2474/1709
f 2167/2475/1710 2166/2467/1702 1930/2470/1705 1931/2476/1711
f 1914/2477/1712 1913/2471/1706 1923/2474/1709 1924/2478/1713
f 2159/2479/1714 1992/2480/1715 1917/2481/1716
f 2158/2482/1717 2167/2475/1710 1931/2476/1711
f 1915/2483/1718 1914/2477/1712 1924/2478/1713 1925/2484/1719
f 2160/2485/1720 2159/2479/1714 1917/2481/1716 1918/2486/1721
f 2163/2487/1722 1915/2483/1718 1925/2484/1719 1926/2488/1723
f 1911/2489/1724 2160/2490/1720 1918/2491/1721 1919/2492/1725
f 1916/2493/1726 2163/2487/1722 1926/2488/1723 1927/2494/1727
f 2161/2495/1728 1911/2489/1724 1919/2492/1725 1920/2496/1729
f 2164/2497/1730 1916/2498/1726 1927/2499/1727 1928/2500/1731
f 1912/2501/1732 2161/2495/1728 1920/2496/1729 1921/2502/1733
f 2165/2468/1703 2164/2497/1730 1928/2500/1731 1929/2469/1704
f 2162/2472/1707 1912/2501/1732 1921/2502/1733 1922/2473/1708
f 1929/2469/1704 1928/2500/1731 1943/2503/1734 1944/2504/1735
f 1922/2473/1708 1921/2502/1733 1936/2505/1736 1937/2506/1737
f 1930/2470/1705 1929/2469/1704 1944/2504/1735 1945/2507/1738
f 1923/2474/1709 1922/2473/1708 1937/2506/1737 1938/2508/1739
f 1931/2476/1711 1930/2470/1705 1945/2507/1738 1946/2509/1740
f 1924/2478/1713 1923/2474/1709 1938/2508/1739 1939/2510/1741
f 1917/2481/1716 1992/2480/1715 1932/2511/1742
f 2158/2482/1717 1931/2476/1711 1946/2509/1740
f 1925/2484/1719 1924/2478/1713 1939/2510/1741 1940/2512/1743
f 1918/2486/1721 1917/2481/1716 1932/2511/1742 1933/2513/1744
f 1926/2488/1723 1925/2484/1719 1940/2512/1743 1941/2514/1745
f 1919/2492/1725 1918/2491/1721 1933/2515/1744 1934/2516/1746
f 1927/2494/1727 1926/2488/1723 1941/2514/1745 1942/2517/1747
f 1920/2496/1729 1919/2492/1725 1934/2516/1746 1935/2518/1748
f 1928/2500/1731 1927/2499/1727 1942/2519/1747 1943/2503/1734
f 1921/2502/1733 1920/2496/1729 1935/2518/1748 1936/2505/1736
f 1933/2513/1744 1932/2511/1742 1947/2520/1749 1948/2521/1750
f 1941/2522/1745 1940/2523/1743 1955/2524/1751 1956/2525/1752
f 1934/2516/1746 1933/2515/1744 1948/2526/1750 1949/2527/1753
f 1942/2528/1747 1941/2522/1745 1956/2525/1752 1957/2529/1754
f 1935/2518/1748 1934/2516/1746 1949/2527/1753 1950/2530/1755
f 1943/2503/1734 1942/2519/1747 1957/2531/1754 1958/2532/1756
f 1936/2505/1736 1935/2518/1748 1950/2530/1755 1951/2533/1757
f 1944/2504/1735 1943/2503/1734 1958/2532/1756 1959/2534/1758
f 1937/2506/1737 1936/2505/1736 1951/2533/1757 1952/2535/1759
f 1945/2507/1738 1944/2504/1735 1959/2534/1758 1960/2536/1760
f 1938/2508/1739 1937/2506/1737 1952/2535/1759 1953/2537/1761
f 1946/2509/1740 1945/2507/1738 1960/2536/1760 1961/2538/1762
f 1939/2510/1741 1938/2508/1739 1953/2537/1761 1954/2539/1763
f 1932/2511/1742 1992/2480/1715 1947/2520/1749
f 2158/2482/1717 1946/2509/1740 1961/2538/1762
f 1940/2512/1743 1939/2510/1741 1954/2539/1763 1955/2540/1751
f 1952/2541/1759 1951/2542/1757 1966/2543/1764 1967/2544/1765
f 1960/2536/1760 1959/2534/1758 1974/2545/1766 1975/2546/1767
f 1953/2547/1761 1952/2541/1759 1967/2544/1765 1968/2548/1768
f 1961/2538/1762 1960/2536/1760 1975/2546/1767 1976/2549/1769
f 1954/2550/1763 1953/2547/1761 1968/2548/1768 1969/2551/1770
f 1947/2520/1749 1992/2480/1715 1962/2552/1771
f 2158/2482/1717 1961/2538/1762 1976/2549/1769
f 1955/2524/1751 1954/2550/1763 1969/2551/1770 1970/2553/1772
f 1948/2521/1750 1947/2520/1749 1962/2552/1771 1963/2554/1773
f 1956/2525/1752 1955/2524/1751 1970/2553/1772 1971/2555/1774
f 1949/2556/1753 1948/2521/1750 1963/2554/1773 1964/2557/1775
f 1957/2529/1754 1956/2525/1752 1971/2555/1774 1972/2558/1776
f 1950/2530/1755 1949/2527/1753 1964/2559/1775 1965/2560/1777
f 1958/2561/1756 1957/2529/1754 1972/2558/1776 1973/2562/1778
f 1951/2533/1757 1950/2530/1755 1965/2560/1777 1966/2563/1764
f 1959/2534/1758 1958/2532/1756 1973/2564/1778 1974/2545/1766
f 1971/2555/1774 1970/2553/1772 1985/2565/1779 1986/2566/1780
f 1964/2557/1775 1963/2554/1773 1978/2567/1781 1979/2568/1782
f 1972/2558/1776 1971/2555/1774 1986/2566/1780 1987/2569/1783
f 1965/2570/1777 1964/2571/1775 1979/2572/1782 1980/2573/1784
f 1973/2562/1778 1972/2558/1776 1987/2569/1783 1988/2574/1785
f 1966/2543/1764 1965/2570/1777 1980/2573/1784 1981/2575/1786
f 1974/2545/1766 1973/2564/1778 1988/2576/1785 1989/2577/1787
f 1967/2544/1765 1966/2543/1764 1981/2575/1786 1982/2578/1788
f 1975/2546/1767 1974/2545/1766 1989/2577/1787 1990/2579/1789
f 1968/2548/1768 1967/2544/1765 1982/2578/1788 1983/2580/1790
f 1976/2549/1769 1975/2546/1767 1990/2579/1789 1991/2581/1791
f 1969/2551/1770 1968/2548/1768 1983/2580/1790 1984/2582/1792
f 1962/2552/1771 1992/2480/1715 1977/2583/1793
f 2158/2482/1717 1976/2549/1769 1991/2581/1791
f 1970/2553/1772 1969/2551/1770 1984/2582/1792 1985/2565/1779
f 1963/2554/1773 1962/2552/1771 1977/2583/1793 1978/2567/1781
f 1990/2579/1789 1989/2577/1787 2005/2584/1794 2006/2585/1795
f 1983/2580/1790 1982/2578/1788 1998/2586/1796 1999/2587/1797
f 1991/2581/1791 1990/2579/1789 2006/2585/1795 2007/2588/1798
f 1984/2582/1792 1983/2580/1790 1999/2587/1797 2000/2589/1799
f 1977/2583/1793 1992/2480/1715 1993/2590/1800
f 2158/2482/1717 1991/2581/1791 2007/2588/1798
f 1985/2565/1779 1984/2582/1792 2000/2589/1799 2001/2591/1801
f 1978/2567/1781 1977/2583/1793 1993/2590/1800 1994/2592/1802
f 1986/2566/1780 1985/2565/1779 2001/2591/1801 2002/2593/1803
f 1979/2568/1782 1978/2567/1781 1994/2592/1802 1995/2594/1804
f 1987/2569/1783 1986/2566/1780 2002/2593/1803 2003/2595/1805
f 1980/2573/1784 1979/2572/1782 1995/2596/1804 1996/2597/1806
f 1988/2574/1785 1987/2569/1783 2003/2595/1805 2004/2598/1807
f 1981/2575/1786 1980/2573/1784 1996/2597/1806 1997/2599/1808
f 1989/2577/1787 1988/2576/1785 2004/2600/1807 2005/2584/1794
f 1982/2578/1788 1981/2575/1786 1997/2599/1808 1998/2586/1796
f 2003/2595/1805 2002/2593/1803 2017/2601/1809 2018/2602/1810
f 1996/2597/1806 1995/2596/1804 2010/2603/1811 2011/2604/1812
f 2004/2598/1807 2003/2595/1805 2018/2602/1810 2019/2605/1813
f 1997/2599/1808 1996/2597/1806 2011/2604/1812 2012/2606/1814
f 2005/2607/1794 2004/2598/1807 2019/2605/1813 2020/2608/1815
f 1998/2586/1796 1997/2599/1808 2012/2606/1814 2013/2609/1816
f 2006/2585/1795 2005/2584/1794 2020/2610/1815 2021/2611/1817
f 1999/2587/1797 1998/2586/1796 2013/2609/1816 2014/2612/1818
f 2007/2588/1798 2006/2585/1795 2021/2611/1817 2022/2613/1819
f 2000/2589/1799 1999/2587/1797 2014/2612/1818 2015/2614/1820
f 1993/2590/1800 1992/2480/1715 2008/2615/1821
f 2158/2482/1717 2007/2588/1798 2022/2613/1819
f 2001/2591/1801 2000/2589/1799 2015/2614/1820 2016/2616/1822
f 1994/2592/1802 1993/2590/1800 2008/2615/1821 2009/2617/1823
f 2002/2593/1803 2001/2591/1801 2016/2616/1822 2017/2601/1809
f 1995/2594/1804 1994/2592/1802 2009/2617/1823 2010/2618/1811
f 2022/2613/1819 2021/2611/1817 2036/2619/1824 2037/2620/1825
f 2015/2614/1820 2014/2612/1818 2029/2621/1826 2030/2622/171
f 2008/2615/1821 1992/2480/1715 2023/2623/1827
f 2158/2482/1717 2022/2613/1819 2037/2620/1825
f 2016/2616/1822 2015/2614/1820 2030/2622/171 2031/2624/1828
f 2009/2617/1823 2008/2615/1821 2023/2623/1827 2024/2625/1829
f 2017/2601/1809 2016/2616/1822 2031/2624/1828 2032/2626/1830
f 2010/2618/1811 2009/2617/1823 2024/2625/1829 2025/2627/1831
f 2018/2602/1810 2017/2601/1809 2032/2626/1830 2033/2628/1832
f 2011/2604/1812 2010/2603/1811 2025/2629/1831 2026/2630/1833
f 2019/2605/1813 2018/2602/1810 2033/2628/1832 2034/2631/1834
f 2012/2606/1814 2011/2604/1812 2026/2630/1833 2027/2632/1835
f 2020/2608/1815 2019/2605/1813 2034/2631/1834 2035/2633/1836
f 2013/2609/1816 2012/2606/1814 2027/2632/1835 2028/2634/1837
f 2021/2611/1817 2020/2610/1815 2035/2635/1836 2036/2619/1824
f 2014/2612/1818 2013/2609/1816 2028/2634/1837 2029/2621/1826
f 2026/2630/1833 2025/2629/1831 2040/2636/1838 2041/2637/1839
f 2034/2631/1834 2033/2628/1832 2048/2638/1840 2049/2639/1841
f 2027/2632/1835 2026/2630/1833 2041/2637/1839 2042/2640/1842
f 2035/2633/1836 2034/2631/1834 2049/2639/1841 2050/2641/1843
f 2028/2634/1837 2027/2632/1835 2042/2640/1842 2043/2642/1844
f 2036/2619/1824 2035/2635/1836 2050/2643/1843 2051/2644/1845
f 2029/2621/1826 2028/2634/1837 2043/2642/1844 2044/2645/1846
f 2037/2620/1825 2036/2619/1824 2051/2644/1845 2052/2646/1847
f 2030/2622/171 2029/2621/1826 2044/2645/1846 2045/2647/1848
f 2023/2623/1827 1992/2480/1715 2038/2648/1849
f 2158/2482/1717 2037/2620/1825 2052/2646/1847
f 2031/2624/1828 2030/2622/171 2045/2647/1848 2046/2649/1850
f 2024/2625/1829 2023/2623/1827 2038/2648/1849 2039/2650/1851
f 2032/2626/1830 2031/2624/1828 2046/2649/1850 2047/2651/1852
f 2025/2627/1831 2024/2625/1829 2039/2650/1851 2040/2652/1838
f 2033/2628/1832 2032/2626/1830 2047/2651/1852 2048/2638/1840
f 2045/2647/1848 2044/2645/1846 2059/2653/1853 2060/2654/1854
f 2038/2648/1849 1992/2480/1715 2053/2655/1855
f 2158/2482/1717 2052/2646/1847 2067/2656/1856
f 2046/2649/1850 2045/2647/1848 2060/2654/1854 2061/2657/1857
f 2039/2650/1851 2038/2648/1849 2053/2655/1855 2054/2658/1858
f 2047/2651/1852 2046/2649/1850 2061/2657/1857 2062/2659/1859
f 2040/2652/1838 2039/2650/1851 2054/2658/1858 2055/2660/1860
f 2048/2638/1840 2047/2651/1852 2062/2659/1859 2063/2661/1861
f 2041/2637/1839 2040/2636/1838 2055/2662/1860 2056/2663/1862
f 2049/2639/1841 2048/2638/1840 2063/2661/1861 2064/2664/1863
f 2042/2640/1842 2041/2637/1839 2056/2663/1862 2057/2665/1864
f 2050/2641/1843 2049/2639/1841 2064/2664/1863 2065/2666/1865
f 2043/2642/1844 2042/2640/1842 2057/2665/1864 2058/2667/1866
f 2051/2644/1845 2050/2643/1843 2065/2668/1865 2066/2669/1867
f 2044/2645/1846 2043/2642/1844 2058/2667/1866 2059/2653/1853
f 2052/2646/1847 2051/2644/1845 2066/2669/1867 2067/2656/1856
f 2064/2664/1863 2063/2661/1861 2078/2670/1868 2079/2671/1869
f 2057/2665/1864 2056/2663/1862 2071/2672/1870 2072/2673/1871
f 2065/2668/1865 2064/2674/1863 2079/2675/1869 2080/2676/1872
f 2058/2667/1866 2057/2665/1864 2072/2673/1871 2073/2677/1873
f 2066/2669/1867 2065/2668/1865 2080/2676/1872 2081/2678/1874
f 2059/2653/1853 2058/2667/1866 2073/2677/1873 2074/2679/1875
f 2067/2656/1856 2066/2669/1867 2081/2678/1874 2082/2680/1876
f 2060/2654/1854 2059/2653/1853 2074/2679/1875 2075/2681/1877
f 2053/2655/1855 1992/2480/1715 2068/2682/1878
f 2158/2482/1717 2067/2656/1856 2082/2680/1876
f 2061/2657/1857 2060/2654/1854 2075/2681/1877 2076/2683/1879
f 2054/2658/1858 2053/2655/1855 2068/2682/1878 2069/2684/1880
f 2062/2659/1859 2061/2657/1857 2076/2683/1879 2077/2685/1881
f 2055/2660/1860 2054/2658/1858 2069/2684/1880 2070/2686/1882
f 2063/2661/1861 2062/2659/1859 2077/2685/1881 2078/2670/1868
f 2056/2663/1862 2055/2662/1860 2070/2687/1882 2071/2672/1870
f 2068/2682/1878 1992/2480/1715 2083/2688/1883
f 2158/2482/1717 2082/2680/1876 2097/2689/1884
f 2076/2683/1879 2075/2681/1877 2090/2690/1885 2091/2691/1886
f 2069/2684/1880 2068/2682/1878 2083/2688/1883 2084/2692/1887
f 2077/2685/1881 2076/2683/1879 2091/2691/1886 2092/2693/1888
f 2070/2686/1882 2069/2684/1880 2084/2692/1887 2085/2694/1889
f 2078/2670/1868 2077/2685/1881 2092/2693/1888 2093/2695/1890
f 2071/2696/1870 2070/2686/1882 2085/2694/1889 2086/2697/1891
f 2079/2671/1869 2078/2670/1868 2093/2695/1890 2094/2698/1892
f 2072/2673/1871 2071/2672/1870 2086/2699/1891 2087/2700/1893
f 2080/2676/1872 2079/2675/1869 2094/2701/1892 2095/2702/1894
f 2073/2677/1873 2072/2673/1871 2087/2700/1893 2088/2703/1895
f 2081/2678/1874 2080/2676/1872 2095/2702/1894 2096/2704/1896
f 2074/2679/1875 2073/2677/1873 2088/2703/1895 2089/2705/1897
f 2082/2680/1876 2081/2678/1874 2096/2704/1896 2097/2689/1884
f 2075/2681/1877 2074/2679/1875 2089/2705/1897 2090/2690/1885
f 2087/2700/1893 2086/2699/1891 2101/2706/1898 2102/2707/1899
f 2095/2702/1894 2094/2701/1892 2109/2708/1900 2110/2709/1901
f 2088/2703/1895 2087/2700/1893 2102/2707/1899 2103/2710/1902
f 2096/2704/1896 2095/2702/1894 2110/2709/1901 2111/2711/1903
f 2089/2705/1897 2088/2703/1895 2103/2710/1902 2104/2712/1904
f 2097/2689/1884 2096/2704/1896 2111/2711/1903 2112/2713/1905
f 2090/2690/1885 2089/2705/1897 2104/2712/1904 2105/2714/1906
f 2083/2688/1883 1992/2480/1715 2098/2715/1907
f 2158/2482/1717 2097/2689/1884 2112/2713/1905
f 2091/2691/1886 2090/2690/1885 2105/2714/1906 2106/2716/1908
f 2084/2692/1887 2083/2688/1883 2098/2715/1907 2099/2717/1909
f 2092/2693/1888 2091/2691/1886 2106/2716/1908 2107/2718/1910
f 2085/2694/1889 2084/2692/1887 2099/2717/1909 2100/2719/1911
f 2093/2695/1890 2092/2693/1888 2107/2718/1910 2108/2720/1912
f 2086/2697/1891 2085/2694/1889 2100/2719/1911 2101/2721/1898
f 2094/2701/1892 2093/2722/1890 2108/2723/1912 2109/2708/1900
f 2106/2724/1908 2105/2725/1906 2120/2726/1913 2121/2727/1914
f 2099/2717/1909 2098/2715/1907 2113/2728/1915 2114/2729/1916
f 2107/2730/1910 2106/2724/1908 2121/2727/1914 2122/2731/1917
f 2100/2719/1911 2099/2717/1909 2114/2729/1916 2115/2732/1918
f 2108/2733/1912 2107/2730/1910 2122/2731/1917 2123/2734/1919
f 2101/2721/1898 2100/2719/1911 2115/2732/1918 2116/2735/1920
f 2109/2708/1900 2108/2723/1912 2123/2736/1919 2124/2737/1921
f 2102/2738/1899 2101/2739/1898 2116/2740/1920 2117/2741/1922
f 2110/2709/1901 2109/2708/1900 2124/2737/1921 2125/2742/1923
f 2103/2743/1902 2102/2738/1899 2117/2741/1922 2118/2744/1924
f 2111/2711/1903 2110/2709/1901 2125/2742/1923 2126/2745/1925
f 2104/2746/1904 2103/2743/1902 2118/2744/1924 2119/2747/1926
f 2112/2713/1905 2111/2711/1903 2126/2745/1925 2127/2748/1927
f 2105/2725/1906 2104/2746/1904 2119/2747/1926 2120/2726/1913
f 2098/2715/1907 1992/2480/1715 2113/2728/1915
f 2158/2482/1717 2112/2713/1905 2127/2748/1927
f 2125/2742/1923 2124/2737/1921 2139/2749/1928 2140/2750/1929
f 2118/2744/1924 2117/2741/1922 2132/2751/1930 2133/2752/1931
f 2126/2745/1925 2125/2742/1923 2140/2750/1929 2141/2753/1932
f 2119/2747/1926 2118/2744/1924 2133/2752/1931 2134/2754/1933
f 2127/2748/1927 2126/2745/1925 2141/2753/1932 2142/2755/1934
f 2120/2726/1913 2119/2747/1926 2134/2754/1933 2135/2756/1935
f 2113/2728/1915 1992/2480/1715 2128/2757/1936
f 2158/2482/1717 2127/2748/1927 2142/2755/1934
f 2121/2727/1914 2120/2726/1913 2135/2756/1935 2136/2758/1937
f 2114/2729/1916 2113/2728/1915 2128/2757/1936 2129/2759/1938
f 2122/2731/1917 2121/2727/1914 2136/2758/1937 2137/2760/1939
f 2115/2732/1918 2114/2729/1916 2129/2759/1938 2130/2761/1940
f 2123/2734/1919 2122/2731/1917 2137/2760/1939 2138/2762/1941
f 2116/2735/1920 2115/2732/1918 2130/2761/1940 2131/2763/1942
f 2124/2737/1921 2123/2736/1919 2138/2764/1941 2139/2749/1928
f 2117/2741/1922 2116/2740/1920 2131/2765/1942 2132/2751/1930
f 2137/2760/1939 2136/2758/1937 2151/2766/1943 2152/2767/1944
f 2130/2761/1940 2129/2759/1938 2144/2768/1945 2145/2769/1946
f 2138/2762/1941 2137/2760/1939 2152/2767/1944 2153/2770/1947
f 2131/2763/1942 2130/2761/1940 2145/2769/1946 2146/2771/1948
f 2139/2749/1928 2138/2764/1941 2153/2772/1947 2154/2773/1949
f 2132/2751/1930 2131/2765/1942 2146/2774/1948 2147/2775/1950
f 2140/2750/1929 2139/2749/1928 2154/2773/1949 2155/2776/1951
f 2133/2752/1931 2132/2751/1930 2147/2775/1950 2148/2777/1952
f 2141/2753/1932 2140/2750/1929 2155/2776/1951 2156/2778/1953
f 2134/2754/1933 2133/2752/1931 2148/2777/1952 2149/2779/1954
f 2142/2755/1934 2141/2753/1932 2156/2778/1953 2157/2780/1955
f 2135/2756/1935 2134/2754/1933 2149/2779/1954 2150/2781/1956
f 2128/2757/1936 1992/2480/1715 2143/2782/1957
f 2158/2482/1717 2142/2755/1934 2157/2780/1955
f 2136/2758/1937 2135/2756/1935 2150/2781/1956 2151/2766/1943
f 2129/2759/1938 2128/2757/1936 2143/2782/1957 2144/2768/1945
f 2423/2783/1958 2422/2784/1959 2186/2785/1960 2187/2786/1961
f 2170/2787/1962 2419/2788/1963 2179/2789/1964 2180/2790/1965
f 2424/2791/1966 2423/2783/1958 2187/2786/1961 2188/2792/1967
f 2171/2793/1968 2170/2787/1962 2180/2790/1965 2181/2794/1969
f 2416/2795/1970 2249/2796/1971 2174/2797/1972
f 2415/2798/1973 2424/2791/1966 2188/2792/1967
f 2172/2799/1974 2171/2793/1968 2181/2794/1969 2182/2800/1975
f 2417/2801/1976 2416/2802/1970 2174/2803/1972 2175/2804/1977
f 2420/2805/1978 2172/2799/1974 2182/2800/1975 2183/2806/1979
f 2168/2807/1980 2417/2801/1976 2175/2804/1977 2176/2808/1981
f 2173/2809/1982 2420/2805/1978 2183/2806/1979 2184/2810/1983
f 2418/2811/1984 2168/2807/1980 2176/2808/1981 2177/2812/1985
f 2421/2813/1986 2173/2814/1982 2184/2815/1983 2185/2816/1987
f 2169/2817/1988 2418/2811/1984 2177/2812/1985 2178/2818/1989
f 2422/2784/1959 2421/2813/1986 2185/2816/1987 2186/2785/1960
f 2419/2788/1963 2169/2817/1988 2178/2818/1989 2179/2789/1964
f 2186/2785/1960 2185/2816/1987 2200/2819/1990 2201/2820/1991
f 2179/2789/1964 2178/2818/1989 2193/2821/1992 2194/2822/1993
f 2187/2786/1961 2186/2785/1960 2201/2820/1991 2202/2823/1994
f 2180/2790/1965 2179/2789/1964 2194/2822/1993 2195/2824/1995
f 2188/2792/1967 2187/2786/1961 2202/2823/1994 2203/2825/1996
f 2181/2794/1969 2180/2790/1965 2195/2824/1995 2196/2826/1997
f 2174/2797/1972 2249/2796/1971 2189/2827/1998
f 2415/2798/1973 2188/2792/1967 2203/2825/1996
f 2182/2800/1975 2181/2794/1969 2196/2826/1997 2197/2828/1999
f 2175/2829/1977 2174/2797/1972 2189/2827/1998 2190/2830/2000
f 2183/2806/1979 2182/2800/1975 2197/2828/1999 2198/2831/2001
f 2176/2808/1981 2175/2804/1977 2190/2832/2000 2191/2833/2002
f 2184/2810/1983 2183/2806/1979 2198/2831/2001 2199/2834/2003
f 2177/2812/1985 2176/2808/1981 2191/2833/2002 2192/2835/2004
f 2185/2816/1987 2184/2815/1983 2199/2836/2003 2200/2819/1990
f 2178/2818/1989 2177/2812/1985 2192/2835/2004 2193/2821/1992
f 2190/2830/2000 2189/2827/1998 2204/2837/2005 2205/2838/2006
f 2198/2831/2001 2197/2828/1999 2212/2839/2007 2213/2840/2008
f 2191/2833/2002 2190/2832/2000 2205/2841/2006 2206/2842/2009
f 2199/2834/2003 2198/2831/2001 2213/2840/2008 2214/2843/2010
f 2192/2835/2004 2191/2833/2002 2206/2842/2009 2207/2844/2011
f 2200/2819/1990 2199/2836/2003 2214/2845/2010 2215/2846/2012
f 2193/2821/1992 2192/2835/2004 2207/2844/2011 2208/2847/2013
f 2201/2820/1991 2200/2819/1990 2215/2846/2012 2216/2848/2014
f 2194/2822/1993 2193/2821/1992 2208/2847/2013 2209/2849/2015
f 2202/2823/1994 2201/2820/1991 2216/2848/2014 2217/2850/2016
f 2195/2824/1995 2194/2822/1993 2209/2849/2015 2210/2851/2017
f 2203/2825/1996 2202/2823/1994 2217/2850/2016 2218/2852/2018
f 2196/2826/1997 2195/2824/1995 2210/2851/2017 2211/2853/2019
f 2189/2827/1998 2249/2796/1971 2204/2837/2005
f 2415/2798/1973 2203/2825/1996 2218/2852/2018
f 2197/2828/1999 2196/2826/1997 2211/2853/2019 2212/2839/2007
f 2209/2849/2015 2208/2847/2013 2223/2854/2020 2224/2855/2021
f 2217/2850/2016 2216/2848/2014 2231/2856/2022 2232/2857/2023
f 2210/2858/2017 2209/2859/2015 2224/2860/2021 2225/2861/2024
f 2218/2852/2018 2217/2850/2016 2232/2857/2023 2233/2862/2025
f 2211/2863/2019 2210/2858/2017 2225/2861/2024 2226/2864/2026
f 2204/2837/2005 2249/2796/1971 2219/2865/2027
f 2415/2798/1973 2218/2852/2018 2233/2862/2025
f 2212/2866/2007 2211/2863/2019 2226/2864/2026 2227/2867/2028
f 2205/2838/2006 2204/2837/2005 2219/2865/2027 2220/2868/2029
f 2213/2869/2008 2212/2866/2007 2227/2867/2028 2228/2870/2030
f 2206/2842/2009 2205/2841/2006 2220/2871/2029 2221/2872/2031
f 2214/2873/2010 2213/2869/2008 2228/2870/2030 2229/2874/2032
f 2207/2844/2011 2206/2842/2009 2221/2872/2031 2222/2875/2033
f 2215/2876/2012 2214/2873/2010 2229/2874/2032 2230/2877/2034
f 2208/2847/2013 2207/2844/2011 2222/2875/2033 2223/2854/2020
f 2216/2848/2014 2215/2846/2012 2230/2878/2034 2231/2856/2022
f 2228/2870/2030 2227/2867/2028 2242/2879/2035 2243/2880/2036
f 2221/2881/2031 2220/2882/2029 2235/2883/2037 2236/2884/2038
f 2229/2874/2032 2228/2870/2030 2243/2880/2036 2244/2885/2039
f 2222/2886/2033 2221/2881/2031 2236/2884/2038 2237/2887/2040
f 2230/2877/2034 2229/2874/2032 2244/2885/2039 2245/2888/2041
f 2223/2889/2020 2222/2886/2033 2237/2887/2040 2238/2890/2042
f 2231/2856/2022 2230/2878/2034 2245/2891/2041 2246/2892/2043
f 2224/2860/2021 2223/2889/2020 2238/2890/2042 2239/2893/2044
f 2232/2857/2023 2231/2856/2022 2246/2892/2043 2247/2894/2045
f 2225/2861/2024 2224/2860/2021 2239/2893/2044 2240/2895/2046
f 2233/2862/2025 2232/2857/2023 2247/2894/2045 2248/2896/2047
f 2226/2864/2026 2225/2861/2024 2240/2895/2046 2241/2897/2048
f 2219/2865/2027 2249/2796/1971 2234/2898/2049
f 2415/2798/1973 2233/2862/2025 2248/2896/2047
f 2227/2867/2028 2226/2864/2026 2241/2897/2048 2242/2879/2035
f 2220/2868/2029 2219/2865/2027 2234/2898/2049 2235/2899/2037
f 2247/2894/2045 2246/2892/2043 2262/2900/2050 2263/2901/2051
f 2240/2895/2046 2239/2893/2044 2255/2902/2052 2256/2903/2053
f 2248/2896/2047 2247/2894/2045 2263/2901/2051 2264/2904/2054
f 2241/2897/2048 2240/2895/2046 2256/2903/2053 2257/2905/2055
f 2234/2898/2049 2249/2796/1971 2250/2906/2056
f 2415/2798/1973 2248/2896/2047 2264/2904/2054
f 2242/2879/2035 2241/2897/2048 2257/2905/2055 2258/2907/2057
f 2235/2899/2037 2234/2898/2049 2250/2906/2056 2251/2908/2058
f 2243/2880/2036 2242/2879/2035 2258/2907/2057 2259/2909/2059
f 2236/2884/2038 2235/2883/2037 2251/2910/2058 2252/2911/2060
f 2244/2885/2039 2243/2880/2036 2259/2909/2059 2260/2912/2061
f 2237/2887/2040 2236/2884/2038 2252/2911/2060 2253/2913/2062
f 2245/2888/2041 2244/2885/2039 2260/2912/2061 2261/2914/2063
f 2238/2890/2042 2237/2887/2040 2253/2913/2062 2254/2915/2064
f 2246/2916/2043 2245/2888/2041 2261/2914/2063 2262/2917/2050
f 2239/2893/2044 2238/2890/2042 2254/2915/2064 2255/2902/2052
f 2260/2912/2061 2259/2909/2059 2274/2918/2065 2275/2919/2066
f 2253/2913/2062 2252/2911/2060 2267/2920/2067 2268/2921/2068
f 2261/2914/2063 2260/2912/2061 2275/2919/2066 2276/2922/2069
f 2254/2915/2064 2253/2913/2062 2268/2921/2068 2269/2923/2070
f 2262/2917/2050 2261/2914/2063 2276/2922/2069 2277/2924/2071
f 2255/2902/2052 2254/2915/2064 2269/2923/2070 2270/2925/2072
f 2263/2901/2051 2262/2900/2050 2277/2926/2071 2278/2927/2073
f 2256/2903/2053 2255/2902/2052 2270/2925/2072 2271/2928/2074
f 2264/2904/2054 2263/2901/2051 2278/2927/2073 2279/2929/2075
f 2257/2905/2055 2256/2903/2053 2271/2928/2074 2272/2930/2076
f 2250/2906/2056 2249/2796/1971 2265/2931/2077
f 2415/2798/1973 2264/2904/2054 2279/2929/2075
f 2258/2907/2057 2257/2905/2055 2272/2930/2076 2273/2932/2078
f 2251/2908/2058 2250/2906/2056 2265/2931/2077 2266/2933/2079
f 2259/2909/2059 2258/2907/2057 2273/2932/2078 2274/2918/2065
f 2252/2911/2060 2251/2910/2058 2266/2934/2079 2267/2920/2067
f 2279/2929/2075 2278/2927/2073 2293/2935/2080 2294/2936/2081
f 2272/2930/2076 2271/2928/2074 2286/2937/2082 2287/2938/171
f 2265/2931/2077 2249/2796/1971 2280/2939/2083
f 2415/2798/1973 2279/2929/2075 2294/2936/2081
f 2273/2932/2078 2272/2930/2076 2287/2938/171 2288/2940/2084
f 2266/2933/2079 2265/2931/2077 2280/2939/2083 2281/2941/2085
f 2274/2918/2065 2273/2932/2078 2288/2940/2084 2289/2942/2086
f 2267/2920/2067 2266/2934/2079 2281/2943/2085 2282/2944/2087
f 2275/2919/2066 2274/2918/2065 2289/2942/2086 2290/2945/2088
f 2268/2921/2068 2267/2920/2067 2282/2944/2087 2283/2946/2089
f 2276/2922/2069 2275/2919/2066 2290/2945/2088 2291/2947/2090
f 2269/2923/2070 2268/2921/2068 2283/2946/2089 2284/2948/2091
f 2277/2924/2071 2276/2922/2069 2291/2947/2090 2292/2949/2092
f 2270/2925/2072 2269/2923/2070 2284/2948/2091 2285/2950/2093
f 2278/2927/2073 2277/2926/2071 2292/2951/2092 2293/2935/2080
f 2271/2928/2074 2270/2925/2072 2285/2950/2093 2286/2937/2082
f 2283/2946/2089 2282/2944/2087 2297/2952/2094 2298/2953/2095
f 2291/2947/2090 2290/2945/2088 2305/2954/2096 2306/2955/2097
f 2284/2948/2091 2283/2946/2089 2298/2953/2095 2299/2956/2098
f 2292/2949/2092 2291/2947/2090 2306/2955/2097 2307/2957/2099
f 2285/2950/2093 2284/2948/2091 2299/2956/2098 2300/2958/2100
f 2293/2935/2080 2292/2951/2092 2307/2959/2099 2308/2960/2101
f 2286/2937/2082 2285/2950/2093 2300/2958/2100 2301/2961/2102
f 2294/2936/2081 2293/2935/2080 2308/2960/2101 2309/2962/2103
f 2287/2938/171 2286/2937/2082 2301/2961/2102 2302/2963/2104
f 2280/2939/2083 2249/2796/1971 2295/2964/2105
f 2415/2798/1973 2294/2936/2081 2309/2962/2103
f 2288/2940/2084 2287/2938/171 2302/2963/2104 2303/2965/2106
f 2281/2941/2085 2280/2939/2083 2295/2964/2105 2296/2966/2107
f 2289/2942/2086 2288/2940/2084 2303/2965/2106 2304/2967/2108
f 2282/2944/2087 2281/2943/2085 2296/2968/2107 2297/2952/2094
f 2290/2945/2088 2289/2942/2086 2304/2967/2108 2305/2954/2096
f 2302/2963/2104 2301/2961/2102 2316/2969/2109 2317/2970/2110
f 2295/2964/2105 2249/2796/1971 2310/2971/2111
f 2415/2798/1973 2309/2962/2103 2324/2972/2112
f 2303/2965/2106 2302/2963/2104 2317/2970/2110 2318/2973/2113
f 2296/2966/2107 2295/2964/2105 2310/2971/2111 2311/2974/2114
f 2304/2967/2108 2303/2965/2106 2318/2973/2113 2319/2975/2115
f 2297/2976/2094 2296/2966/2107 2311/2974/2114 2312/2977/2116
f 2305/2954/2096 2304/2967/2108 2319/2975/2115 2320/2978/2117
f 2298/2953/2095 2297/2952/2094 2312/2979/2116 2313/2980/2118
f 2306/2955/2097 2305/2954/2096 2320/2978/2117 2321/2981/2119
f 2299/2956/2098 2298/2953/2095 2313/2980/2118 2314/2982/2120
f 2307/2957/2099 2306/2955/2097 2321/2981/2119 2322/2983/2121
f 2300/2958/2100 2299/2956/2098 2314/2982/2120 2315/2984/2122
f 2308/2960/2101 2307/2959/2099 2322/2985/2121 2323/2986/2123
f 2301/2961/2102 2300/2958/2100 2315/2984/2122 2316/2969/2109
f 2309/2962/2103 2308/2960/2101 2323/2986/2123 2324/2972/2112
f 2321/2981/2119 2320/2978/2117 2335/2987/2124 2336/2988/2125
f 2314/2982/2120 2313/2980/2118 2328/2989/2126 2329/2990/2127
f 2322/2983/2121 2321/2981/2119 2336/2988/2125 2337/2991/2128
f 2315/2984/2122 2314/2982/2120 2329/2990/2127 2330/2992/2129
f 2323/2986/2123 2322/2985/2121 2337/2993/2128 2338/2994/2130
f 2316/2969/2109 2315/2984/2122 2330/2992/2129 2331/2995/2131
f 2324/2972/2112 2323/2986/2123 2338/2994/2130 2339/2996/2132
f 2317/2970/2110 2316/2969/2109 2331/2995/2131 2332/2997/2133
f 2310/2971/2111 2249/2796/1971 2325/2998/2134
f 2415/2798/1973 2324/2972/2112 2339/2996/2132
f 2318/2973/2113 2317/2970/2110 2332/2997/2133 2333/2999/2135
f 2311/2974/2114 2310/2971/2111 2325/2998/2134 2326/3000/2136
f 2319/2975/2115 2318/2973/2113 2333/2999/2135 2334/3001/2137
f 2312/2977/2116 2311/2974/2114 2326/3000/2136 2327/3002/2138
f 2320/2978/2117 2319/2975/2115 2334/3001/2137 2335/2987/2124
f 2313/2980/2118 2312/2979/2116 2327/3003/2138 2328/2989/2126
f 2325/2998/2134 2249/2796/1971 2340/3004/2139
f 2415/2798/1973 2339/2996/2132 2354/3005/2140
f 2333/2999/2135 2332/2997/2133 2347/3006/2141 2348/3007/2142
f 2326/3000/2136 2325/2998/2134 2340/3004/2139 2341/3008/2143
f 2334/3001/2137 2333/2999/2135 2348/3007/2142 2349/3009/2144
f 2327/3002/2138 2326/3000/2136 2341/3008/2143 2342/3010/2145
f 2335/2987/2124 2334/3001/2137 2349/3009/2144 2350/3011/2146
f 2328/3012/2126 2327/3002/2138 2342/3010/2145 2343/3013/2147
f 2336/2988/2125 2335/2987/2124 2350/3011/2146 2351/3014/2148
f 2329/2990/2127 2328/2989/2126 2343/3015/2147 2344/3016/2149
f 2337/2993/2128 2336/3017/2125 2351/3018/2148 2352/3019/2150
f 2330/2992/2129 2329/2990/2127 2344/3016/2149 2345/3020/2151
f 2338/2994/2130 2337/2993/2128 2352/3019/2150 2353/3021/2152
f 2331/2995/2131 2330/2992/2129 2345/3020/2151 2346/3022/2153
f 2339/2996/2132 2338/2994/2130 2353/3021/2152 2354/3005/2140
f 2332/2997/2133 2331/2995/2131 2346/3022/2153 2347/3006/2141
f 2344/3023/2149 2343/3013/2147 2358/3024/2154 2359/3025/2155
f 2352/3019/2150 2351/3018/2148 2366/3026/2156 2367/3027/2157
f 2345/3020/2151 2344/3016/2149 2359/3028/2155 2360/3029/2158
f 2353/3021/2152 2352/3019/2150 2367/3027/2157 2368/3030/2159
f 2346/3022/2153 2345/3020/2151 2360/3029/2158 2361/3031/2160
f 2354/3005/2140 2353/3021/2152 2368/3030/2159 2369/3032/2161
f 2347/3006/2141 2346/3022/2153 2361/3031/2160 2362/3033/2162
f 2340/3004/2139 2249/2796/1971 2355/3034/2163
f 2415/2798/1973 2354/3005/2140 2369/3032/2161
f 2348/3007/2142 2347/3006/2141 2362/3033/2162 2363/3035/2164
f 2341/3008/2143 2340/3004/2139 2355/3034/2163 2356/3036/2165
f 2349/3009/2144 2348/3007/2142 2363/3035/2164 2364/3037/2166
f 2342/3010/2145 2341/3008/2143 2356/3036/2165 2357/3038/2167
f 2350/3011/2146 2349/3009/2144 2364/3037/2166 2365/3039/2168
f 2343/3013/2147 2342/3010/2145 2357/3038/2167 2358/3024/2154
f 2351/3040/2148 2350/3041/2146 2365/3042/2168 2366/3043/2156
f 2363/3044/2164 2362/3045/2162 2377/3046/2169 2378/3047/2170
f 2356/3036/2165 2355/3034/2163 2370/3048/2171 2371/3049/2172
f 2364/3050/2166 2363/3044/2164 2378/3047/2170 2379/3051/2173
f 2357/3038/2167 2356/3036/2165 2371/3049/2172 2372/3052/2174
f 2365/3042/2168 2364/3050/2166 2379/3051/2173 2380/3053/2175
f 2358/3024/2154 2357/3038/2167 2372/3052/2174 2373/3054/2176
f 2366/3043/2156 2365/3042/2168 2380/3053/2175 2381/3055/2177
f 2359/3025/2155 2358/3024/2154 2373/3054/2176 2374/3056/2178
f 2367/3057/2157 2366/3043/2156 2381/3055/2177 2382/3058/2179
f 2360/3059/2158 2359/3025/2155 2374/3056/2178 2375/3060/2180
f 2368/3030/2159 2367/3027/2157 2382/3061/2179 2383/3062/2181
f 2361/3063/2160 2360/3059/2158 2375/3060/2180 2376/3064/2182
f 2369/3032/2161 2368/3030/2159 2383/3062/2181 2384/3065/2183
f 2362/3045/2162 2361/3066/2160 2376/3067/2182 2377/3046/2169
f 2355/3034/2163 2249/2796/1971 2370/3048/2171
f 2415/2798/1973 2369/3032/2161 2384/3065/2183
f 2382/3058/2179 2381/3055/2177 2396/3068/2184 2397/3069/2185
f 2375/3060/2180 2374/3056/2178 2389/3070/2186 2390/3071/2187
f 2383/3062/2181 2382/3061/2179 2397/3072/2185 2398/3073/2188
f 2376/3064/2182 2375/3060/2180 2390/3071/2187 2391/3074/2189
f 2384/3065/2183 2383/3062/2181 2398/3073/2188 2399/3075/2190
f 2377/3046/2169 2376/3067/2182 2391/3076/2189 2392/3077/2191
f 2370/3048/2171 2249/2796/1971 2385/3078/2192
f 2415/2798/1973 2384/3065/2183 2399/3075/2190
f 2378/3047/2170 2377/3046/2169 2392/3077/2191 2393/3079/2193
f 2371/3049/2172 2370/3048/2171 2385/3078/2192 2386/3080/2194
f 2379/3051/2173 2378/3047/2170 2393/3079/2193 2394/3081/2195
f 2372/3052/2174 2371/3049/2172 2386/3080/2194 2387/3082/2196
f 2380/3053/2175 2379/3051/2173 2394/3081/2195 2395/3083/2197
f 2373/3054/2176 2372/3052/2174 2387/3082/2196 2388/3084/2198
f 2381/3055/2177 2380/3053/2175 2395/3083/2197 2396/3068/2184
f 2374/3056/2178 2373/3054/2176 2388/3084/2198 2389/3070/2186
f 2394/3081/2195 2393/3079/2193 2408/3085/2199 2409/3086/2200
f 2387/3082/2196 2386/3080/2194 2401/3087/2201 2402/3088/2202
f 2395/3083/2197 2394/3081/2195 2409/3086/2200 2410/3089/2203
f 2388/3084/2198 2387/3082/2196 2402/3088/2202 2403/3090/2204
f 2396/3068/2184 2395/3083/2197 2410/3089/2203 2411/3091/2205
f 2389/3070/2186 2388/3084/2198 2403/3090/2204 2404/3092/2206
f 2397/3069/2185 2396/3068/2184 2411/3091/2205 2412/3093/2207
f 2390/3071/2187 2389/3070/2186 2404/3092/2206 2405/3094/2208
f 2398/3073/2188 2397/3072/2185 2412/3095/2207 2413/3096/2209
f 2391/3074/2189 2390/3071/2187 2405/3094/2208 2406/3097/2210
f 2399/3075/2190 2398/3073/2188 2413/3096/2209 2414/3098/2211
f 2392/3077/2191 2391/3076/2189 2406/3099/2210 2407/3100/2212
f 2385/3078/2192 2249/2796/1971 2400/3101/2213
f 2415/2798/1973 2399/3075/2190 2414/3098/2211
f 2393/3079/2193 2392/3077/2191 2407/3100/2212 2408/3085/2199
f 2386/3080/2194 2385/3078/2192 2400/3101/2213 2401/3087/2201
f 2680/3102/2214 2679/3103/1959 2443/3104/1960 2444/3105/2215
f 2427/3106/2216 2676/3107/1963 2436/3108/1964 2437/3109/2217
f 2681/3110/2218 2680/3102/2214 2444/3105/2215 2445/3111/2219
f 2428/3112/2220 2427/3106/2216 2437/3109/2217 2438/3113/1969
f 2673/3114/2221 2506/3115/1971 2431/3116/2222
f 2672/3117/2223 2681/3110/2218 2445/3111/2219
f 2429/3118/2224 2428/3112/2220 2438/3113/1969 2439/3119/1975
f 2674/3120/2225 2673/3121/2221 2431/3122/2222 2432/3123/2226
f 2677/3124/2227 2429/3118/2224 2439/3119/1975 2440/3125/1979
f 2425/3126/2228 2674/3120/2225 2432/3123/2226 2433/3127/2229
f 2430/3128/1982 2677/3124/2227 2440/3125/1979 2441/3129/1983
f 2675/3130/1984 2425/3126/2228 2433/3127/2229 2434/3131/2230
f 2678/3132/2231 2430/3133/1982 2441/3134/1983 2442/3135/1987
f 2426/3136/1988 2675/3130/1984 2434/3131/2230 2435/3137/1989
f 2679/3103/1959 2678/3132/2231 2442/3135/1987 2443/3104/1960
f 2676/3107/1963 2426/3136/1988 2435/3137/1989 2436/3108/1964
f 2443/3104/1960 2442/3135/1987 2457/3138/1990 2458/3139/2232
f 2436/3108/1964 2435/3137/1989 2450/3140/1992 2451/3141/1993
f 2444/3105/2215 2443/3104/1960 2458/3139/2232 2459/3142/2233
f 2437/3109/2217 2436/3108/1964 2451/3141/1993 2452/3143/2234
f 2445/3111/2219 2444/3105/2215 2459/3142/2233 2460/3144/2235
f 2438/3113/1969 2437/3109/2217 2452/3143/2234 2453/3145/2236
f 2431/3116/2222 2506/3115/1971 2446/3146/2237
f 2672/3117/2223 2445/3111/2219 2460/3144/2235
f 2439/3119/1975 2438/3113/1969 2453/3145/2236 2454/3147/1999
f 2432/3148/2226 2431/3116/2222 2446/3146/2237 2447/3149/2000
f 2440/3125/1979 2439/3119/1975 2454/3147/1999 2455/3150/2238
f 2433/3127/2229 2432/3123/2226 2447/3151/2000 2448/3152/2239
f 2441/3129/1983 2440/3125/1979 2455/3150/2238 2456/3153/2003
f 2434/3131/2230 2433/3127/2229 2448/3152/2239 2449/3154/2240
f 2442/3135/1987 2441/3134/1983 2456/3155/2003 2457/3138/1990
f 2435/3137/1989 2434/3131/2230 2449/3154/2240 2450/3140/1992
f 2447/3149/2000 2446/3146/2237 2461/3156/2241 2462/3157/2242
f 2455/3150/2238 2454/3147/1999 2469/3158/2007 2470/3159/2243
f 2448/3152/2239 2447/3151/2000 2462/3160/2242 2463/3161/2244
f 2456/3153/2003 2455/3150/2238 2470/3159/2243 2471/3162/2010
f 2449/3154/2240 2448/3152/2239 2463/3161/2244 2464/3163/2011
f 2457/3138/1990 2456/3155/2003 2471/3164/2010 2472/3165/2245
f 2450/3140/1992 2449/3154/2240 2464/3163/2011 2465/3166/2013
f 2458/3139/2232 2457/3138/1990 2472/3165/2245 2473/3167/2246
f 2451/3141/1993 2450/3140/1992 2465/3166/2013 2466/3168/2247
f 2459/3142/2233 2458/3139/2232 2473/3167/2246 2474/3169/2016
f 2452/3143/2234 2451/3141/1993 2466/3168/2247 2467/3170/2248
f 2460/3144/2235 2459/3142/2233 2474/3169/2016 2475/3171/2249
f 2453/3145/2236 2452/3143/2234 2467/3170/2248 2468/3172/2019
f 2446/3146/2237 2506/3115/1971 2461/3156/2241
f 2672/3117/2223 2460/3144/2235 2475/3171/2249
f 2454/3147/1999 2453/3145/2236 2468/3172/2019 2469/3158/2007
f 2466/3168/2247 2465/3166/2013 2480/3173/2020 2481/3174/2250
f 2474/3169/2016 2473/3167/2246 2488/3175/2251 2489/3176/2023
f 2467/3177/2248 2466/3178/2247 2481/3179/2250 2482/3180/2024
f 2475/3171/2249 2474/3169/2016 2489/3176/2023 2490/3181/2252
f 2468/3182/2019 2467/3177/2248 2482/3180/2024 2483/3183/2026
f 2461/3156/2241 2506/3115/1971 2476/3184/2027
f 2672/3117/2223 2475/3171/2249 2490/3181/2252
f 2469/3185/2007 2468/3182/2019 2483/3183/2026 2484/3186/2028
f 2462/3157/2242 2461/3156/2241 2476/3184/2027 2477/3187/2029
f 2470/3188/2243 2469/3185/2007 2484/3186/2028 2485/3189/2030
f 2463/3161/2244 2462/3160/2242 2477/3190/2029 2478/3191/2253
f 2471/3192/2010 2470/3188/2243 2485/3189/2030 2486/3193/2032
f 2464/3163/2011 2463/3161/2244 2478/3191/2253 2479/3194/2254
f 2472/3195/2245 2471/3192/2010 2486/3193/2032 2487/3196/2255
f 2465/3166/2013 2464/3163/2011 2479/3194/2254 2480/3173/2020
f 2473/3167/2246 2472/3165/2245 2487/3197/2255 2488/3175/2251
f 2485/3189/2030 2484/3186/2028 2499/3198/2035 2500/3199/2256
f 2478/3200/2253 2477/3201/2029 2492/3202/2257 2493/3203/2038
f 2486/3193/2032 2485/3189/2030 2500/3199/2256 2501/3204/2258
f 2479/3205/2254 2478/3200/2253 2493/3203/2038 2494/3206/2040
f 2487/3196/2255 2486/3193/2032 2501/3204/2258 2502/3207/2259
f 2480/3208/2020 2479/3205/2254 2494/3206/2040 2495/3209/2042
f 2488/3175/2251 2487/3197/2255 2502/3210/2259 2503/3211/2260
f 2481/3179/2250 2480/3208/2020 2495/3209/2042 2496/3212/2044
f 2489/3176/2023 2488/3175/2251 2503/3211/2260 2504/3213/2261
f 2482/3180/2024 2481/3179/2250 2496/3212/2044 2497/3214/2046
f 2490/3181/2252 2489/3176/2023 2504/3213/2261 2505/3215/2262
f 2483/3183/2026 2482/3180/2024 2497/3214/2046 2498/3216/2048
f 2476/3184/2027 2506/3115/1971 2491/3217/2263
f 2672/3117/2223 2490/3181/2252 2505/3215/2262
f 2484/3186/2028 2483/3183/2026 2498/3216/2048 2499/3198/2035
f 2477/3187/2029 2476/3184/2027 2491/3217/2263 2492/3218/2257
f 2504/3213/2261 2503/3211/2260 2519/3219/2050 2520/3220/2264
f 2497/3214/2046 2496/3212/2044 2512/3221/2265 2513/3222/2053
f 2505/3215/2262 2504/3213/2261 2520/3220/2264 2521/3223/2266
f 2498/3216/2048 2497/3214/2046 2513/3222/2053 2514/3224/2055
f 2491/3217/2263 2506/3115/1971 2507/3225/2267
f 2672/3117/2223 2505/3215/2262 2521/3223/2266
f 2499/3198/2035 2498/3216/2048 2514/3224/2055 2515/3226/2057
f 2492/3218/2257 2491/3217/2263 2507/3225/2267 2508/3227/2058
f 2500/3199/2256 2499/3198/2035 2515/3226/2057 2516/3228/2059
f 2493/3203/2038 2492/3202/2257 2508/3229/2058 2509/3230/2060
f 2501/3204/2258 2500/3199/2256 2516/3228/2059 2517/3231/2061
f 2494/3206/2040 2493/3203/2038 2509/3230/2060 2510/3232/2062
f 2502/3207/2259 2501/3204/2258 2517/3231/2061 2518/3233/2063
f 2495/3209/2042 2494/3206/2040 2510/3232/2062 2511/3234/2064
f 2503/3235/2260 2502/3207/2259 2518/3233/2063 2519/3236/2050
f 2496/3212/2044 2495/3209/2042 2511/3234/2064 2512/3221/2265
f 2517/3231/2061 2516/3228/2059 2531/3237/2065 2532/3238/2268
f 2510/3232/2062 2509/3230/2060 2524/3239/2067 2525/3240/2068
f 2518/3233/2063 2517/3231/2061 2532/3238/2268 2533/3241/2069
f 2511/3234/2064 2510/3232/2062 2525/3240/2068 2526/3242/2070
f 2519/3236/2050 2518/3233/2063 2533/3241/2069 2534/3243/2269
f 2512/3221/2265 2511/3234/2064 2526/3242/2070 2527/3244/2270
f 2520/3220/2264 2519/3219/2050 2534/3245/2269 2535/3246/2073
f 2513/3222/2053 2512/3221/2265 2527/3244/2270 2528/3247/2074
f 2521/3223/2266 2520/3220/2264 2535/3246/2073 2536/3248/2271
f 2514/3224/2055 2513/3222/2053 2528/3247/2074 2529/3249/2076
f 2507/3225/2267 2506/3115/1971 2522/3250/2272
f 2672/3117/2223 2521/3223/2266 2536/3248/2271
f 2515/3226/2057 2514/3224/2055 2529/3249/2076 2530/3251/2078
f 2508/3227/2058 2507/3225/2267 2522/3250/2272 2523/3252/2079
f 2516/3228/2059 2515/3226/2057 2530/3251/2078 2531/3237/2065
f 2509/3230/2060 2508/3229/2058 2523/3253/2079 2524/3239/2067
f 2536/3248/2271 2535/3246/2073 2550/3254/2273 2551/3255/2274
f 2529/3249/2076 2528/3247/2074 2543/3256/2082 2544/3257/171
f 2522/3250/2272 2506/3115/1971 2537/3258/2083
f 2672/3117/2223 2536/3248/2271 2551/3255/2274
f 2530/3251/2078 2529/3249/2076 2544/3257/171 2545/3259/2084
f 2523/3252/2079 2522/3250/2272 2537/3258/2083 2538/3260/2275
f 2531/3237/2065 2530/3251/2078 2545/3259/2084 2546/3261/2086
f 2524/3239/2067 2523/3253/2079 2538/3262/2275 2539/3263/2276
f 2532/3238/2268 2531/3237/2065 2546/3261/2086 2547/3264/2088
f 2525/3240/2068 2524/3239/2067 2539/3263/2276 2540/3265/2089
f 2533/3241/2069 2532/3238/2268 2547/3264/2088 2548/3266/2277
f 2526/3242/2070 2525/3240/2068 2540/3265/2089 2541/3267/2278
f 2534/3243/2269 2533/3241/2069 2548/3266/2277 2549/3268/2092
f 2527/3244/2270 2526/3242/2070 2541/3267/2278 2542/3269/2279
f 2535/3246/2073 2534/3245/2269 2549/3270/2092 2550/3254/2273
f 2528/3247/2074 2527/3244/2270 2542/3269/2279 2543/3256/2082
f 2540/3265/2089 2539/3263/2276 2554/3271/2280 2555/3272/2281
f 2548/3266/2277 2547/3264/2088 2562/3273/2096 2563/3274/2282
f 2541/3267/2278 2540/3265/2089 2555/3272/2281 2556/3275/2098
f 2549/3268/2092 2548/3266/2277 2563/3274/2282 2564/3276/2099
f 2542/3269/2279 2541/3267/2278 2556/3275/2098 2557/3277/2100
f 2550/3254/2273 2549/3270/2092 2564/3278/2099 2565/3279/2101
f 2543/3256/2082 2542/3269/2279 2557/3277/2100 2558/3280/2102
f 2551/3255/2274 2550/3254/2273 2565/3279/2101 2566/3281/2283
f 2544/3257/171 2543/3256/2082 2558/3280/2102 2559/3282/2104
f 2537/3258/2083 2506/3115/1971 2552/3283/2284
f 2672/3117/2223 2551/3255/2274 2566/3281/2283
f 2545/3259/2084 2544/3257/171 2559/3282/2104 2560/3284/2106
f 2538/3260/2275 2537/3258/2083 2552/3283/2284 2553/3285/2285
f 2546/3261/2086 2545/3259/2084 2560/3284/2106 2561/3286/2108
f 2539/3263/2276 2538/3262/2275 2553/3287/2285 2554/3271/2280
f 2547/3264/2088 2546/3261/2086 2561/3286/2108 2562/3273/2096
f 2559/3282/2104 2558/3280/2102 2573/3288/2286 2574/3289/2110
f 2552/3283/2284 2506/3115/1971 2567/3290/2287
f 2672/3117/2223 2566/3281/2283 2581/3291/2112
f 2560/3284/2106 2559/3282/2104 2574/3289/2110 2575/3292/2288
f 2553/3285/2285 2552/3283/2284 2567/3290/2287 2568/3293/2289
f 2561/3286/2108 2560/3284/2106 2575/3292/2288 2576/3294/2115
f 2554/3295/2280 2553/3285/2285 2568/3293/2289 2569/3296/2116
f 2562/3273/2096 2561/3286/2108 2576/3294/2115 2577/3297/2117
f 2555/3272/2281 2554/3271/2280 2569/3298/2116 2570/3299/2118
f 2563/3274/2282 2562/3273/2096 2577/3297/2117 2578/3300/2119
f 2556/3275/2098 2555/3272/2281 2570/3299/2118 2571/3301/2290
f 2564/3276/2099 2563/3274/2282 2578/3300/2119 2579/3302/2291
f 2557/3277/2100 2556/3275/2098 2571/3301/2290 2572/3303/2122
f 2565/3279/2101 2564/3278/2099 2579/3304/2291 2580/3305/2292
f 2558/3280/2102 2557/3277/2100 2572/3303/2122 2573/3288/2286
f 2566/3281/2283 2565/3279/2101 2580/3305/2292 2581/3291/2112
f 2578/3300/2119 2577/3297/2117 2592/3306/2124 2593/3307/2293
f 2571/3301/2290 2570/3299/2118 2585/3308/2294 2586/3309/2127
f 2579/3302/2291 2578/3300/2119 2593/3307/2293 2594/3310/2128
f 2572/3303/2122 2571/3301/2290 2586/3309/2127 2587/3311/2129
f 2580/3305/2292 2579/3304/2291 2594/3312/2128 2595/3313/2295
f 2573/3288/2286 2572/3303/2122 2587/3311/2129 2588/3314/2131
f 2581/3291/2112 2580/3305/2292 2595/3313/2295 2596/3315/2132
f 2574/3289/2110 2573/3288/2286 2588/3314/2131 2589/3316/2133
f 2567/3290/2287 2506/3115/1971 2582/3317/2296
f 2672/3117/2223 2581/3291/2112 2596/3315/2132
f 2575/3292/2288 2574/3289/2110 2589/3316/2133 2590/3318/2297
f 2568/3293/2289 2567/3290/2287 2582/3317/2296 2583/3319/2136
f 2576/3294/2115 2575/3292/2288 2590/3318/2297 2591/3320/2137
f 2569/3296/2116 2568/3293/2289 2583/3319/2136 2584/3321/2138
f 2577/3297/2117 2576/3294/2115 2591/3320/2137 2592/3306/2124
f 2570/3299/2118 2569/3298/2116 2584/3322/2138 2585/3308/2294
f 2582/3317/2296 2506/3115/1971 2597/3323/2298
f 2672/3117/2223 2596/3315/2132 2611/3324/2299
f 2590/3318/2297 2589/3316/2133 2604/3325/2141 2605/3326/2142
f 2583/3319/2136 2582/3317/2296 2597/3323/2298 2598/3327/2300
f 2591/3320/2137 2590/3318/2297 2605/3326/2142 2606/3328/2144
f 2584/3321/2138 2583/3319/2136 2598/3327/2300 2599/3329/2301
f 2592/3306/2124 2591/3320/2137 2606/3328/2144 2607/3330/2146
f 2585/3331/2294 2584/3321/2138 2599/3329/2301 2600/3332/2302
f 2593/3307/2293 2592/3306/2124 2607/3330/2146 2608/3333/2148
f 2586/3309/2127 2585/3308/2294 2600/3334/2302 2601/3335/2303
f 2594/3312/2128 2593/3336/2293 2608/3337/2148 2609/3338/2150
f 2587/3311/2129 2586/3309/2127 2601/3335/2303 2602/3339/2304
f 2595/3313/2295 2594/3312/2128 2609/3338/2150 2610/3340/2305
f 2588/3314/2131 2587/3311/2129 2602/3339/2304 2603/3341/2153
f 2596/3315/2132 2595/3313/2295 2610/3340/2305 2611/3324/2299
f 2589/3316/2133 2588/3314/2131 2603/3341/2153 2604/3325/2141
f 2601/3342/2303 2600/3332/2302 2615/3343/2306 2616/3344/2307
f 2609/3338/2150 2608/3337/2148 2623/3345/2308 2624/3346/2309
f 2602/3339/2304 2601/3335/2303 2616/3347/2307 2617/3348/2158
f 2610/3340/2305 2609/3338/2150 2624/3346/2309 2625/3349/2310
f 2603/3341/2153 2602/3339/2304 2617/3348/2158 2618/3350/2160
f 2611/3324/2299 2610/3340/2305 2625/3349/2310 2626/3351/2311
f 2604/3325/2141 2603/3341/2153 2618/3350/2160 2619/3352/2162
f 2597/3323/2298 2506/3115/1971 2612/3353/2312
f 2672/3117/2223 2611/3324/2299 2626/3351/2311
f 2605/3326/2142 2604/3325/2141 2619/3352/2162 2620/3354/2313
f 2598/3327/2300 2597/3323/2298 2612/3353/2312 2613/3355/2314
f 2606/3328/2144 2605/3326/2142 2620/3354/2313 2621/3356/2166
f 2599/3329/2301 2598/3327/2300 2613/3355/2314 2614/3357/2167
f 2607/3330/2146 2606/3328/2144 2621/3356/2166 2622/3358/2168
f 2600/3332/2302 2599/3329/2301 2614/3357/2167 2615/3343/2306
f 2608/3359/2148 2607/3360/2146 2622/3361/2168 2623/3362/2308
f 2620/3363/2313 2619/3364/2162 2634/3365/2169 2635/3366/2315
f 2613/3355/2314 2612/3353/2312 2627/3367/2316 2628/3368/2317
f 2621/3369/2166 2620/3363/2313 2635/3366/2315 2636/3370/2173
f 2614/3357/2167 2613/3355/2314 2628/3368/2317 2629/3371/2318
f 2622/3361/2168 2621/3369/2166 2636/3370/2173 2637/3372/2175
f 2615/3343/2306 2614/3357/2167 2629/3371/2318 2630/3373/2319
f 2623/3362/2308 2622/3361/2168 2637/3372/2175 2638/3374/2177
f 2616/3344/2307 2615/3343/2306 2630/3373/2319 2631/3375/2320
f 2624/3376/2309 2623/3362/2308 2638/3374/2177 2639/3377/2179
f 2617/3378/2158 2616/3344/2307 2631/3375/2320 2632/3379/2321
f 2625/3349/2310 2624/3346/2309 2639/3380/2179 2640/3381/2181
f 2618/3382/2160 2617/3378/2158 2632/3379/2321 2633/3383/2322
f 2626/3351/2311 2625/3349/2310 2640/3381/2181 2641/3384/2183
f 2619/3364/2162 2618/3385/2160 2633/3386/2322 2634/3365/2169
f 2612/3353/2312 2506/3115/1971 2627/3367/2316
f 2672/3117/2223 2626/3351/2311 2641/3384/2183
f 2639/3377/2179 2638/3374/2177 2653/3387/2323 2654/3388/2185
f 2632/3379/2321 2631/3375/2320 2646/3389/2324 2647/3390/2187
f 2640/3381/2181 2639/3380/2179 2654/3391/2185 2655/3392/2325
f 2633/3383/2322 2632/3379/2321 2647/3390/2187 2648/3393/2189
f 2641/3384/2183 2640/3381/2181 2655/3392/2325 2656/3394/2326
f 2634/3365/2169 2633/3386/2322 2648/3395/2189 2649/3396/2191
f 2627/3367/2316 2506/3115/1971 2642/3397/2327
f 2672/3117/2223 2641/3384/2183 2656/3394/2326
f 2635/3366/2315 2634/3365/2169 2649/3396/2191 2650/3398/2328
f 2628/3368/2317 2627/3367/2316 2642/3397/2327 2643/3399/2329
f 2636/3370/2173 2635/3366/2315 2650/3398/2328 2651/3400/2195
f 2629/3371/2318 2628/3368/2317 2643/3399/2329 2644/3401/2330
f 2637/3372/2175 2636/3370/2173 2651/3400/2195 2652/3402/2331
f 2630/3373/2319 2629/3371/2318 2644/3401/2330 2645/3403/2332
f 2638/3374/2177 2637/3372/2175 2652/3402/2331 2653/3387/2323
f 2631/3375/2320 2630/3373/2319 2645/3403/2332 2646/3389/2324
f 2651/3400/2195 2650/3398/2328 2665/3404/2199 2666/3405/2200
f 2644/3401/2330 2643/3399/2329 2658/3406/2333 2659/3407/2334
f 2652/3402/2331 2651/3400/2195 2666/3405/2200 2667/3408/2203
f 2645/3403/2332 2644/3401/2330 2659/3407/2334 2660/3409/2335
f 2653/3387/2323 2652/3402/2331 2667/3408/2203 2668/3410/2205
f 2646/3389/2324 2645/3403/2332 2660/3409/2335 2661/3411/2336
f 2654/3388/2185 2653/3387/2323 2668/3410/2205 2669/3412/2207
f 2647/3390/2187 2646/3389/2324 2661/3411/2336 2662/3413/2337
f 2655/3392/2325 2654/3391/2185 2669/3414/2207 2670/3415/2338
f 2648/3393/2189 2647/3390/2187 2662/3413/2337 2663/3416/2210
f 2656/3394/2326 2655/3392/2325 2670/3415/2338 2671/3417/2339
f 2649/3396/2191 2648/3395/2189 2663/3418/2210 2664/3419/2340
f 2642/3397/2327 2506/3115/1971 2657/3420/2341
f 2672/3117/2223 2656/3394/2326 2671/3417/2339
f 2650/3398/2328 2649/3396/2191 2664/3419/2340 2665/3404/2199
f 2643/3399/2329 2642/3397/2327 2657/3420/2341 2658/3406/2333
